ISO-10303-21;
HEADER;
/* Generated by software containing ST-Developer
 * from STEP Tools, Inc. (www.steptools.com) 
 */

FILE_DESCRIPTION(
/* description */ (''),
/* implementation_level */ '2;1');

FILE_NAME(
/* name */ 'classic-track.step',
/* time_stamp */ '2026-09-15T23:18:56+04:00',
/* author */ (''),
/* organization */ (''),
/* preprocessor_version */ 'ST-DEVELOPER v20.2',
/* originating_system */ 'Autodesk Translation Framework v15.15.0.0',
/* authorisation */ '');

FILE_SCHEMA (('AUTOMOTIVE_DESIGN { 1 0 10303 214 3 1 1 }'));
ENDSEC;

DATA;
#10=MECHANICAL_DESIGN_GEOMETRIC_PRESENTATION_REPRESENTATION('',(#13,#14),
#2424);
#11=SHAPE_REPRESENTATION_RELATIONSHIP('SRR','None',#2431,#12);
#12=ADVANCED_BREP_SHAPE_REPRESENTATION('',(#15,#16),#2423);
#13=STYLED_ITEM('',(#2440),#15);
#14=STYLED_ITEM('',(#2440),#16);
#15=MANIFOLD_SOLID_BREP('track-normal',#1483);
#16=MANIFOLD_SOLID_BREP('track-reflected',#1484);
#17=FACE_BOUND('',#171,.T.);
#18=FACE_BOUND('',#177,.T.);
#19=FACE_BOUND('',#188,.T.);
#20=FACE_BOUND('',#191,.T.);
#21=FACE_BOUND('',#195,.T.);
#22=FACE_BOUND('',#198,.T.);
#23=FACE_BOUND('',#216,.T.);
#24=FACE_BOUND('',#222,.T.);
#25=FACE_BOUND('',#233,.T.);
#26=FACE_BOUND('',#236,.T.);
#27=FACE_BOUND('',#240,.T.);
#28=FACE_BOUND('',#243,.T.);
#29=CIRCLE('',#1507,1.125);
#30=CIRCLE('',#1508,1.125);
#31=CIRCLE('',#1510,1.125);
#32=CIRCLE('',#1511,1.125);
#33=CIRCLE('',#1513,1.);
#34=CIRCLE('',#1514,1.);
#35=CIRCLE('',#1520,2.);
#36=CIRCLE('',#1521,2.);
#37=CIRCLE('',#1527,2.);
#38=CIRCLE('',#1528,2.);
#39=CIRCLE('',#1539,2.);
#40=CIRCLE('',#1540,2.);
#41=CIRCLE('',#1542,2.);
#42=CIRCLE('',#1544,2.);
#43=CIRCLE('',#1548,2.);
#44=CIRCLE('',#1550,2.);
#45=CIRCLE('',#1562,1.125);
#46=CIRCLE('',#1563,1.125);
#47=CIRCLE('',#1565,1.125);
#48=CIRCLE('',#1566,1.125);
#49=CIRCLE('',#1568,1.);
#50=CIRCLE('',#1569,1.);
#51=CIRCLE('',#1575,2.);
#52=CIRCLE('',#1576,2.);
#53=CIRCLE('',#1582,2.);
#54=CIRCLE('',#1583,2.);
#55=CIRCLE('',#1594,2.);
#56=CIRCLE('',#1595,2.);
#57=CIRCLE('',#1597,2.);
#58=CIRCLE('',#1599,2.);
#59=CIRCLE('',#1603,2.);
#60=CIRCLE('',#1605,2.);
#61=CYLINDRICAL_SURFACE('',#1506,1.125);
#62=CYLINDRICAL_SURFACE('',#1509,1.125);
#63=CYLINDRICAL_SURFACE('',#1512,1.);
#64=CYLINDRICAL_SURFACE('',#1541,2.);
#65=CYLINDRICAL_SURFACE('',#1545,2.);
#66=CYLINDRICAL_SURFACE('',#1546,2.);
#67=CYLINDRICAL_SURFACE('',#1549,2.);
#68=CYLINDRICAL_SURFACE('',#1552,2.);
#69=CYLINDRICAL_SURFACE('',#1561,1.125);
#70=CYLINDRICAL_SURFACE('',#1564,1.125);
#71=CYLINDRICAL_SURFACE('',#1567,1.);
#72=CYLINDRICAL_SURFACE('',#1596,2.);
#73=CYLINDRICAL_SURFACE('',#1600,2.);
#74=CYLINDRICAL_SURFACE('',#1601,2.);
#75=CYLINDRICAL_SURFACE('',#1604,2.);
#76=CYLINDRICAL_SURFACE('',#1607,2.);
#77=FACE_OUTER_BOUND('',#155,.T.);
#78=FACE_OUTER_BOUND('',#156,.T.);
#79=FACE_OUTER_BOUND('',#157,.T.);
#80=FACE_OUTER_BOUND('',#158,.T.);
#81=FACE_OUTER_BOUND('',#159,.T.);
#82=FACE_OUTER_BOUND('',#160,.T.);
#83=FACE_OUTER_BOUND('',#161,.T.);
#84=FACE_OUTER_BOUND('',#162,.T.);
#85=FACE_OUTER_BOUND('',#163,.T.);
#86=FACE_OUTER_BOUND('',#164,.T.);
#87=FACE_OUTER_BOUND('',#165,.T.);
#88=FACE_OUTER_BOUND('',#166,.T.);
#89=FACE_OUTER_BOUND('',#167,.T.);
#90=FACE_OUTER_BOUND('',#168,.T.);
#91=FACE_OUTER_BOUND('',#169,.T.);
#92=FACE_OUTER_BOUND('',#170,.T.);
#93=FACE_OUTER_BOUND('',#172,.T.);
#94=FACE_OUTER_BOUND('',#173,.T.);
#95=FACE_OUTER_BOUND('',#174,.T.);
#96=FACE_OUTER_BOUND('',#175,.T.);
#97=FACE_OUTER_BOUND('',#176,.T.);
#98=FACE_OUTER_BOUND('',#178,.T.);
#99=FACE_OUTER_BOUND('',#179,.T.);
#100=FACE_OUTER_BOUND('',#180,.T.);
#101=FACE_OUTER_BOUND('',#181,.T.);
#102=FACE_OUTER_BOUND('',#182,.T.);
#103=FACE_OUTER_BOUND('',#183,.T.);
#104=FACE_OUTER_BOUND('',#184,.T.);
#105=FACE_OUTER_BOUND('',#185,.T.);
#106=FACE_OUTER_BOUND('',#186,.T.);
#107=FACE_OUTER_BOUND('',#187,.T.);
#108=FACE_OUTER_BOUND('',#189,.T.);
#109=FACE_OUTER_BOUND('',#190,.T.);
#110=FACE_OUTER_BOUND('',#192,.T.);
#111=FACE_OUTER_BOUND('',#193,.T.);
#112=FACE_OUTER_BOUND('',#194,.T.);
#113=FACE_OUTER_BOUND('',#196,.T.);
#114=FACE_OUTER_BOUND('',#197,.T.);
#115=FACE_OUTER_BOUND('',#199,.T.);
#116=FACE_OUTER_BOUND('',#200,.T.);
#117=FACE_OUTER_BOUND('',#201,.T.);
#118=FACE_OUTER_BOUND('',#202,.T.);
#119=FACE_OUTER_BOUND('',#203,.T.);
#120=FACE_OUTER_BOUND('',#204,.T.);
#121=FACE_OUTER_BOUND('',#205,.T.);
#122=FACE_OUTER_BOUND('',#206,.T.);
#123=FACE_OUTER_BOUND('',#207,.T.);
#124=FACE_OUTER_BOUND('',#208,.T.);
#125=FACE_OUTER_BOUND('',#209,.T.);
#126=FACE_OUTER_BOUND('',#210,.T.);
#127=FACE_OUTER_BOUND('',#211,.T.);
#128=FACE_OUTER_BOUND('',#212,.T.);
#129=FACE_OUTER_BOUND('',#213,.T.);
#130=FACE_OUTER_BOUND('',#214,.T.);
#131=FACE_OUTER_BOUND('',#215,.T.);
#132=FACE_OUTER_BOUND('',#217,.T.);
#133=FACE_OUTER_BOUND('',#218,.T.);
#134=FACE_OUTER_BOUND('',#219,.T.);
#135=FACE_OUTER_BOUND('',#220,.T.);
#136=FACE_OUTER_BOUND('',#221,.T.);
#137=FACE_OUTER_BOUND('',#223,.T.);
#138=FACE_OUTER_BOUND('',#224,.T.);
#139=FACE_OUTER_BOUND('',#225,.T.);
#140=FACE_OUTER_BOUND('',#226,.T.);
#141=FACE_OUTER_BOUND('',#227,.T.);
#142=FACE_OUTER_BOUND('',#228,.T.);
#143=FACE_OUTER_BOUND('',#229,.T.);
#144=FACE_OUTER_BOUND('',#230,.T.);
#145=FACE_OUTER_BOUND('',#231,.T.);
#146=FACE_OUTER_BOUND('',#232,.T.);
#147=FACE_OUTER_BOUND('',#234,.T.);
#148=FACE_OUTER_BOUND('',#235,.T.);
#149=FACE_OUTER_BOUND('',#237,.T.);
#150=FACE_OUTER_BOUND('',#238,.T.);
#151=FACE_OUTER_BOUND('',#239,.T.);
#152=FACE_OUTER_BOUND('',#241,.T.);
#153=FACE_OUTER_BOUND('',#242,.T.);
#154=FACE_OUTER_BOUND('',#244,.T.);
#155=EDGE_LOOP('',(#931,#932,#933,#934));
#156=EDGE_LOOP('',(#935,#936,#937,#938));
#157=EDGE_LOOP('',(#939,#940,#941,#942));
#158=EDGE_LOOP('',(#943,#944,#945,#946));
#159=EDGE_LOOP('',(#947,#948,#949,#950,#951,#952,#953));
#160=EDGE_LOOP('',(#954,#955,#956,#957,#958,#959,#960));
#161=EDGE_LOOP('',(#961,#962,#963,#964,#965,#966));
#162=EDGE_LOOP('',(#967,#968,#969,#970,#971));
#163=EDGE_LOOP('',(#972,#973,#974,#975));
#164=EDGE_LOOP('',(#976,#977,#978,#979));
#165=EDGE_LOOP('',(#980,#981,#982,#983));
#166=EDGE_LOOP('',(#984,#985,#986,#987));
#167=EDGE_LOOP('',(#988,#989,#990,#991));
#168=EDGE_LOOP('',(#992,#993,#994,#995));
#169=EDGE_LOOP('',(#996,#997,#998,#999));
#170=EDGE_LOOP('',(#1000,#1001,#1002,#1003,#1004,#1005,#1006));
#171=EDGE_LOOP('',(#1007));
#172=EDGE_LOOP('',(#1008,#1009,#1010,#1011,#1012));
#173=EDGE_LOOP('',(#1013,#1014,#1015,#1016));
#174=EDGE_LOOP('',(#1017,#1018,#1019,#1020));
#175=EDGE_LOOP('',(#1021,#1022,#1023,#1024,#1025));
#176=EDGE_LOOP('',(#1026,#1027,#1028,#1029,#1030,#1031,#1032));
#177=EDGE_LOOP('',(#1033));
#178=EDGE_LOOP('',(#1034,#1035,#1036,#1037,#1038));
#179=EDGE_LOOP('',(#1039,#1040,#1041,#1042,#1043,#1044,#1045));
#180=EDGE_LOOP('',(#1046,#1047,#1048,#1049,#1050,#1051,#1052,#1053,#1054,
#1055,#1056,#1057,#1058,#1059,#1060,#1061,#1062));
#181=EDGE_LOOP('',(#1063,#1064,#1065,#1066,#1067));
#182=EDGE_LOOP('',(#1068,#1069,#1070,#1071,#1072));
#183=EDGE_LOOP('',(#1073,#1074,#1075,#1076,#1077,#1078));
#184=EDGE_LOOP('',(#1079,#1080,#1081,#1082,#1083,#1084));
#185=EDGE_LOOP('',(#1085,#1086,#1087,#1088,#1089));
#186=EDGE_LOOP('',(#1090,#1091,#1092,#1093,#1094,#1095,#1096));
#187=EDGE_LOOP('',(#1097,#1098,#1099,#1100));
#188=EDGE_LOOP('',(#1101));
#189=EDGE_LOOP('',(#1102,#1103,#1104,#1105));
#190=EDGE_LOOP('',(#1106,#1107,#1108,#1109));
#191=EDGE_LOOP('',(#1110));
#192=EDGE_LOOP('',(#1111,#1112,#1113,#1114));
#193=EDGE_LOOP('',(#1115,#1116,#1117,#1118));
#194=EDGE_LOOP('',(#1119,#1120,#1121,#1122));
#195=EDGE_LOOP('',(#1123));
#196=EDGE_LOOP('',(#1124,#1125,#1126,#1127));
#197=EDGE_LOOP('',(#1128,#1129,#1130,#1131));
#198=EDGE_LOOP('',(#1132));
#199=EDGE_LOOP('',(#1133,#1134,#1135,#1136));
#200=EDGE_LOOP('',(#1137,#1138,#1139,#1140));
#201=EDGE_LOOP('',(#1141,#1142,#1143,#1144));
#202=EDGE_LOOP('',(#1145,#1146,#1147,#1148));
#203=EDGE_LOOP('',(#1149,#1150,#1151,#1152));
#204=EDGE_LOOP('',(#1153,#1154,#1155,#1156,#1157,#1158,#1159));
#205=EDGE_LOOP('',(#1160,#1161,#1162,#1163,#1164,#1165,#1166));
#206=EDGE_LOOP('',(#1167,#1168,#1169,#1170,#1171,#1172));
#207=EDGE_LOOP('',(#1173,#1174,#1175,#1176,#1177));
#208=EDGE_LOOP('',(#1178,#1179,#1180,#1181));
#209=EDGE_LOOP('',(#1182,#1183,#1184,#1185));
#210=EDGE_LOOP('',(#1186,#1187,#1188,#1189));
#211=EDGE_LOOP('',(#1190,#1191,#1192,#1193));
#212=EDGE_LOOP('',(#1194,#1195,#1196,#1197));
#213=EDGE_LOOP('',(#1198,#1199,#1200,#1201));
#214=EDGE_LOOP('',(#1202,#1203,#1204,#1205));
#215=EDGE_LOOP('',(#1206,#1207,#1208,#1209,#1210,#1211,#1212));
#216=EDGE_LOOP('',(#1213));
#217=EDGE_LOOP('',(#1214,#1215,#1216,#1217,#1218));
#218=EDGE_LOOP('',(#1219,#1220,#1221,#1222));
#219=EDGE_LOOP('',(#1223,#1224,#1225,#1226));
#220=EDGE_LOOP('',(#1227,#1228,#1229,#1230,#1231));
#221=EDGE_LOOP('',(#1232,#1233,#1234,#1235,#1236,#1237,#1238));
#222=EDGE_LOOP('',(#1239));
#223=EDGE_LOOP('',(#1240,#1241,#1242,#1243,#1244));
#224=EDGE_LOOP('',(#1245,#1246,#1247,#1248,#1249,#1250,#1251));
#225=EDGE_LOOP('',(#1252,#1253,#1254,#1255,#1256,#1257,#1258,#1259,#1260,
#1261,#1262,#1263,#1264,#1265,#1266,#1267,#1268));
#226=EDGE_LOOP('',(#1269,#1270,#1271,#1272,#1273));
#227=EDGE_LOOP('',(#1274,#1275,#1276,#1277,#1278));
#228=EDGE_LOOP('',(#1279,#1280,#1281,#1282,#1283,#1284));
#229=EDGE_LOOP('',(#1285,#1286,#1287,#1288,#1289,#1290));
#230=EDGE_LOOP('',(#1291,#1292,#1293,#1294,#1295));
#231=EDGE_LOOP('',(#1296,#1297,#1298,#1299,#1300,#1301,#1302));
#232=EDGE_LOOP('',(#1303,#1304,#1305,#1306));
#233=EDGE_LOOP('',(#1307));
#234=EDGE_LOOP('',(#1308,#1309,#1310,#1311));
#235=EDGE_LOOP('',(#1312,#1313,#1314,#1315));
#236=EDGE_LOOP('',(#1316));
#237=EDGE_LOOP('',(#1317,#1318,#1319,#1320));
#238=EDGE_LOOP('',(#1321,#1322,#1323,#1324));
#239=EDGE_LOOP('',(#1325,#1326,#1327,#1328));
#240=EDGE_LOOP('',(#1329));
#241=EDGE_LOOP('',(#1330,#1331,#1332,#1333));
#242=EDGE_LOOP('',(#1334,#1335,#1336,#1337));
#243=EDGE_LOOP('',(#1338));
#244=EDGE_LOOP('',(#1339,#1340,#1341,#1342));
#245=LINE('',#2008,#419);
#246=LINE('',#2010,#420);
#247=LINE('',#2012,#421);
#248=LINE('',#2013,#422);
#249=LINE('',#2016,#423);
#250=LINE('',#2018,#424);
#251=LINE('',#2019,#425);
#252=LINE('',#2022,#426);
#253=LINE('',#2024,#427);
#254=LINE('',#2025,#428);
#255=LINE('',#2029,#429);
#256=LINE('',#2030,#430);
#257=LINE('',#2031,#431);
#258=LINE('',#2034,#432);
#259=LINE('',#2036,#433);
#260=LINE('',#2038,#434);
#261=LINE('',#2040,#435);
#262=LINE('',#2042,#436);
#263=LINE('',#2043,#437);
#264=LINE('',#2046,#438);
#265=LINE('',#2048,#439);
#266=LINE('',#2050,#440);
#267=LINE('',#2052,#441);
#268=LINE('',#2053,#442);
#269=LINE('',#2056,#443);
#270=LINE('',#2058,#444);
#271=LINE('',#2060,#445);
#272=LINE('',#2061,#446);
#273=LINE('',#2064,#447);
#274=LINE('',#2066,#448);
#275=LINE('',#2067,#449);
#276=LINE('',#2072,#450);
#277=LINE('',#2078,#451);
#278=LINE('',#2084,#452);
#279=LINE('',#2089,#453);
#280=LINE('',#2091,#454);
#281=LINE('',#2093,#455);
#282=LINE('',#2094,#456);
#283=LINE('',#2097,#457);
#284=LINE('',#2099,#458);
#285=LINE('',#2100,#459);
#286=LINE('',#2102,#460);
#287=LINE('',#2103,#461);
#288=LINE('',#2106,#462);
#289=LINE('',#2108,#463);
#290=LINE('',#2109,#464);
#291=LINE('',#2112,#465);
#292=LINE('',#2116,#466);
#293=LINE('',#2119,#467);
#294=LINE('',#2122,#468);
#295=LINE('',#2123,#469);
#296=LINE('',#2126,#470);
#297=LINE('',#2128,#471);
#298=LINE('',#2129,#472);
#299=LINE('',#2133,#473);
#300=LINE('',#2134,#474);
#301=LINE('',#2135,#475);
#302=LINE('',#2138,#476);
#303=LINE('',#2140,#477);
#304=LINE('',#2141,#478);
#305=LINE('',#2144,#479);
#306=LINE('',#2146,#480);
#307=LINE('',#2150,#481);
#308=LINE('',#2153,#482);
#309=LINE('',#2154,#483);
#310=LINE('',#2156,#484);
#311=LINE('',#2158,#485);
#312=LINE('',#2159,#486);
#313=LINE('',#2162,#487);
#314=LINE('',#2164,#488);
#315=LINE('',#2165,#489);
#316=LINE('',#2167,#490);
#317=LINE('',#2169,#491);
#318=LINE('',#2171,#492);
#319=LINE('',#2173,#493);
#320=LINE('',#2174,#494);
#321=LINE('',#2176,#495);
#322=LINE('',#2177,#496);
#323=LINE('',#2181,#497);
#324=LINE('',#2182,#498);
#325=LINE('',#2185,#499);
#326=LINE('',#2186,#500);
#327=LINE('',#2189,#501);
#328=LINE('',#2190,#502);
#329=LINE('',#2194,#503);
#330=LINE('',#2196,#504);
#331=LINE('',#2197,#505);
#332=LINE('',#2216,#506);
#333=LINE('',#2218,#507);
#334=LINE('',#2220,#508);
#335=LINE('',#2221,#509);
#336=LINE('',#2224,#510);
#337=LINE('',#2226,#511);
#338=LINE('',#2227,#512);
#339=LINE('',#2230,#513);
#340=LINE('',#2232,#514);
#341=LINE('',#2233,#515);
#342=LINE('',#2237,#516);
#343=LINE('',#2238,#517);
#344=LINE('',#2239,#518);
#345=LINE('',#2242,#519);
#346=LINE('',#2244,#520);
#347=LINE('',#2246,#521);
#348=LINE('',#2248,#522);
#349=LINE('',#2250,#523);
#350=LINE('',#2251,#524);
#351=LINE('',#2254,#525);
#352=LINE('',#2256,#526);
#353=LINE('',#2258,#527);
#354=LINE('',#2260,#528);
#355=LINE('',#2261,#529);
#356=LINE('',#2264,#530);
#357=LINE('',#2266,#531);
#358=LINE('',#2268,#532);
#359=LINE('',#2269,#533);
#360=LINE('',#2272,#534);
#361=LINE('',#2274,#535);
#362=LINE('',#2275,#536);
#363=LINE('',#2280,#537);
#364=LINE('',#2286,#538);
#365=LINE('',#2292,#539);
#366=LINE('',#2297,#540);
#367=LINE('',#2299,#541);
#368=LINE('',#2301,#542);
#369=LINE('',#2302,#543);
#370=LINE('',#2305,#544);
#371=LINE('',#2307,#545);
#372=LINE('',#2308,#546);
#373=LINE('',#2310,#547);
#374=LINE('',#2311,#548);
#375=LINE('',#2314,#549);
#376=LINE('',#2316,#550);
#377=LINE('',#2317,#551);
#378=LINE('',#2320,#552);
#379=LINE('',#2324,#553);
#380=LINE('',#2327,#554);
#381=LINE('',#2330,#555);
#382=LINE('',#2331,#556);
#383=LINE('',#2334,#557);
#384=LINE('',#2336,#558);
#385=LINE('',#2337,#559);
#386=LINE('',#2341,#560);
#387=LINE('',#2342,#561);
#388=LINE('',#2343,#562);
#389=LINE('',#2346,#563);
#390=LINE('',#2348,#564);
#391=LINE('',#2349,#565);
#392=LINE('',#2354,#566);
#393=LINE('',#2358,#567);
#394=LINE('',#2359,#568);
#395=LINE('',#2361,#569);
#396=LINE('',#2362,#570);
#397=LINE('',#2365,#571);
#398=LINE('',#2366,#572);
#399=LINE('',#2367,#573);
#400=LINE('',#2370,#574);
#401=LINE('',#2371,#575);
#402=LINE('',#2373,#576);
#403=LINE('',#2375,#577);
#404=LINE('',#2377,#578);
#405=LINE('',#2379,#579);
#406=LINE('',#2380,#580);
#407=LINE('',#2382,#581);
#408=LINE('',#2384,#582);
#409=LINE('',#2385,#583);
#410=LINE('',#2389,#584);
#411=LINE('',#2390,#585);
#412=LINE('',#2393,#586);
#413=LINE('',#2394,#587);
#414=LINE('',#2397,#588);
#415=LINE('',#2398,#589);
#416=LINE('',#2402,#590);
#417=LINE('',#2404,#591);
#418=LINE('',#2405,#592);
#419=VECTOR('',#1612,10.);
#420=VECTOR('',#1613,15.4051913059358);
#421=VECTOR('',#1614,0.952627939951922);
#422=VECTOR('',#1615,15.4051913059358);
#423=VECTOR('',#1618,16.3244301256933);
#424=VECTOR('',#1619,16.3244301256933);
#425=VECTOR('',#1620,0.952627939951922);
#426=VECTOR('',#1623,16.3244301256933);
#427=VECTOR('',#1624,16.3244301256933);
#428=VECTOR('',#1625,0.952627939951922);
#429=VECTOR('',#1628,10.);
#430=VECTOR('',#1629,15.4051913059358);
#431=VECTOR('',#1630,15.4051913059358);
#432=VECTOR('',#1633,246900.);
#433=VECTOR('',#1634,246899.999934863);
#434=VECTOR('',#1635,246900.);
#435=VECTOR('',#1636,246899.999918908);
#436=VECTOR('',#1637,246899.999934863);
#437=VECTOR('',#1638,246900.);
#438=VECTOR('',#1641,246900.);
#439=VECTOR('',#1642,246899.999934863);
#440=VECTOR('',#1643,246899.999918908);
#441=VECTOR('',#1644,246900.);
#442=VECTOR('',#1645,246899.999934863);
#443=VECTOR('',#1648,246900.);
#444=VECTOR('',#1649,246899.999934863);
#445=VECTOR('',#1650,246900.);
#446=VECTOR('',#1651,246899.999934863);
#447=VECTOR('',#1654,246900.);
#448=VECTOR('',#1655,246900.);
#449=VECTOR('',#1656,246900.);
#450=VECTOR('',#1661,1.125);
#451=VECTOR('',#1668,1.125);
#452=VECTOR('',#1675,1.);
#453=VECTOR('',#1680,246899.999918908);
#454=VECTOR('',#1681,18.9896707);
#455=VECTOR('',#1682,3.37749906889069);
#456=VECTOR('',#1683,18.9896707);
#457=VECTOR('',#1686,19.04002);
#458=VECTOR('',#1687,19.04002);
#459=VECTOR('',#1688,3.37749906889069);
#460=VECTOR('',#1691,18.7009327);
#461=VECTOR('',#1692,18.7009327);
#462=VECTOR('',#1695,246900.);
#463=VECTOR('',#1696,246900.);
#464=VECTOR('',#1697,246900.);
#465=VECTOR('',#1700,246900.);
#466=VECTOR('',#1703,246900.);
#467=VECTOR('',#1706,246900.);
#468=VECTOR('',#1709,246900.);
#469=VECTOR('',#1710,24.40002);
#470=VECTOR('',#1713,18.7009327);
#471=VECTOR('',#1714,3.37749906889069);
#472=VECTOR('',#1715,18.7009327);
#473=VECTOR('',#1718,246899.999934863);
#474=VECTOR('',#1719,19.04002);
#475=VECTOR('',#1720,19.04002);
#476=VECTOR('',#1723,246900.);
#477=VECTOR('',#1724,24.40002);
#478=VECTOR('',#1725,246900.);
#479=VECTOR('',#1728,246900.);
#480=VECTOR('',#1729,246900.);
#481=VECTOR('',#1732,246900.);
#482=VECTOR('',#1737,246900.);
#483=VECTOR('',#1738,246900.);
#484=VECTOR('',#1741,246899.999934863);
#485=VECTOR('',#1742,246899.999934863);
#486=VECTOR('',#1743,246900.);
#487=VECTOR('',#1746,246900.);
#488=VECTOR('',#1747,246900.);
#489=VECTOR('',#1748,24.40002);
#490=VECTOR('',#1749,24.40002);
#491=VECTOR('',#1750,246900.);
#492=VECTOR('',#1751,20.40002);
#493=VECTOR('',#1752,246900.);
#494=VECTOR('',#1753,24.40002);
#495=VECTOR('',#1754,24.40002);
#496=VECTOR('',#1755,246900.);
#497=VECTOR('',#1760,246900.);
#498=VECTOR('',#1761,246900.);
#499=VECTOR('',#1764,24.40002);
#500=VECTOR('',#1765,246900.);
#501=VECTOR('',#1768,246900.);
#502=VECTOR('',#1769,24.40002);
#503=VECTOR('',#1774,246900.);
#504=VECTOR('',#1775,20.40002);
#505=VECTOR('',#1776,246900.);
#506=VECTOR('',#1809,10.);
#507=VECTOR('',#1810,15.4051913059358);
#508=VECTOR('',#1811,0.952627939951922);
#509=VECTOR('',#1812,15.4051913059358);
#510=VECTOR('',#1815,16.3244301256933);
#511=VECTOR('',#1816,0.952627939951922);
#512=VECTOR('',#1817,16.3244301256933);
#513=VECTOR('',#1820,16.3244301256933);
#514=VECTOR('',#1821,0.952627939951922);
#515=VECTOR('',#1822,16.3244301256933);
#516=VECTOR('',#1825,10.);
#517=VECTOR('',#1826,15.4051913059358);
#518=VECTOR('',#1827,15.4051913059358);
#519=VECTOR('',#1830,246900.);
#520=VECTOR('',#1831,246899.999934863);
#521=VECTOR('',#1832,246899.999918908);
#522=VECTOR('',#1833,246900.);
#523=VECTOR('',#1834,246899.999934863);
#524=VECTOR('',#1835,246900.);
#525=VECTOR('',#1838,246899.999934863);
#526=VECTOR('',#1839,246900.);
#527=VECTOR('',#1840,246899.999918908);
#528=VECTOR('',#1841,246899.999934863);
#529=VECTOR('',#1842,246900.);
#530=VECTOR('',#1845,246899.999934863);
#531=VECTOR('',#1846,246900.);
#532=VECTOR('',#1847,246899.999934863);
#533=VECTOR('',#1848,246900.);
#534=VECTOR('',#1851,246900.);
#535=VECTOR('',#1852,246900.);
#536=VECTOR('',#1853,246900.);
#537=VECTOR('',#1858,1.125);
#538=VECTOR('',#1865,1.125);
#539=VECTOR('',#1872,1.);
#540=VECTOR('',#1877,246899.999918908);
#541=VECTOR('',#1878,18.9896707);
#542=VECTOR('',#1879,3.37749906889069);
#543=VECTOR('',#1880,18.9896707);
#544=VECTOR('',#1883,19.04002);
#545=VECTOR('',#1884,3.37749906889069);
#546=VECTOR('',#1885,19.04002);
#547=VECTOR('',#1888,18.7009327);
#548=VECTOR('',#1889,18.7009327);
#549=VECTOR('',#1892,246900.);
#550=VECTOR('',#1893,246900.);
#551=VECTOR('',#1894,246900.);
#552=VECTOR('',#1897,246900.);
#553=VECTOR('',#1900,246900.);
#554=VECTOR('',#1903,246900.);
#555=VECTOR('',#1906,24.40002);
#556=VECTOR('',#1907,246900.);
#557=VECTOR('',#1910,18.7009327);
#558=VECTOR('',#1911,3.37749906889069);
#559=VECTOR('',#1912,18.7009327);
#560=VECTOR('',#1915,246899.999934863);
#561=VECTOR('',#1916,19.04002);
#562=VECTOR('',#1917,19.04002);
#563=VECTOR('',#1920,246900.);
#564=VECTOR('',#1921,24.40002);
#565=VECTOR('',#1922,246900.);
#566=VECTOR('',#1927,246900.);
#567=VECTOR('',#1930,246900.);
#568=VECTOR('',#1931,246900.);
#569=VECTOR('',#1934,246900.);
#570=VECTOR('',#1935,246900.);
#571=VECTOR('',#1938,246900.);
#572=VECTOR('',#1939,246899.999934863);
#573=VECTOR('',#1940,246899.999934863);
#574=VECTOR('',#1943,246900.);
#575=VECTOR('',#1944,24.40002);
#576=VECTOR('',#1945,24.40002);
#577=VECTOR('',#1946,246900.);
#578=VECTOR('',#1947,20.40002);
#579=VECTOR('',#1948,246900.);
#580=VECTOR('',#1949,24.40002);
#581=VECTOR('',#1950,24.40002);
#582=VECTOR('',#1951,246900.);
#583=VECTOR('',#1952,246900.);
#584=VECTOR('',#1957,246900.);
#585=VECTOR('',#1958,246900.);
#586=VECTOR('',#1961,246900.);
#587=VECTOR('',#1962,24.40002);
#588=VECTOR('',#1965,24.40002);
#589=VECTOR('',#1966,246900.);
#590=VECTOR('',#1971,246900.);
#591=VECTOR('',#1972,20.40002);
#592=VECTOR('',#1973,246900.);
#593=VERTEX_POINT('',#2006);
#594=VERTEX_POINT('',#2007);
#595=VERTEX_POINT('',#2009);
#596=VERTEX_POINT('',#2011);
#597=VERTEX_POINT('',#2015);
#598=VERTEX_POINT('',#2017);
#599=VERTEX_POINT('',#2021);
#600=VERTEX_POINT('',#2023);
#601=VERTEX_POINT('',#2027);
#602=VERTEX_POINT('',#2028);
#603=VERTEX_POINT('',#2033);
#604=VERTEX_POINT('',#2035);
#605=VERTEX_POINT('',#2037);
#606=VERTEX_POINT('',#2039);
#607=VERTEX_POINT('',#2041);
#608=VERTEX_POINT('',#2045);
#609=VERTEX_POINT('',#2047);
#610=VERTEX_POINT('',#2049);
#611=VERTEX_POINT('',#2051);
#612=VERTEX_POINT('',#2055);
#613=VERTEX_POINT('',#2057);
#614=VERTEX_POINT('',#2059);
#615=VERTEX_POINT('',#2063);
#616=VERTEX_POINT('',#2065);
#617=VERTEX_POINT('',#2069);
#618=VERTEX_POINT('',#2071);
#619=VERTEX_POINT('',#2075);
#620=VERTEX_POINT('',#2077);
#621=VERTEX_POINT('',#2081);
#622=VERTEX_POINT('',#2083);
#623=VERTEX_POINT('',#2087);
#624=VERTEX_POINT('',#2088);
#625=VERTEX_POINT('',#2090);
#626=VERTEX_POINT('',#2092);
#627=VERTEX_POINT('',#2096);
#628=VERTEX_POINT('',#2098);
#629=VERTEX_POINT('',#2105);
#630=VERTEX_POINT('',#2107);
#631=VERTEX_POINT('',#2111);
#632=VERTEX_POINT('',#2113);
#633=VERTEX_POINT('',#2115);
#634=VERTEX_POINT('',#2117);
#635=VERTEX_POINT('',#2121);
#636=VERTEX_POINT('',#2125);
#637=VERTEX_POINT('',#2127);
#638=VERTEX_POINT('',#2131);
#639=VERTEX_POINT('',#2132);
#640=VERTEX_POINT('',#2137);
#641=VERTEX_POINT('',#2139);
#642=VERTEX_POINT('',#2143);
#643=VERTEX_POINT('',#2145);
#644=VERTEX_POINT('',#2147);
#645=VERTEX_POINT('',#2149);
#646=VERTEX_POINT('',#2157);
#647=VERTEX_POINT('',#2161);
#648=VERTEX_POINT('',#2163);
#649=VERTEX_POINT('',#2166);
#650=VERTEX_POINT('',#2168);
#651=VERTEX_POINT('',#2170);
#652=VERTEX_POINT('',#2172);
#653=VERTEX_POINT('',#2175);
#654=VERTEX_POINT('',#2180);
#655=VERTEX_POINT('',#2184);
#656=VERTEX_POINT('',#2188);
#657=VERTEX_POINT('',#2193);
#658=VERTEX_POINT('',#2195);
#659=VERTEX_POINT('',#2214);
#660=VERTEX_POINT('',#2215);
#661=VERTEX_POINT('',#2217);
#662=VERTEX_POINT('',#2219);
#663=VERTEX_POINT('',#2223);
#664=VERTEX_POINT('',#2225);
#665=VERTEX_POINT('',#2229);
#666=VERTEX_POINT('',#2231);
#667=VERTEX_POINT('',#2235);
#668=VERTEX_POINT('',#2236);
#669=VERTEX_POINT('',#2241);
#670=VERTEX_POINT('',#2243);
#671=VERTEX_POINT('',#2245);
#672=VERTEX_POINT('',#2247);
#673=VERTEX_POINT('',#2249);
#674=VERTEX_POINT('',#2253);
#675=VERTEX_POINT('',#2255);
#676=VERTEX_POINT('',#2257);
#677=VERTEX_POINT('',#2259);
#678=VERTEX_POINT('',#2263);
#679=VERTEX_POINT('',#2265);
#680=VERTEX_POINT('',#2267);
#681=VERTEX_POINT('',#2271);
#682=VERTEX_POINT('',#2273);
#683=VERTEX_POINT('',#2277);
#684=VERTEX_POINT('',#2279);
#685=VERTEX_POINT('',#2283);
#686=VERTEX_POINT('',#2285);
#687=VERTEX_POINT('',#2289);
#688=VERTEX_POINT('',#2291);
#689=VERTEX_POINT('',#2295);
#690=VERTEX_POINT('',#2296);
#691=VERTEX_POINT('',#2298);
#692=VERTEX_POINT('',#2300);
#693=VERTEX_POINT('',#2304);
#694=VERTEX_POINT('',#2306);
#695=VERTEX_POINT('',#2313);
#696=VERTEX_POINT('',#2315);
#697=VERTEX_POINT('',#2319);
#698=VERTEX_POINT('',#2321);
#699=VERTEX_POINT('',#2323);
#700=VERTEX_POINT('',#2325);
#701=VERTEX_POINT('',#2329);
#702=VERTEX_POINT('',#2333);
#703=VERTEX_POINT('',#2335);
#704=VERTEX_POINT('',#2339);
#705=VERTEX_POINT('',#2340);
#706=VERTEX_POINT('',#2345);
#707=VERTEX_POINT('',#2347);
#708=VERTEX_POINT('',#2351);
#709=VERTEX_POINT('',#2353);
#710=VERTEX_POINT('',#2355);
#711=VERTEX_POINT('',#2357);
#712=VERTEX_POINT('',#2364);
#713=VERTEX_POINT('',#2369);
#714=VERTEX_POINT('',#2372);
#715=VERTEX_POINT('',#2374);
#716=VERTEX_POINT('',#2376);
#717=VERTEX_POINT('',#2378);
#718=VERTEX_POINT('',#2381);
#719=VERTEX_POINT('',#2383);
#720=VERTEX_POINT('',#2388);
#721=VERTEX_POINT('',#2392);
#722=VERTEX_POINT('',#2396);
#723=VERTEX_POINT('',#2401);
#724=VERTEX_POINT('',#2403);
#725=EDGE_CURVE('',#593,#594,#245,.T.);
#726=EDGE_CURVE('',#594,#595,#246,.T.);
#727=EDGE_CURVE('',#595,#596,#247,.T.);
#728=EDGE_CURVE('',#596,#593,#248,.T.);
#729=EDGE_CURVE('',#597,#596,#249,.T.);
#730=EDGE_CURVE('',#595,#598,#250,.T.);
#731=EDGE_CURVE('',#598,#597,#251,.T.);
#732=EDGE_CURVE('',#599,#597,#252,.T.);
#733=EDGE_CURVE('',#598,#600,#253,.T.);
#734=EDGE_CURVE('',#600,#599,#254,.T.);
#735=EDGE_CURVE('',#601,#602,#255,.T.);
#736=EDGE_CURVE('',#602,#599,#256,.T.);
#737=EDGE_CURVE('',#600,#601,#257,.T.);
#738=EDGE_CURVE('',#603,#598,#258,.T.);
#739=EDGE_CURVE('',#604,#603,#259,.T.);
#740=EDGE_CURVE('',#605,#604,#260,.T.);
#741=EDGE_CURVE('',#606,#605,#261,.T.);
#742=EDGE_CURVE('',#607,#606,#262,.T.);
#743=EDGE_CURVE('',#607,#600,#263,.T.);
#744=EDGE_CURVE('',#608,#595,#264,.T.);
#745=EDGE_CURVE('',#609,#608,#265,.T.);
#746=EDGE_CURVE('',#610,#609,#266,.T.);
#747=EDGE_CURVE('',#611,#610,#267,.T.);
#748=EDGE_CURVE('',#603,#611,#268,.T.);
#749=EDGE_CURVE('',#612,#594,#269,.T.);
#750=EDGE_CURVE('',#613,#612,#270,.T.);
#751=EDGE_CURVE('',#614,#613,#271,.T.);
#752=EDGE_CURVE('',#608,#614,#272,.T.);
#753=EDGE_CURVE('',#615,#593,#273,.T.);
#754=EDGE_CURVE('',#615,#616,#274,.T.);
#755=EDGE_CURVE('',#616,#612,#275,.T.);
#756=EDGE_CURVE('',#617,#617,#29,.T.);
#757=EDGE_CURVE('',#617,#618,#276,.T.);
#758=EDGE_CURVE('',#618,#618,#30,.T.);
#759=EDGE_CURVE('',#619,#619,#31,.T.);
#760=EDGE_CURVE('',#619,#620,#277,.T.);
#761=EDGE_CURVE('',#620,#620,#32,.T.);
#762=EDGE_CURVE('',#621,#621,#33,.T.);
#763=EDGE_CURVE('',#621,#622,#278,.T.);
#764=EDGE_CURVE('',#622,#622,#34,.T.);
#765=EDGE_CURVE('',#623,#624,#279,.T.);
#766=EDGE_CURVE('',#624,#625,#280,.T.);
#767=EDGE_CURVE('',#625,#626,#281,.T.);
#768=EDGE_CURVE('',#626,#623,#282,.T.);
#769=EDGE_CURVE('',#627,#626,#283,.T.);
#770=EDGE_CURVE('',#625,#628,#284,.T.);
#771=EDGE_CURVE('',#628,#627,#285,.T.);
#772=EDGE_CURVE('',#605,#627,#286,.T.);
#773=EDGE_CURVE('',#628,#606,#287,.T.);
#774=EDGE_CURVE('',#629,#626,#288,.T.);
#775=EDGE_CURVE('',#630,#629,#289,.T.);
#776=EDGE_CURVE('',#630,#623,#290,.T.);
#777=EDGE_CURVE('',#627,#631,#291,.T.);
#778=EDGE_CURVE('',#632,#631,#35,.T.);
#779=EDGE_CURVE('',#633,#632,#292,.T.);
#780=EDGE_CURVE('',#634,#633,#36,.T.);
#781=EDGE_CURVE('',#634,#629,#293,.T.);
#782=EDGE_CURVE('',#635,#604,#294,.T.);
#783=EDGE_CURVE('',#631,#635,#295,.T.);
#784=EDGE_CURVE('',#609,#636,#296,.T.);
#785=EDGE_CURVE('',#636,#637,#297,.T.);
#786=EDGE_CURVE('',#637,#610,#298,.T.);
#787=EDGE_CURVE('',#638,#639,#299,.T.);
#788=EDGE_CURVE('',#639,#637,#300,.T.);
#789=EDGE_CURVE('',#636,#638,#301,.T.);
#790=EDGE_CURVE('',#637,#640,#302,.T.);
#791=EDGE_CURVE('',#641,#640,#303,.T.);
#792=EDGE_CURVE('',#611,#641,#304,.T.);
#793=EDGE_CURVE('',#642,#639,#305,.T.);
#794=EDGE_CURVE('',#642,#643,#306,.T.);
#795=EDGE_CURVE('',#644,#643,#37,.T.);
#796=EDGE_CURVE('',#645,#644,#307,.T.);
#797=EDGE_CURVE('',#640,#645,#38,.T.);
#798=EDGE_CURVE('',#614,#638,#308,.T.);
#799=EDGE_CURVE('',#642,#613,#309,.T.);
#800=EDGE_CURVE('',#624,#607,#310,.T.);
#801=EDGE_CURVE('',#646,#630,#311,.T.);
#802=EDGE_CURVE('',#601,#646,#312,.T.);
#803=EDGE_CURVE('',#602,#647,#313,.T.);
#804=EDGE_CURVE('',#647,#648,#314,.T.);
#805=EDGE_CURVE('',#633,#648,#315,.T.);
#806=EDGE_CURVE('',#649,#632,#316,.T.);
#807=EDGE_CURVE('',#650,#649,#317,.T.);
#808=EDGE_CURVE('',#651,#650,#318,.T.);
#809=EDGE_CURVE('',#651,#652,#319,.T.);
#810=EDGE_CURVE('',#645,#652,#320,.T.);
#811=EDGE_CURVE('',#653,#644,#321,.T.);
#812=EDGE_CURVE('',#653,#615,#322,.T.);
#813=EDGE_CURVE('',#646,#654,#323,.T.);
#814=EDGE_CURVE('',#647,#654,#324,.T.);
#815=EDGE_CURVE('',#655,#634,#325,.T.);
#816=EDGE_CURVE('',#654,#655,#326,.T.);
#817=EDGE_CURVE('',#656,#616,#327,.T.);
#818=EDGE_CURVE('',#643,#656,#328,.T.);
#819=EDGE_CURVE('',#657,#641,#329,.T.);
#820=EDGE_CURVE('',#658,#657,#330,.T.);
#821=EDGE_CURVE('',#635,#658,#331,.T.);
#822=EDGE_CURVE('',#650,#658,#39,.T.);
#823=EDGE_CURVE('',#635,#649,#40,.T.);
#824=EDGE_CURVE('',#657,#651,#41,.T.);
#825=EDGE_CURVE('',#652,#641,#42,.T.);
#826=EDGE_CURVE('',#648,#655,#43,.T.);
#827=EDGE_CURVE('',#656,#653,#44,.T.);
#828=EDGE_CURVE('',#659,#660,#332,.T.);
#829=EDGE_CURVE('',#661,#659,#333,.T.);
#830=EDGE_CURVE('',#662,#661,#334,.T.);
#831=EDGE_CURVE('',#660,#662,#335,.T.);
#832=EDGE_CURVE('',#663,#661,#336,.T.);
#833=EDGE_CURVE('',#664,#663,#337,.T.);
#834=EDGE_CURVE('',#662,#664,#338,.T.);
#835=EDGE_CURVE('',#665,#663,#339,.T.);
#836=EDGE_CURVE('',#666,#665,#340,.T.);
#837=EDGE_CURVE('',#664,#666,#341,.T.);
#838=EDGE_CURVE('',#667,#668,#342,.T.);
#839=EDGE_CURVE('',#666,#667,#343,.T.);
#840=EDGE_CURVE('',#668,#665,#344,.T.);
#841=EDGE_CURVE('',#669,#666,#345,.T.);
#842=EDGE_CURVE('',#669,#670,#346,.T.);
#843=EDGE_CURVE('',#670,#671,#347,.T.);
#844=EDGE_CURVE('',#671,#672,#348,.T.);
#845=EDGE_CURVE('',#672,#673,#349,.T.);
#846=EDGE_CURVE('',#673,#664,#350,.T.);
#847=EDGE_CURVE('',#673,#674,#351,.T.);
#848=EDGE_CURVE('',#674,#675,#352,.T.);
#849=EDGE_CURVE('',#675,#676,#353,.T.);
#850=EDGE_CURVE('',#676,#677,#354,.T.);
#851=EDGE_CURVE('',#677,#662,#355,.T.);
#852=EDGE_CURVE('',#677,#678,#356,.T.);
#853=EDGE_CURVE('',#678,#679,#357,.T.);
#854=EDGE_CURVE('',#679,#680,#358,.T.);
#855=EDGE_CURVE('',#680,#660,#359,.T.);
#856=EDGE_CURVE('',#681,#680,#360,.T.);
#857=EDGE_CURVE('',#682,#681,#361,.T.);
#858=EDGE_CURVE('',#682,#659,#362,.T.);
#859=EDGE_CURVE('',#683,#683,#45,.T.);
#860=EDGE_CURVE('',#683,#684,#363,.T.);
#861=EDGE_CURVE('',#684,#684,#46,.T.);
#862=EDGE_CURVE('',#685,#685,#47,.T.);
#863=EDGE_CURVE('',#685,#686,#364,.T.);
#864=EDGE_CURVE('',#686,#686,#48,.T.);
#865=EDGE_CURVE('',#687,#687,#49,.T.);
#866=EDGE_CURVE('',#687,#688,#365,.T.);
#867=EDGE_CURVE('',#688,#688,#50,.T.);
#868=EDGE_CURVE('',#689,#690,#366,.T.);
#869=EDGE_CURVE('',#691,#689,#367,.T.);
#870=EDGE_CURVE('',#692,#691,#368,.T.);
#871=EDGE_CURVE('',#690,#692,#369,.T.);
#872=EDGE_CURVE('',#693,#691,#370,.T.);
#873=EDGE_CURVE('',#694,#693,#371,.T.);
#874=EDGE_CURVE('',#692,#694,#372,.T.);
#875=EDGE_CURVE('',#694,#670,#373,.T.);
#876=EDGE_CURVE('',#671,#693,#374,.T.);
#877=EDGE_CURVE('',#695,#689,#375,.T.);
#878=EDGE_CURVE('',#695,#696,#376,.T.);
#879=EDGE_CURVE('',#696,#691,#377,.T.);
#880=EDGE_CURVE('',#697,#696,#378,.T.);
#881=EDGE_CURVE('',#697,#698,#51,.T.);
#882=EDGE_CURVE('',#698,#699,#379,.T.);
#883=EDGE_CURVE('',#699,#700,#52,.T.);
#884=EDGE_CURVE('',#693,#700,#380,.T.);
#885=EDGE_CURVE('',#700,#701,#381,.T.);
#886=EDGE_CURVE('',#701,#672,#382,.T.);
#887=EDGE_CURVE('',#702,#675,#383,.T.);
#888=EDGE_CURVE('',#703,#702,#384,.T.);
#889=EDGE_CURVE('',#676,#703,#385,.T.);
#890=EDGE_CURVE('',#704,#705,#386,.T.);
#891=EDGE_CURVE('',#703,#704,#387,.T.);
#892=EDGE_CURVE('',#705,#702,#388,.T.);
#893=EDGE_CURVE('',#674,#706,#389,.T.);
#894=EDGE_CURVE('',#706,#707,#390,.T.);
#895=EDGE_CURVE('',#702,#707,#391,.T.);
#896=EDGE_CURVE('',#707,#708,#53,.T.);
#897=EDGE_CURVE('',#708,#709,#392,.T.);
#898=EDGE_CURVE('',#709,#710,#54,.T.);
#899=EDGE_CURVE('',#711,#710,#393,.T.);
#900=EDGE_CURVE('',#711,#705,#394,.T.);
#901=EDGE_CURVE('',#711,#679,#395,.T.);
#902=EDGE_CURVE('',#678,#704,#396,.T.);
#903=EDGE_CURVE('',#667,#712,#397,.T.);
#904=EDGE_CURVE('',#712,#695,#398,.T.);
#905=EDGE_CURVE('',#690,#669,#399,.T.);
#906=EDGE_CURVE('',#713,#682,#400,.T.);
#907=EDGE_CURVE('',#713,#709,#401,.T.);
#908=EDGE_CURVE('',#708,#714,#402,.T.);
#909=EDGE_CURVE('',#715,#714,#403,.T.);
#910=EDGE_CURVE('',#715,#716,#404,.T.);
#911=EDGE_CURVE('',#716,#717,#405,.T.);
#912=EDGE_CURVE('',#717,#699,#406,.T.);
#913=EDGE_CURVE('',#698,#718,#407,.T.);
#914=EDGE_CURVE('',#719,#718,#408,.T.);
#915=EDGE_CURVE('',#668,#719,#409,.T.);
#916=EDGE_CURVE('',#719,#720,#410,.T.);
#917=EDGE_CURVE('',#712,#720,#411,.T.);
#918=EDGE_CURVE('',#720,#721,#412,.T.);
#919=EDGE_CURVE('',#721,#697,#413,.T.);
#920=EDGE_CURVE('',#710,#722,#414,.T.);
#921=EDGE_CURVE('',#722,#681,#415,.T.);
#922=EDGE_CURVE('',#701,#723,#416,.T.);
#923=EDGE_CURVE('',#723,#724,#417,.T.);
#924=EDGE_CURVE('',#724,#706,#418,.T.);
#925=EDGE_CURVE('',#716,#723,#55,.T.);
#926=EDGE_CURVE('',#701,#717,#56,.T.);
#927=EDGE_CURVE('',#724,#715,#57,.T.);
#928=EDGE_CURVE('',#714,#706,#58,.T.);
#929=EDGE_CURVE('',#718,#721,#59,.T.);
#930=EDGE_CURVE('',#722,#713,#60,.T.);
#931=ORIENTED_EDGE('',*,*,#725,.T.);
#932=ORIENTED_EDGE('',*,*,#726,.T.);
#933=ORIENTED_EDGE('',*,*,#727,.T.);
#934=ORIENTED_EDGE('',*,*,#728,.T.);
#935=ORIENTED_EDGE('',*,*,#729,.T.);
#936=ORIENTED_EDGE('',*,*,#727,.F.);
#937=ORIENTED_EDGE('',*,*,#730,.T.);
#938=ORIENTED_EDGE('',*,*,#731,.T.);
#939=ORIENTED_EDGE('',*,*,#732,.T.);
#940=ORIENTED_EDGE('',*,*,#731,.F.);
#941=ORIENTED_EDGE('',*,*,#733,.T.);
#942=ORIENTED_EDGE('',*,*,#734,.T.);
#943=ORIENTED_EDGE('',*,*,#735,.T.);
#944=ORIENTED_EDGE('',*,*,#736,.T.);
#945=ORIENTED_EDGE('',*,*,#734,.F.);
#946=ORIENTED_EDGE('',*,*,#737,.T.);
#947=ORIENTED_EDGE('',*,*,#733,.F.);
#948=ORIENTED_EDGE('',*,*,#738,.F.);
#949=ORIENTED_EDGE('',*,*,#739,.F.);
#950=ORIENTED_EDGE('',*,*,#740,.F.);
#951=ORIENTED_EDGE('',*,*,#741,.F.);
#952=ORIENTED_EDGE('',*,*,#742,.F.);
#953=ORIENTED_EDGE('',*,*,#743,.T.);
#954=ORIENTED_EDGE('',*,*,#730,.F.);
#955=ORIENTED_EDGE('',*,*,#744,.F.);
#956=ORIENTED_EDGE('',*,*,#745,.F.);
#957=ORIENTED_EDGE('',*,*,#746,.F.);
#958=ORIENTED_EDGE('',*,*,#747,.F.);
#959=ORIENTED_EDGE('',*,*,#748,.F.);
#960=ORIENTED_EDGE('',*,*,#738,.T.);
#961=ORIENTED_EDGE('',*,*,#726,.F.);
#962=ORIENTED_EDGE('',*,*,#749,.F.);
#963=ORIENTED_EDGE('',*,*,#750,.F.);
#964=ORIENTED_EDGE('',*,*,#751,.F.);
#965=ORIENTED_EDGE('',*,*,#752,.F.);
#966=ORIENTED_EDGE('',*,*,#744,.T.);
#967=ORIENTED_EDGE('',*,*,#725,.F.);
#968=ORIENTED_EDGE('',*,*,#753,.F.);
#969=ORIENTED_EDGE('',*,*,#754,.T.);
#970=ORIENTED_EDGE('',*,*,#755,.T.);
#971=ORIENTED_EDGE('',*,*,#749,.T.);
#972=ORIENTED_EDGE('',*,*,#756,.F.);
#973=ORIENTED_EDGE('',*,*,#757,.T.);
#974=ORIENTED_EDGE('',*,*,#758,.F.);
#975=ORIENTED_EDGE('',*,*,#757,.F.);
#976=ORIENTED_EDGE('',*,*,#759,.F.);
#977=ORIENTED_EDGE('',*,*,#760,.T.);
#978=ORIENTED_EDGE('',*,*,#761,.F.);
#979=ORIENTED_EDGE('',*,*,#760,.F.);
#980=ORIENTED_EDGE('',*,*,#762,.F.);
#981=ORIENTED_EDGE('',*,*,#763,.T.);
#982=ORIENTED_EDGE('',*,*,#764,.F.);
#983=ORIENTED_EDGE('',*,*,#763,.F.);
#984=ORIENTED_EDGE('',*,*,#765,.T.);
#985=ORIENTED_EDGE('',*,*,#766,.T.);
#986=ORIENTED_EDGE('',*,*,#767,.T.);
#987=ORIENTED_EDGE('',*,*,#768,.T.);
#988=ORIENTED_EDGE('',*,*,#769,.T.);
#989=ORIENTED_EDGE('',*,*,#767,.F.);
#990=ORIENTED_EDGE('',*,*,#770,.T.);
#991=ORIENTED_EDGE('',*,*,#771,.T.);
#992=ORIENTED_EDGE('',*,*,#741,.T.);
#993=ORIENTED_EDGE('',*,*,#772,.T.);
#994=ORIENTED_EDGE('',*,*,#771,.F.);
#995=ORIENTED_EDGE('',*,*,#773,.T.);
#996=ORIENTED_EDGE('',*,*,#768,.F.);
#997=ORIENTED_EDGE('',*,*,#774,.F.);
#998=ORIENTED_EDGE('',*,*,#775,.F.);
#999=ORIENTED_EDGE('',*,*,#776,.T.);
#1000=ORIENTED_EDGE('',*,*,#769,.F.);
#1001=ORIENTED_EDGE('',*,*,#777,.T.);
#1002=ORIENTED_EDGE('',*,*,#778,.F.);
#1003=ORIENTED_EDGE('',*,*,#779,.F.);
#1004=ORIENTED_EDGE('',*,*,#780,.F.);
#1005=ORIENTED_EDGE('',*,*,#781,.T.);
#1006=ORIENTED_EDGE('',*,*,#774,.T.);
#1007=ORIENTED_EDGE('',*,*,#761,.T.);
#1008=ORIENTED_EDGE('',*,*,#772,.F.);
#1009=ORIENTED_EDGE('',*,*,#740,.T.);
#1010=ORIENTED_EDGE('',*,*,#782,.F.);
#1011=ORIENTED_EDGE('',*,*,#783,.F.);
#1012=ORIENTED_EDGE('',*,*,#777,.F.);
#1013=ORIENTED_EDGE('',*,*,#746,.T.);
#1014=ORIENTED_EDGE('',*,*,#784,.T.);
#1015=ORIENTED_EDGE('',*,*,#785,.T.);
#1016=ORIENTED_EDGE('',*,*,#786,.T.);
#1017=ORIENTED_EDGE('',*,*,#787,.T.);
#1018=ORIENTED_EDGE('',*,*,#788,.T.);
#1019=ORIENTED_EDGE('',*,*,#785,.F.);
#1020=ORIENTED_EDGE('',*,*,#789,.T.);
#1021=ORIENTED_EDGE('',*,*,#786,.F.);
#1022=ORIENTED_EDGE('',*,*,#790,.T.);
#1023=ORIENTED_EDGE('',*,*,#791,.F.);
#1024=ORIENTED_EDGE('',*,*,#792,.F.);
#1025=ORIENTED_EDGE('',*,*,#747,.T.);
#1026=ORIENTED_EDGE('',*,*,#788,.F.);
#1027=ORIENTED_EDGE('',*,*,#793,.F.);
#1028=ORIENTED_EDGE('',*,*,#794,.T.);
#1029=ORIENTED_EDGE('',*,*,#795,.F.);
#1030=ORIENTED_EDGE('',*,*,#796,.F.);
#1031=ORIENTED_EDGE('',*,*,#797,.F.);
#1032=ORIENTED_EDGE('',*,*,#790,.F.);
#1033=ORIENTED_EDGE('',*,*,#756,.T.);
#1034=ORIENTED_EDGE('',*,*,#787,.F.);
#1035=ORIENTED_EDGE('',*,*,#798,.F.);
#1036=ORIENTED_EDGE('',*,*,#751,.T.);
#1037=ORIENTED_EDGE('',*,*,#799,.F.);
#1038=ORIENTED_EDGE('',*,*,#793,.T.);
#1039=ORIENTED_EDGE('',*,*,#737,.F.);
#1040=ORIENTED_EDGE('',*,*,#743,.F.);
#1041=ORIENTED_EDGE('',*,*,#800,.F.);
#1042=ORIENTED_EDGE('',*,*,#765,.F.);
#1043=ORIENTED_EDGE('',*,*,#776,.F.);
#1044=ORIENTED_EDGE('',*,*,#801,.F.);
#1045=ORIENTED_EDGE('',*,*,#802,.F.);
#1046=ORIENTED_EDGE('',*,*,#736,.F.);
#1047=ORIENTED_EDGE('',*,*,#803,.T.);
#1048=ORIENTED_EDGE('',*,*,#804,.T.);
#1049=ORIENTED_EDGE('',*,*,#805,.F.);
#1050=ORIENTED_EDGE('',*,*,#779,.T.);
#1051=ORIENTED_EDGE('',*,*,#806,.F.);
#1052=ORIENTED_EDGE('',*,*,#807,.F.);
#1053=ORIENTED_EDGE('',*,*,#808,.F.);
#1054=ORIENTED_EDGE('',*,*,#809,.T.);
#1055=ORIENTED_EDGE('',*,*,#810,.F.);
#1056=ORIENTED_EDGE('',*,*,#796,.T.);
#1057=ORIENTED_EDGE('',*,*,#811,.F.);
#1058=ORIENTED_EDGE('',*,*,#812,.T.);
#1059=ORIENTED_EDGE('',*,*,#753,.T.);
#1060=ORIENTED_EDGE('',*,*,#728,.F.);
#1061=ORIENTED_EDGE('',*,*,#729,.F.);
#1062=ORIENTED_EDGE('',*,*,#732,.F.);
#1063=ORIENTED_EDGE('',*,*,#766,.F.);
#1064=ORIENTED_EDGE('',*,*,#800,.T.);
#1065=ORIENTED_EDGE('',*,*,#742,.T.);
#1066=ORIENTED_EDGE('',*,*,#773,.F.);
#1067=ORIENTED_EDGE('',*,*,#770,.F.);
#1068=ORIENTED_EDGE('',*,*,#735,.F.);
#1069=ORIENTED_EDGE('',*,*,#802,.T.);
#1070=ORIENTED_EDGE('',*,*,#813,.T.);
#1071=ORIENTED_EDGE('',*,*,#814,.F.);
#1072=ORIENTED_EDGE('',*,*,#803,.F.);
#1073=ORIENTED_EDGE('',*,*,#801,.T.);
#1074=ORIENTED_EDGE('',*,*,#775,.T.);
#1075=ORIENTED_EDGE('',*,*,#781,.F.);
#1076=ORIENTED_EDGE('',*,*,#815,.F.);
#1077=ORIENTED_EDGE('',*,*,#816,.F.);
#1078=ORIENTED_EDGE('',*,*,#813,.F.);
#1079=ORIENTED_EDGE('',*,*,#750,.T.);
#1080=ORIENTED_EDGE('',*,*,#755,.F.);
#1081=ORIENTED_EDGE('',*,*,#817,.F.);
#1082=ORIENTED_EDGE('',*,*,#818,.F.);
#1083=ORIENTED_EDGE('',*,*,#794,.F.);
#1084=ORIENTED_EDGE('',*,*,#799,.T.);
#1085=ORIENTED_EDGE('',*,*,#784,.F.);
#1086=ORIENTED_EDGE('',*,*,#745,.T.);
#1087=ORIENTED_EDGE('',*,*,#752,.T.);
#1088=ORIENTED_EDGE('',*,*,#798,.T.);
#1089=ORIENTED_EDGE('',*,*,#789,.F.);
#1090=ORIENTED_EDGE('',*,*,#748,.T.);
#1091=ORIENTED_EDGE('',*,*,#792,.T.);
#1092=ORIENTED_EDGE('',*,*,#819,.F.);
#1093=ORIENTED_EDGE('',*,*,#820,.F.);
#1094=ORIENTED_EDGE('',*,*,#821,.F.);
#1095=ORIENTED_EDGE('',*,*,#782,.T.);
#1096=ORIENTED_EDGE('',*,*,#739,.T.);
#1097=ORIENTED_EDGE('',*,*,#822,.F.);
#1098=ORIENTED_EDGE('',*,*,#807,.T.);
#1099=ORIENTED_EDGE('',*,*,#823,.F.);
#1100=ORIENTED_EDGE('',*,*,#821,.T.);
#1101=ORIENTED_EDGE('',*,*,#764,.T.);
#1102=ORIENTED_EDGE('',*,*,#824,.T.);
#1103=ORIENTED_EDGE('',*,*,#808,.T.);
#1104=ORIENTED_EDGE('',*,*,#822,.T.);
#1105=ORIENTED_EDGE('',*,*,#820,.T.);
#1106=ORIENTED_EDGE('',*,*,#824,.F.);
#1107=ORIENTED_EDGE('',*,*,#819,.T.);
#1108=ORIENTED_EDGE('',*,*,#825,.F.);
#1109=ORIENTED_EDGE('',*,*,#809,.F.);
#1110=ORIENTED_EDGE('',*,*,#762,.T.);
#1111=ORIENTED_EDGE('',*,*,#797,.T.);
#1112=ORIENTED_EDGE('',*,*,#810,.T.);
#1113=ORIENTED_EDGE('',*,*,#825,.T.);
#1114=ORIENTED_EDGE('',*,*,#791,.T.);
#1115=ORIENTED_EDGE('',*,*,#778,.T.);
#1116=ORIENTED_EDGE('',*,*,#783,.T.);
#1117=ORIENTED_EDGE('',*,*,#823,.T.);
#1118=ORIENTED_EDGE('',*,*,#806,.T.);
#1119=ORIENTED_EDGE('',*,*,#826,.F.);
#1120=ORIENTED_EDGE('',*,*,#804,.F.);
#1121=ORIENTED_EDGE('',*,*,#814,.T.);
#1122=ORIENTED_EDGE('',*,*,#816,.T.);
#1123=ORIENTED_EDGE('',*,*,#759,.T.);
#1124=ORIENTED_EDGE('',*,*,#795,.T.);
#1125=ORIENTED_EDGE('',*,*,#818,.T.);
#1126=ORIENTED_EDGE('',*,*,#827,.T.);
#1127=ORIENTED_EDGE('',*,*,#811,.T.);
#1128=ORIENTED_EDGE('',*,*,#827,.F.);
#1129=ORIENTED_EDGE('',*,*,#817,.T.);
#1130=ORIENTED_EDGE('',*,*,#754,.F.);
#1131=ORIENTED_EDGE('',*,*,#812,.F.);
#1132=ORIENTED_EDGE('',*,*,#758,.T.);
#1133=ORIENTED_EDGE('',*,*,#780,.T.);
#1134=ORIENTED_EDGE('',*,*,#805,.T.);
#1135=ORIENTED_EDGE('',*,*,#826,.T.);
#1136=ORIENTED_EDGE('',*,*,#815,.T.);
#1137=ORIENTED_EDGE('',*,*,#828,.F.);
#1138=ORIENTED_EDGE('',*,*,#829,.F.);
#1139=ORIENTED_EDGE('',*,*,#830,.F.);
#1140=ORIENTED_EDGE('',*,*,#831,.F.);
#1141=ORIENTED_EDGE('',*,*,#832,.F.);
#1142=ORIENTED_EDGE('',*,*,#833,.F.);
#1143=ORIENTED_EDGE('',*,*,#834,.F.);
#1144=ORIENTED_EDGE('',*,*,#830,.T.);
#1145=ORIENTED_EDGE('',*,*,#835,.F.);
#1146=ORIENTED_EDGE('',*,*,#836,.F.);
#1147=ORIENTED_EDGE('',*,*,#837,.F.);
#1148=ORIENTED_EDGE('',*,*,#833,.T.);
#1149=ORIENTED_EDGE('',*,*,#838,.F.);
#1150=ORIENTED_EDGE('',*,*,#839,.F.);
#1151=ORIENTED_EDGE('',*,*,#836,.T.);
#1152=ORIENTED_EDGE('',*,*,#840,.F.);
#1153=ORIENTED_EDGE('',*,*,#837,.T.);
#1154=ORIENTED_EDGE('',*,*,#841,.F.);
#1155=ORIENTED_EDGE('',*,*,#842,.T.);
#1156=ORIENTED_EDGE('',*,*,#843,.T.);
#1157=ORIENTED_EDGE('',*,*,#844,.T.);
#1158=ORIENTED_EDGE('',*,*,#845,.T.);
#1159=ORIENTED_EDGE('',*,*,#846,.T.);
#1160=ORIENTED_EDGE('',*,*,#834,.T.);
#1161=ORIENTED_EDGE('',*,*,#846,.F.);
#1162=ORIENTED_EDGE('',*,*,#847,.T.);
#1163=ORIENTED_EDGE('',*,*,#848,.T.);
#1164=ORIENTED_EDGE('',*,*,#849,.T.);
#1165=ORIENTED_EDGE('',*,*,#850,.T.);
#1166=ORIENTED_EDGE('',*,*,#851,.T.);
#1167=ORIENTED_EDGE('',*,*,#831,.T.);
#1168=ORIENTED_EDGE('',*,*,#851,.F.);
#1169=ORIENTED_EDGE('',*,*,#852,.T.);
#1170=ORIENTED_EDGE('',*,*,#853,.T.);
#1171=ORIENTED_EDGE('',*,*,#854,.T.);
#1172=ORIENTED_EDGE('',*,*,#855,.T.);
#1173=ORIENTED_EDGE('',*,*,#828,.T.);
#1174=ORIENTED_EDGE('',*,*,#855,.F.);
#1175=ORIENTED_EDGE('',*,*,#856,.F.);
#1176=ORIENTED_EDGE('',*,*,#857,.F.);
#1177=ORIENTED_EDGE('',*,*,#858,.T.);
#1178=ORIENTED_EDGE('',*,*,#859,.T.);
#1179=ORIENTED_EDGE('',*,*,#860,.T.);
#1180=ORIENTED_EDGE('',*,*,#861,.T.);
#1181=ORIENTED_EDGE('',*,*,#860,.F.);
#1182=ORIENTED_EDGE('',*,*,#862,.T.);
#1183=ORIENTED_EDGE('',*,*,#863,.T.);
#1184=ORIENTED_EDGE('',*,*,#864,.T.);
#1185=ORIENTED_EDGE('',*,*,#863,.F.);
#1186=ORIENTED_EDGE('',*,*,#865,.T.);
#1187=ORIENTED_EDGE('',*,*,#866,.T.);
#1188=ORIENTED_EDGE('',*,*,#867,.T.);
#1189=ORIENTED_EDGE('',*,*,#866,.F.);
#1190=ORIENTED_EDGE('',*,*,#868,.F.);
#1191=ORIENTED_EDGE('',*,*,#869,.F.);
#1192=ORIENTED_EDGE('',*,*,#870,.F.);
#1193=ORIENTED_EDGE('',*,*,#871,.F.);
#1194=ORIENTED_EDGE('',*,*,#872,.F.);
#1195=ORIENTED_EDGE('',*,*,#873,.F.);
#1196=ORIENTED_EDGE('',*,*,#874,.F.);
#1197=ORIENTED_EDGE('',*,*,#870,.T.);
#1198=ORIENTED_EDGE('',*,*,#843,.F.);
#1199=ORIENTED_EDGE('',*,*,#875,.F.);
#1200=ORIENTED_EDGE('',*,*,#873,.T.);
#1201=ORIENTED_EDGE('',*,*,#876,.F.);
#1202=ORIENTED_EDGE('',*,*,#869,.T.);
#1203=ORIENTED_EDGE('',*,*,#877,.F.);
#1204=ORIENTED_EDGE('',*,*,#878,.T.);
#1205=ORIENTED_EDGE('',*,*,#879,.T.);
#1206=ORIENTED_EDGE('',*,*,#872,.T.);
#1207=ORIENTED_EDGE('',*,*,#879,.F.);
#1208=ORIENTED_EDGE('',*,*,#880,.F.);
#1209=ORIENTED_EDGE('',*,*,#881,.T.);
#1210=ORIENTED_EDGE('',*,*,#882,.T.);
#1211=ORIENTED_EDGE('',*,*,#883,.T.);
#1212=ORIENTED_EDGE('',*,*,#884,.F.);
#1213=ORIENTED_EDGE('',*,*,#864,.F.);
#1214=ORIENTED_EDGE('',*,*,#876,.T.);
#1215=ORIENTED_EDGE('',*,*,#884,.T.);
#1216=ORIENTED_EDGE('',*,*,#885,.T.);
#1217=ORIENTED_EDGE('',*,*,#886,.T.);
#1218=ORIENTED_EDGE('',*,*,#844,.F.);
#1219=ORIENTED_EDGE('',*,*,#849,.F.);
#1220=ORIENTED_EDGE('',*,*,#887,.F.);
#1221=ORIENTED_EDGE('',*,*,#888,.F.);
#1222=ORIENTED_EDGE('',*,*,#889,.F.);
#1223=ORIENTED_EDGE('',*,*,#890,.F.);
#1224=ORIENTED_EDGE('',*,*,#891,.F.);
#1225=ORIENTED_EDGE('',*,*,#888,.T.);
#1226=ORIENTED_EDGE('',*,*,#892,.F.);
#1227=ORIENTED_EDGE('',*,*,#887,.T.);
#1228=ORIENTED_EDGE('',*,*,#848,.F.);
#1229=ORIENTED_EDGE('',*,*,#893,.T.);
#1230=ORIENTED_EDGE('',*,*,#894,.T.);
#1231=ORIENTED_EDGE('',*,*,#895,.F.);
#1232=ORIENTED_EDGE('',*,*,#892,.T.);
#1233=ORIENTED_EDGE('',*,*,#895,.T.);
#1234=ORIENTED_EDGE('',*,*,#896,.T.);
#1235=ORIENTED_EDGE('',*,*,#897,.T.);
#1236=ORIENTED_EDGE('',*,*,#898,.T.);
#1237=ORIENTED_EDGE('',*,*,#899,.F.);
#1238=ORIENTED_EDGE('',*,*,#900,.T.);
#1239=ORIENTED_EDGE('',*,*,#859,.F.);
#1240=ORIENTED_EDGE('',*,*,#890,.T.);
#1241=ORIENTED_EDGE('',*,*,#900,.F.);
#1242=ORIENTED_EDGE('',*,*,#901,.T.);
#1243=ORIENTED_EDGE('',*,*,#853,.F.);
#1244=ORIENTED_EDGE('',*,*,#902,.T.);
#1245=ORIENTED_EDGE('',*,*,#839,.T.);
#1246=ORIENTED_EDGE('',*,*,#903,.T.);
#1247=ORIENTED_EDGE('',*,*,#904,.T.);
#1248=ORIENTED_EDGE('',*,*,#877,.T.);
#1249=ORIENTED_EDGE('',*,*,#868,.T.);
#1250=ORIENTED_EDGE('',*,*,#905,.T.);
#1251=ORIENTED_EDGE('',*,*,#841,.T.);
#1252=ORIENTED_EDGE('',*,*,#840,.T.);
#1253=ORIENTED_EDGE('',*,*,#835,.T.);
#1254=ORIENTED_EDGE('',*,*,#832,.T.);
#1255=ORIENTED_EDGE('',*,*,#829,.T.);
#1256=ORIENTED_EDGE('',*,*,#858,.F.);
#1257=ORIENTED_EDGE('',*,*,#906,.F.);
#1258=ORIENTED_EDGE('',*,*,#907,.T.);
#1259=ORIENTED_EDGE('',*,*,#897,.F.);
#1260=ORIENTED_EDGE('',*,*,#908,.T.);
#1261=ORIENTED_EDGE('',*,*,#909,.F.);
#1262=ORIENTED_EDGE('',*,*,#910,.T.);
#1263=ORIENTED_EDGE('',*,*,#911,.T.);
#1264=ORIENTED_EDGE('',*,*,#912,.T.);
#1265=ORIENTED_EDGE('',*,*,#882,.F.);
#1266=ORIENTED_EDGE('',*,*,#913,.T.);
#1267=ORIENTED_EDGE('',*,*,#914,.F.);
#1268=ORIENTED_EDGE('',*,*,#915,.F.);
#1269=ORIENTED_EDGE('',*,*,#871,.T.);
#1270=ORIENTED_EDGE('',*,*,#874,.T.);
#1271=ORIENTED_EDGE('',*,*,#875,.T.);
#1272=ORIENTED_EDGE('',*,*,#842,.F.);
#1273=ORIENTED_EDGE('',*,*,#905,.F.);
#1274=ORIENTED_EDGE('',*,*,#838,.T.);
#1275=ORIENTED_EDGE('',*,*,#915,.T.);
#1276=ORIENTED_EDGE('',*,*,#916,.T.);
#1277=ORIENTED_EDGE('',*,*,#917,.F.);
#1278=ORIENTED_EDGE('',*,*,#903,.F.);
#1279=ORIENTED_EDGE('',*,*,#904,.F.);
#1280=ORIENTED_EDGE('',*,*,#917,.T.);
#1281=ORIENTED_EDGE('',*,*,#918,.T.);
#1282=ORIENTED_EDGE('',*,*,#919,.T.);
#1283=ORIENTED_EDGE('',*,*,#880,.T.);
#1284=ORIENTED_EDGE('',*,*,#878,.F.);
#1285=ORIENTED_EDGE('',*,*,#854,.F.);
#1286=ORIENTED_EDGE('',*,*,#901,.F.);
#1287=ORIENTED_EDGE('',*,*,#899,.T.);
#1288=ORIENTED_EDGE('',*,*,#920,.T.);
#1289=ORIENTED_EDGE('',*,*,#921,.T.);
#1290=ORIENTED_EDGE('',*,*,#856,.T.);
#1291=ORIENTED_EDGE('',*,*,#889,.T.);
#1292=ORIENTED_EDGE('',*,*,#891,.T.);
#1293=ORIENTED_EDGE('',*,*,#902,.F.);
#1294=ORIENTED_EDGE('',*,*,#852,.F.);
#1295=ORIENTED_EDGE('',*,*,#850,.F.);
#1296=ORIENTED_EDGE('',*,*,#847,.F.);
#1297=ORIENTED_EDGE('',*,*,#845,.F.);
#1298=ORIENTED_EDGE('',*,*,#886,.F.);
#1299=ORIENTED_EDGE('',*,*,#922,.T.);
#1300=ORIENTED_EDGE('',*,*,#923,.T.);
#1301=ORIENTED_EDGE('',*,*,#924,.T.);
#1302=ORIENTED_EDGE('',*,*,#893,.F.);
#1303=ORIENTED_EDGE('',*,*,#925,.T.);
#1304=ORIENTED_EDGE('',*,*,#922,.F.);
#1305=ORIENTED_EDGE('',*,*,#926,.T.);
#1306=ORIENTED_EDGE('',*,*,#911,.F.);
#1307=ORIENTED_EDGE('',*,*,#867,.F.);
#1308=ORIENTED_EDGE('',*,*,#927,.F.);
#1309=ORIENTED_EDGE('',*,*,#923,.F.);
#1310=ORIENTED_EDGE('',*,*,#925,.F.);
#1311=ORIENTED_EDGE('',*,*,#910,.F.);
#1312=ORIENTED_EDGE('',*,*,#927,.T.);
#1313=ORIENTED_EDGE('',*,*,#909,.T.);
#1314=ORIENTED_EDGE('',*,*,#928,.T.);
#1315=ORIENTED_EDGE('',*,*,#924,.F.);
#1316=ORIENTED_EDGE('',*,*,#865,.F.);
#1317=ORIENTED_EDGE('',*,*,#896,.F.);
#1318=ORIENTED_EDGE('',*,*,#894,.F.);
#1319=ORIENTED_EDGE('',*,*,#928,.F.);
#1320=ORIENTED_EDGE('',*,*,#908,.F.);
#1321=ORIENTED_EDGE('',*,*,#883,.F.);
#1322=ORIENTED_EDGE('',*,*,#912,.F.);
#1323=ORIENTED_EDGE('',*,*,#926,.F.);
#1324=ORIENTED_EDGE('',*,*,#885,.F.);
#1325=ORIENTED_EDGE('',*,*,#929,.T.);
#1326=ORIENTED_EDGE('',*,*,#918,.F.);
#1327=ORIENTED_EDGE('',*,*,#916,.F.);
#1328=ORIENTED_EDGE('',*,*,#914,.T.);
#1329=ORIENTED_EDGE('',*,*,#862,.F.);
#1330=ORIENTED_EDGE('',*,*,#898,.F.);
#1331=ORIENTED_EDGE('',*,*,#907,.F.);
#1332=ORIENTED_EDGE('',*,*,#930,.F.);
#1333=ORIENTED_EDGE('',*,*,#920,.F.);
#1334=ORIENTED_EDGE('',*,*,#930,.T.);
#1335=ORIENTED_EDGE('',*,*,#906,.T.);
#1336=ORIENTED_EDGE('',*,*,#857,.T.);
#1337=ORIENTED_EDGE('',*,*,#921,.F.);
#1338=ORIENTED_EDGE('',*,*,#861,.F.);
#1339=ORIENTED_EDGE('',*,*,#881,.F.);
#1340=ORIENTED_EDGE('',*,*,#919,.F.);
#1341=ORIENTED_EDGE('',*,*,#929,.F.);
#1342=ORIENTED_EDGE('',*,*,#913,.F.);
#1343=PLANE('',#1498);
#1344=PLANE('',#1499);
#1345=PLANE('',#1500);
#1346=PLANE('',#1501);
#1347=PLANE('',#1502);
#1348=PLANE('',#1503);
#1349=PLANE('',#1504);
#1350=PLANE('',#1505);
#1351=PLANE('',#1515);
#1352=PLANE('',#1516);
#1353=PLANE('',#1517);
#1354=PLANE('',#1518);
#1355=PLANE('',#1519);
#1356=PLANE('',#1522);
#1357=PLANE('',#1523);
#1358=PLANE('',#1524);
#1359=PLANE('',#1525);
#1360=PLANE('',#1526);
#1361=PLANE('',#1529);
#1362=PLANE('',#1530);
#1363=PLANE('',#1531);
#1364=PLANE('',#1532);
#1365=PLANE('',#1533);
#1366=PLANE('',#1534);
#1367=PLANE('',#1535);
#1368=PLANE('',#1536);
#1369=PLANE('',#1537);
#1370=PLANE('',#1538);
#1371=PLANE('',#1543);
#1372=PLANE('',#1547);
#1373=PLANE('',#1551);
#1374=PLANE('',#1553);
#1375=PLANE('',#1554);
#1376=PLANE('',#1555);
#1377=PLANE('',#1556);
#1378=PLANE('',#1557);
#1379=PLANE('',#1558);
#1380=PLANE('',#1559);
#1381=PLANE('',#1560);
#1382=PLANE('',#1570);
#1383=PLANE('',#1571);
#1384=PLANE('',#1572);
#1385=PLANE('',#1573);
#1386=PLANE('',#1574);
#1387=PLANE('',#1577);
#1388=PLANE('',#1578);
#1389=PLANE('',#1579);
#1390=PLANE('',#1580);
#1391=PLANE('',#1581);
#1392=PLANE('',#1584);
#1393=PLANE('',#1585);
#1394=PLANE('',#1586);
#1395=PLANE('',#1587);
#1396=PLANE('',#1588);
#1397=PLANE('',#1589);
#1398=PLANE('',#1590);
#1399=PLANE('',#1591);
#1400=PLANE('',#1592);
#1401=PLANE('',#1593);
#1402=PLANE('',#1598);
#1403=PLANE('',#1602);
#1404=PLANE('',#1606);
#1405=ADVANCED_FACE('',(#77),#1343,.T.);
#1406=ADVANCED_FACE('',(#78),#1344,.T.);
#1407=ADVANCED_FACE('',(#79),#1345,.T.);
#1408=ADVANCED_FACE('',(#80),#1346,.T.);
#1409=ADVANCED_FACE('',(#81),#1347,.F.);
#1410=ADVANCED_FACE('',(#82),#1348,.F.);
#1411=ADVANCED_FACE('',(#83),#1349,.F.);
#1412=ADVANCED_FACE('',(#84),#1350,.T.);
#1413=ADVANCED_FACE('',(#85),#61,.F.);
#1414=ADVANCED_FACE('',(#86),#62,.F.);
#1415=ADVANCED_FACE('',(#87),#63,.F.);
#1416=ADVANCED_FACE('',(#88),#1351,.T.);
#1417=ADVANCED_FACE('',(#89),#1352,.T.);
#1418=ADVANCED_FACE('',(#90),#1353,.T.);
#1419=ADVANCED_FACE('',(#91),#1354,.T.);
#1420=ADVANCED_FACE('',(#92,#17),#1355,.T.);
#1421=ADVANCED_FACE('',(#93),#1356,.T.);
#1422=ADVANCED_FACE('',(#94),#1357,.T.);
#1423=ADVANCED_FACE('',(#95),#1358,.T.);
#1424=ADVANCED_FACE('',(#96),#1359,.T.);
#1425=ADVANCED_FACE('',(#97,#18),#1360,.T.);
#1426=ADVANCED_FACE('',(#98),#1361,.T.);
#1427=ADVANCED_FACE('',(#99),#1362,.F.);
#1428=ADVANCED_FACE('',(#100),#1363,.F.);
#1429=ADVANCED_FACE('',(#101),#1364,.T.);
#1430=ADVANCED_FACE('',(#102),#1365,.T.);
#1431=ADVANCED_FACE('',(#103),#1366,.T.);
#1432=ADVANCED_FACE('',(#104),#1367,.T.);
#1433=ADVANCED_FACE('',(#105),#1368,.T.);
#1434=ADVANCED_FACE('',(#106),#1369,.T.);
#1435=ADVANCED_FACE('',(#107,#19),#1370,.T.);
#1436=ADVANCED_FACE('',(#108),#64,.T.);
#1437=ADVANCED_FACE('',(#109,#20),#1371,.T.);
#1438=ADVANCED_FACE('',(#110),#65,.T.);
#1439=ADVANCED_FACE('',(#111),#66,.T.);
#1440=ADVANCED_FACE('',(#112,#21),#1372,.T.);
#1441=ADVANCED_FACE('',(#113),#67,.T.);
#1442=ADVANCED_FACE('',(#114,#22),#1373,.T.);
#1443=ADVANCED_FACE('',(#115),#68,.T.);
#1444=ADVANCED_FACE('',(#116),#1374,.F.);
#1445=ADVANCED_FACE('',(#117),#1375,.F.);
#1446=ADVANCED_FACE('',(#118),#1376,.F.);
#1447=ADVANCED_FACE('',(#119),#1377,.F.);
#1448=ADVANCED_FACE('',(#120),#1378,.T.);
#1449=ADVANCED_FACE('',(#121),#1379,.T.);
#1450=ADVANCED_FACE('',(#122),#1380,.T.);
#1451=ADVANCED_FACE('',(#123),#1381,.F.);
#1452=ADVANCED_FACE('',(#124),#69,.F.);
#1453=ADVANCED_FACE('',(#125),#70,.F.);
#1454=ADVANCED_FACE('',(#126),#71,.F.);
#1455=ADVANCED_FACE('',(#127),#1382,.F.);
#1456=ADVANCED_FACE('',(#128),#1383,.F.);
#1457=ADVANCED_FACE('',(#129),#1384,.F.);
#1458=ADVANCED_FACE('',(#130),#1385,.F.);
#1459=ADVANCED_FACE('',(#131,#23),#1386,.F.);
#1460=ADVANCED_FACE('',(#132),#1387,.F.);
#1461=ADVANCED_FACE('',(#133),#1388,.F.);
#1462=ADVANCED_FACE('',(#134),#1389,.F.);
#1463=ADVANCED_FACE('',(#135),#1390,.F.);
#1464=ADVANCED_FACE('',(#136,#24),#1391,.F.);
#1465=ADVANCED_FACE('',(#137),#1392,.F.);
#1466=ADVANCED_FACE('',(#138),#1393,.T.);
#1467=ADVANCED_FACE('',(#139),#1394,.T.);
#1468=ADVANCED_FACE('',(#140),#1395,.F.);
#1469=ADVANCED_FACE('',(#141),#1396,.F.);
#1470=ADVANCED_FACE('',(#142),#1397,.F.);
#1471=ADVANCED_FACE('',(#143),#1398,.F.);
#1472=ADVANCED_FACE('',(#144),#1399,.F.);
#1473=ADVANCED_FACE('',(#145),#1400,.F.);
#1474=ADVANCED_FACE('',(#146,#25),#1401,.F.);
#1475=ADVANCED_FACE('',(#147),#72,.T.);
#1476=ADVANCED_FACE('',(#148,#26),#1402,.F.);
#1477=ADVANCED_FACE('',(#149),#73,.T.);
#1478=ADVANCED_FACE('',(#150),#74,.T.);
#1479=ADVANCED_FACE('',(#151,#27),#1403,.F.);
#1480=ADVANCED_FACE('',(#152),#75,.T.);
#1481=ADVANCED_FACE('',(#153,#28),#1404,.F.);
#1482=ADVANCED_FACE('',(#154),#76,.T.);
#1483=CLOSED_SHELL('',(#1405,#1406,#1407,#1408,#1409,#1410,#1411,#1412,
#1413,#1414,#1415,#1416,#1417,#1418,#1419,#1420,#1421,#1422,#1423,#1424,
#1425,#1426,#1427,#1428,#1429,#1430,#1431,#1432,#1433,#1434,#1435,#1436,
#1437,#1438,#1439,#1440,#1441,#1442,#1443));
#1484=CLOSED_SHELL('',(#1444,#1445,#1446,#1447,#1448,#1449,#1450,#1451,
#1452,#1453,#1454,#1455,#1456,#1457,#1458,#1459,#1460,#1461,#1462,#1463,
#1464,#1465,#1466,#1467,#1468,#1469,#1470,#1471,#1472,#1473,#1474,#1475,
#1476,#1477,#1478,#1479,#1480,#1481,#1482));
#1485=DERIVED_UNIT_ELEMENT(#1487,1.);
#1486=DERIVED_UNIT_ELEMENT(#2426,-3.);
#1487=(
MASS_UNIT()
NAMED_UNIT(*)
SI_UNIT(.KILO.,.GRAM.)
);
#1488=DERIVED_UNIT((#1485,#1486));
#1489=MEASURE_REPRESENTATION_ITEM('density measure',
POSITIVE_RATIO_MEASURE(7850.),#1488);
#1490=PROPERTY_DEFINITION_REPRESENTATION(#1495,#1492);
#1491=PROPERTY_DEFINITION_REPRESENTATION(#1496,#1493);
#1492=REPRESENTATION('material name',(#1494),#2423);
#1493=REPRESENTATION('density',(#1489),#2423);
#1494=DESCRIPTIVE_REPRESENTATION_ITEM('Steel','Steel');
#1495=PROPERTY_DEFINITION('material property','material name',#2433);
#1496=PROPERTY_DEFINITION('material property','density of part',#2433);
#1497=AXIS2_PLACEMENT_3D('',#2004,#1608,#1609);
#1498=AXIS2_PLACEMENT_3D('',#2005,#1610,#1611);
#1499=AXIS2_PLACEMENT_3D('',#2014,#1616,#1617);
#1500=AXIS2_PLACEMENT_3D('',#2020,#1621,#1622);
#1501=AXIS2_PLACEMENT_3D('',#2026,#1626,#1627);
#1502=AXIS2_PLACEMENT_3D('',#2032,#1631,#1632);
#1503=AXIS2_PLACEMENT_3D('',#2044,#1639,#1640);
#1504=AXIS2_PLACEMENT_3D('',#2054,#1646,#1647);
#1505=AXIS2_PLACEMENT_3D('',#2062,#1652,#1653);
#1506=AXIS2_PLACEMENT_3D('',#2068,#1657,#1658);
#1507=AXIS2_PLACEMENT_3D('',#2070,#1659,#1660);
#1508=AXIS2_PLACEMENT_3D('',#2073,#1662,#1663);
#1509=AXIS2_PLACEMENT_3D('',#2074,#1664,#1665);
#1510=AXIS2_PLACEMENT_3D('',#2076,#1666,#1667);
#1511=AXIS2_PLACEMENT_3D('',#2079,#1669,#1670);
#1512=AXIS2_PLACEMENT_3D('',#2080,#1671,#1672);
#1513=AXIS2_PLACEMENT_3D('',#2082,#1673,#1674);
#1514=AXIS2_PLACEMENT_3D('',#2085,#1676,#1677);
#1515=AXIS2_PLACEMENT_3D('',#2086,#1678,#1679);
#1516=AXIS2_PLACEMENT_3D('',#2095,#1684,#1685);
#1517=AXIS2_PLACEMENT_3D('',#2101,#1689,#1690);
#1518=AXIS2_PLACEMENT_3D('',#2104,#1693,#1694);
#1519=AXIS2_PLACEMENT_3D('',#2110,#1698,#1699);
#1520=AXIS2_PLACEMENT_3D('',#2114,#1701,#1702);
#1521=AXIS2_PLACEMENT_3D('',#2118,#1704,#1705);
#1522=AXIS2_PLACEMENT_3D('',#2120,#1707,#1708);
#1523=AXIS2_PLACEMENT_3D('',#2124,#1711,#1712);
#1524=AXIS2_PLACEMENT_3D('',#2130,#1716,#1717);
#1525=AXIS2_PLACEMENT_3D('',#2136,#1721,#1722);
#1526=AXIS2_PLACEMENT_3D('',#2142,#1726,#1727);
#1527=AXIS2_PLACEMENT_3D('',#2148,#1730,#1731);
#1528=AXIS2_PLACEMENT_3D('',#2151,#1733,#1734);
#1529=AXIS2_PLACEMENT_3D('',#2152,#1735,#1736);
#1530=AXIS2_PLACEMENT_3D('',#2155,#1739,#1740);
#1531=AXIS2_PLACEMENT_3D('',#2160,#1744,#1745);
#1532=AXIS2_PLACEMENT_3D('',#2178,#1756,#1757);
#1533=AXIS2_PLACEMENT_3D('',#2179,#1758,#1759);
#1534=AXIS2_PLACEMENT_3D('',#2183,#1762,#1763);
#1535=AXIS2_PLACEMENT_3D('',#2187,#1766,#1767);
#1536=AXIS2_PLACEMENT_3D('',#2191,#1770,#1771);
#1537=AXIS2_PLACEMENT_3D('',#2192,#1772,#1773);
#1538=AXIS2_PLACEMENT_3D('',#2198,#1777,#1778);
#1539=AXIS2_PLACEMENT_3D('',#2199,#1779,#1780);
#1540=AXIS2_PLACEMENT_3D('',#2200,#1781,#1782);
#1541=AXIS2_PLACEMENT_3D('',#2201,#1783,#1784);
#1542=AXIS2_PLACEMENT_3D('',#2202,#1785,#1786);
#1543=AXIS2_PLACEMENT_3D('',#2203,#1787,#1788);
#1544=AXIS2_PLACEMENT_3D('',#2204,#1789,#1790);
#1545=AXIS2_PLACEMENT_3D('',#2205,#1791,#1792);
#1546=AXIS2_PLACEMENT_3D('',#2206,#1793,#1794);
#1547=AXIS2_PLACEMENT_3D('',#2207,#1795,#1796);
#1548=AXIS2_PLACEMENT_3D('',#2208,#1797,#1798);
#1549=AXIS2_PLACEMENT_3D('',#2209,#1799,#1800);
#1550=AXIS2_PLACEMENT_3D('',#2210,#1801,#1802);
#1551=AXIS2_PLACEMENT_3D('',#2211,#1803,#1804);
#1552=AXIS2_PLACEMENT_3D('',#2212,#1805,#1806);
#1553=AXIS2_PLACEMENT_3D('',#2213,#1807,#1808);
#1554=AXIS2_PLACEMENT_3D('',#2222,#1813,#1814);
#1555=AXIS2_PLACEMENT_3D('',#2228,#1818,#1819);
#1556=AXIS2_PLACEMENT_3D('',#2234,#1823,#1824);
#1557=AXIS2_PLACEMENT_3D('',#2240,#1828,#1829);
#1558=AXIS2_PLACEMENT_3D('',#2252,#1836,#1837);
#1559=AXIS2_PLACEMENT_3D('',#2262,#1843,#1844);
#1560=AXIS2_PLACEMENT_3D('',#2270,#1849,#1850);
#1561=AXIS2_PLACEMENT_3D('',#2276,#1854,#1855);
#1562=AXIS2_PLACEMENT_3D('',#2278,#1856,#1857);
#1563=AXIS2_PLACEMENT_3D('',#2281,#1859,#1860);
#1564=AXIS2_PLACEMENT_3D('',#2282,#1861,#1862);
#1565=AXIS2_PLACEMENT_3D('',#2284,#1863,#1864);
#1566=AXIS2_PLACEMENT_3D('',#2287,#1866,#1867);
#1567=AXIS2_PLACEMENT_3D('',#2288,#1868,#1869);
#1568=AXIS2_PLACEMENT_3D('',#2290,#1870,#1871);
#1569=AXIS2_PLACEMENT_3D('',#2293,#1873,#1874);
#1570=AXIS2_PLACEMENT_3D('',#2294,#1875,#1876);
#1571=AXIS2_PLACEMENT_3D('',#2303,#1881,#1882);
#1572=AXIS2_PLACEMENT_3D('',#2309,#1886,#1887);
#1573=AXIS2_PLACEMENT_3D('',#2312,#1890,#1891);
#1574=AXIS2_PLACEMENT_3D('',#2318,#1895,#1896);
#1575=AXIS2_PLACEMENT_3D('',#2322,#1898,#1899);
#1576=AXIS2_PLACEMENT_3D('',#2326,#1901,#1902);
#1577=AXIS2_PLACEMENT_3D('',#2328,#1904,#1905);
#1578=AXIS2_PLACEMENT_3D('',#2332,#1908,#1909);
#1579=AXIS2_PLACEMENT_3D('',#2338,#1913,#1914);
#1580=AXIS2_PLACEMENT_3D('',#2344,#1918,#1919);
#1581=AXIS2_PLACEMENT_3D('',#2350,#1923,#1924);
#1582=AXIS2_PLACEMENT_3D('',#2352,#1925,#1926);
#1583=AXIS2_PLACEMENT_3D('',#2356,#1928,#1929);
#1584=AXIS2_PLACEMENT_3D('',#2360,#1932,#1933);
#1585=AXIS2_PLACEMENT_3D('',#2363,#1936,#1937);
#1586=AXIS2_PLACEMENT_3D('',#2368,#1941,#1942);
#1587=AXIS2_PLACEMENT_3D('',#2386,#1953,#1954);
#1588=AXIS2_PLACEMENT_3D('',#2387,#1955,#1956);
#1589=AXIS2_PLACEMENT_3D('',#2391,#1959,#1960);
#1590=AXIS2_PLACEMENT_3D('',#2395,#1963,#1964);
#1591=AXIS2_PLACEMENT_3D('',#2399,#1967,#1968);
#1592=AXIS2_PLACEMENT_3D('',#2400,#1969,#1970);
#1593=AXIS2_PLACEMENT_3D('',#2406,#1974,#1975);
#1594=AXIS2_PLACEMENT_3D('',#2407,#1976,#1977);
#1595=AXIS2_PLACEMENT_3D('',#2408,#1978,#1979);
#1596=AXIS2_PLACEMENT_3D('',#2409,#1980,#1981);
#1597=AXIS2_PLACEMENT_3D('',#2410,#1982,#1983);
#1598=AXIS2_PLACEMENT_3D('',#2411,#1984,#1985);
#1599=AXIS2_PLACEMENT_3D('',#2412,#1986,#1987);
#1600=AXIS2_PLACEMENT_3D('',#2413,#1988,#1989);
#1601=AXIS2_PLACEMENT_3D('',#2414,#1990,#1991);
#1602=AXIS2_PLACEMENT_3D('',#2415,#1992,#1993);
#1603=AXIS2_PLACEMENT_3D('',#2416,#1994,#1995);
#1604=AXIS2_PLACEMENT_3D('',#2417,#1996,#1997);
#1605=AXIS2_PLACEMENT_3D('',#2418,#1998,#1999);
#1606=AXIS2_PLACEMENT_3D('',#2419,#2000,#2001);
#1607=AXIS2_PLACEMENT_3D('',#2420,#2002,#2003);
#1608=DIRECTION('axis',(0.,0.,1.));
#1609=DIRECTION('refdir',(1.,0.,0.));
#1610=DIRECTION('center_axis',(-0.500000000065955,0.500000000065955,-0.707106781093274));
#1611=DIRECTION('ref_axis',(-0.816496580902245,-1.3896303553009E-10,0.577350269225662));
#1612=DIRECTION('',(-0.816496580855924,0.,0.577350269291169));
#1613=DIRECTION('',(0.707106781186547,0.707106781186547,0.));
#1614=DIRECTION('',(0.816496581041208,0.,-0.577350269029138));
#1615=DIRECTION('',(-0.707106781186547,-0.707106781186547,0.));
#1616=DIRECTION('center_axis',(-0.500000000065955,-0.500000000065955,-0.707106781093274));
#1617=DIRECTION('ref_axis',(-0.816496580902245,1.3896303553009E-10,0.577350269225662));
#1618=DIRECTION('',(0.707106781186547,-0.707106781186547,0.));
#1619=DIRECTION('',(-0.707106781186547,0.707106781186547,0.));
#1620=DIRECTION('',(0.,0.816496581041208,-0.577350269029138));
#1621=DIRECTION('center_axis',(0.500000000065955,-0.500000000065955,-0.707106781093274));
#1622=DIRECTION('ref_axis',(-0.816496580902245,-1.3896303553009E-10,-0.577350269225662));
#1623=DIRECTION('',(0.707106781186547,0.707106781186547,0.));
#1624=DIRECTION('',(-0.707106781186547,-0.707106781186547,0.));
#1625=DIRECTION('',(-0.816496581041208,0.,-0.577350269029138));
#1626=DIRECTION('center_axis',(0.500000000065955,0.500000000065955,-0.707106781093274));
#1627=DIRECTION('ref_axis',(-0.816496580902245,1.3896303553009E-10,-0.577350269225662));
#1628=DIRECTION('',(-0.816496580855924,0.,-0.577350269291169));
#1629=DIRECTION('',(-0.707106781186547,0.707106781186547,0.));
#1630=DIRECTION('',(0.707106781186547,-0.707106781186547,0.));
#1631=DIRECTION('center_axis',(-0.707106781186548,0.707106781186548,0.));
#1632=DIRECTION('ref_axis',(0.707106781186548,0.707106781186548,0.));
#1633=DIRECTION('',(0.,0.,-1.));
#1634=DIRECTION('',(0.707106781186548,0.707106781186548,0.));
#1635=DIRECTION('',(0.,0.,-1.));
#1636=DIRECTION('',(0.577350269189626,0.577350269189626,-0.577350269189626));
#1637=DIRECTION('',(0.707106781186548,0.707106781186548,0.));
#1638=DIRECTION('',(0.,0.,-1.));
#1639=DIRECTION('center_axis',(0.707106781186548,0.707106781186548,0.));
#1640=DIRECTION('ref_axis',(0.707106781186548,-0.707106781186548,0.));
#1641=DIRECTION('',(0.,0.,-1.));
#1642=DIRECTION('',(0.707106781186548,-0.707106781186548,0.));
#1643=DIRECTION('',(0.577350269189626,-0.577350269189626,0.577350269189626));
#1644=DIRECTION('',(0.,0.,1.));
#1645=DIRECTION('',(0.707106781186548,-0.707106781186548,0.));
#1646=DIRECTION('center_axis',(0.707106781186548,-0.707106781186548,0.));
#1647=DIRECTION('ref_axis',(-0.707106781186548,-0.707106781186548,0.));
#1648=DIRECTION('',(0.,0.,-1.));
#1649=DIRECTION('',(-0.707106781186548,-0.707106781186548,0.));
#1650=DIRECTION('',(0.,0.,-1.));
#1651=DIRECTION('',(-0.707106781186548,-0.707106781186548,0.));
#1652=DIRECTION('center_axis',(0.,-1.,0.));
#1653=DIRECTION('ref_axis',(1.,0.,0.));
#1654=DIRECTION('',(-1.,0.,0.));
#1655=DIRECTION('',(0.,0.,1.));
#1656=DIRECTION('',(-1.,0.,0.));
#1657=DIRECTION('center_axis',(-1.,0.,0.));
#1658=DIRECTION('ref_axis',(0.,0.,-1.));
#1659=DIRECTION('center_axis',(-1.,0.,0.));
#1660=DIRECTION('ref_axis',(0.,0.,-1.));
#1661=DIRECTION('',(-1.,0.,0.));
#1662=DIRECTION('center_axis',(1.,0.,0.));
#1663=DIRECTION('ref_axis',(0.,0.,-1.));
#1664=DIRECTION('center_axis',(-1.,0.,0.));
#1665=DIRECTION('ref_axis',(0.,0.,-1.));
#1666=DIRECTION('center_axis',(-1.,0.,0.));
#1667=DIRECTION('ref_axis',(0.,0.,-1.));
#1668=DIRECTION('',(-1.,0.,0.));
#1669=DIRECTION('center_axis',(1.,0.,0.));
#1670=DIRECTION('ref_axis',(0.,0.,-1.));
#1671=DIRECTION('center_axis',(-1.,0.,0.));
#1672=DIRECTION('ref_axis',(0.,0.,-1.));
#1673=DIRECTION('center_axis',(-1.,0.,0.));
#1674=DIRECTION('ref_axis',(0.,0.,-1.));
#1675=DIRECTION('',(-1.,0.,0.));
#1676=DIRECTION('center_axis',(1.,0.,0.));
#1677=DIRECTION('ref_axis',(0.,0.,-1.));
#1678=DIRECTION('center_axis',(0.,-0.707106781186548,0.707106781186548));
#1679=DIRECTION('ref_axis',(1.,0.,0.));
#1680=DIRECTION('',(-0.577350269189626,0.577350269189626,0.577350269189626));
#1681=DIRECTION('',(-1.,0.,0.));
#1682=DIRECTION('',(-0.577350269189626,-0.577350269189626,-0.577350269189626));
#1683=DIRECTION('',(1.,0.,0.));
#1684=DIRECTION('center_axis',(-0.707106781186548,0.,0.707106781186548));
#1685=DIRECTION('ref_axis',(0.707106781186548,0.,0.707106781186548));
#1686=DIRECTION('',(0.,-1.,0.));
#1687=DIRECTION('',(0.,1.,0.));
#1688=DIRECTION('',(-0.577350269189626,0.577350269189626,-0.577350269189626));
#1689=DIRECTION('center_axis',(0.,0.707106781186548,0.707106781186548));
#1690=DIRECTION('ref_axis',(1.,0.,0.));
#1691=DIRECTION('',(-1.,0.,0.));
#1692=DIRECTION('',(1.,0.,0.));
#1693=DIRECTION('center_axis',(0.,-1.,0.));
#1694=DIRECTION('ref_axis',(0.,0.,-1.));
#1695=DIRECTION('',(0.,0.,1.));
#1696=DIRECTION('',(-1.,0.,0.));
#1697=DIRECTION('',(0.,0.,1.));
#1698=DIRECTION('center_axis',(-1.,0.,0.));
#1699=DIRECTION('ref_axis',(0.,-1.,0.));
#1700=DIRECTION('',(0.,0.,-1.));
#1701=DIRECTION('center_axis',(1.,0.,0.));
#1702=DIRECTION('ref_axis',(0.,0.707106781186548,0.707106781186548));
#1703=DIRECTION('',(0.,1.,0.));
#1704=DIRECTION('center_axis',(1.,0.,0.));
#1705=DIRECTION('ref_axis',(0.,-0.707106781186548,0.707106781186548));
#1706=DIRECTION('',(0.,1.,0.));
#1707=DIRECTION('center_axis',(0.,1.,0.));
#1708=DIRECTION('ref_axis',(0.,0.,1.));
#1709=DIRECTION('',(1.,0.,0.));
#1710=DIRECTION('',(1.,0.,0.));
#1711=DIRECTION('center_axis',(0.,0.707106781186548,0.707106781186548));
#1712=DIRECTION('ref_axis',(1.,0.,0.));
#1713=DIRECTION('',(1.,0.,0.));
#1714=DIRECTION('',(0.577350269189626,0.577350269189626,-0.577350269189626));
#1715=DIRECTION('',(-1.,0.,0.));
#1716=DIRECTION('center_axis',(0.707106781186548,0.,0.707106781186548));
#1717=DIRECTION('ref_axis',(0.707106781186548,0.,-0.707106781186548));
#1718=DIRECTION('',(0.707106781186548,0.,-0.707106781186548));
#1719=DIRECTION('',(0.,1.,0.));
#1720=DIRECTION('',(0.,-1.,0.));
#1721=DIRECTION('center_axis',(0.,1.,0.));
#1722=DIRECTION('ref_axis',(0.,0.,1.));
#1723=DIRECTION('',(0.,0.,-1.));
#1724=DIRECTION('',(1.,0.,0.));
#1725=DIRECTION('',(1.,0.,0.));
#1726=DIRECTION('center_axis',(1.,0.,0.));
#1727=DIRECTION('ref_axis',(0.,1.,0.));
#1728=DIRECTION('',(0.,0.,1.));
#1729=DIRECTION('',(0.,-1.,0.));
#1730=DIRECTION('center_axis',(-1.,0.,0.));
#1731=DIRECTION('ref_axis',(0.,-0.707106781186548,0.707106781186548));
#1732=DIRECTION('',(0.,-1.,0.));
#1733=DIRECTION('center_axis',(-1.,0.,0.));
#1734=DIRECTION('ref_axis',(0.,0.707106781186548,0.707106781186548));
#1735=DIRECTION('center_axis',(0.,-1.,0.));
#1736=DIRECTION('ref_axis',(0.,0.,-1.));
#1737=DIRECTION('',(1.,0.,0.));
#1738=DIRECTION('',(-1.,0.,0.));
#1739=DIRECTION('center_axis',(-0.707106781186548,-0.707106781186548,0.));
#1740=DIRECTION('ref_axis',(-0.707106781186548,0.707106781186548,0.));
#1741=DIRECTION('',(-0.707106781186548,0.707106781186548,0.));
#1742=DIRECTION('',(-0.707106781186548,0.707106781186548,0.));
#1743=DIRECTION('',(0.,0.,1.));
#1744=DIRECTION('center_axis',(0.,0.,1.));
#1745=DIRECTION('ref_axis',(1.,0.,0.));
#1746=DIRECTION('',(-1.,0.,0.));
#1747=DIRECTION('',(0.,-1.,0.));
#1748=DIRECTION('',(1.,0.,0.));
#1749=DIRECTION('',(-1.,0.,0.));
#1750=DIRECTION('',(0.,-1.,0.));
#1751=DIRECTION('',(-1.,0.,0.));
#1752=DIRECTION('',(0.,-1.,0.));
#1753=DIRECTION('',(-1.,0.,0.));
#1754=DIRECTION('',(1.,0.,0.));
#1755=DIRECTION('',(0.,1.,0.));
#1756=DIRECTION('center_axis',(0.,0.,1.));
#1757=DIRECTION('ref_axis',(0.,-1.,0.));
#1758=DIRECTION('center_axis',(0.,-1.,0.));
#1759=DIRECTION('ref_axis',(1.,0.,0.));
#1760=DIRECTION('',(-1.,0.,0.));
#1761=DIRECTION('',(0.,0.,1.));
#1762=DIRECTION('center_axis',(0.,0.,1.));
#1763=DIRECTION('ref_axis',(1.,0.,0.));
#1764=DIRECTION('',(-1.,0.,0.));
#1765=DIRECTION('',(0.,-1.,0.));
#1766=DIRECTION('center_axis',(0.,0.,1.));
#1767=DIRECTION('ref_axis',(1.,0.,0.));
#1768=DIRECTION('',(0.,1.,0.));
#1769=DIRECTION('',(-1.,0.,0.));
#1770=DIRECTION('center_axis',(0.,0.,1.));
#1771=DIRECTION('ref_axis',(0.,-1.,0.));
#1772=DIRECTION('center_axis',(0.,0.,1.));
#1773=DIRECTION('ref_axis',(1.,0.,0.));
#1774=DIRECTION('',(0.,-1.,0.));
#1775=DIRECTION('',(1.,0.,0.));
#1776=DIRECTION('',(0.,1.,0.));
#1777=DIRECTION('center_axis',(-1.,0.,0.));
#1778=DIRECTION('ref_axis',(0.,-1.,0.));
#1779=DIRECTION('center_axis',(1.,0.,0.));
#1780=DIRECTION('ref_axis',(0.,0.707106781186548,0.707106781186548));
#1781=DIRECTION('center_axis',(-1.,0.,0.));
#1782=DIRECTION('ref_axis',(0.,0.707106781186548,-0.707106781186548));
#1783=DIRECTION('center_axis',(1.,0.,0.));
#1784=DIRECTION('ref_axis',(0.,0.707106781186548,0.707106781186548));
#1785=DIRECTION('center_axis',(-1.,0.,0.));
#1786=DIRECTION('ref_axis',(0.,0.707106781186548,0.707106781186548));
#1787=DIRECTION('center_axis',(1.,0.,0.));
#1788=DIRECTION('ref_axis',(0.,1.,0.));
#1789=DIRECTION('center_axis',(1.,0.,0.));
#1790=DIRECTION('ref_axis',(0.,0.707106781186548,0.707106781186548));
#1791=DIRECTION('center_axis',(1.,0.,0.));
#1792=DIRECTION('ref_axis',(0.,0.707106781186548,0.707106781186548));
#1793=DIRECTION('center_axis',(1.,0.,0.));
#1794=DIRECTION('ref_axis',(0.,0.707106781186548,-0.707106781186548));
#1795=DIRECTION('center_axis',(1.,0.,0.));
#1796=DIRECTION('ref_axis',(0.,1.,0.));
#1797=DIRECTION('center_axis',(-1.,0.,0.));
#1798=DIRECTION('ref_axis',(0.,-0.707106781186548,0.707106781186548));
#1799=DIRECTION('center_axis',(-1.,0.,0.));
#1800=DIRECTION('ref_axis',(0.,-0.707106781186548,0.707106781186548));
#1801=DIRECTION('center_axis',(1.,0.,0.));
#1802=DIRECTION('ref_axis',(0.,-0.707106781186548,0.707106781186548));
#1803=DIRECTION('center_axis',(-1.,0.,0.));
#1804=DIRECTION('ref_axis',(0.,-1.,0.));
#1805=DIRECTION('center_axis',(-1.,0.,0.));
#1806=DIRECTION('ref_axis',(0.,-0.707106781186548,0.707106781186548));
#1807=DIRECTION('center_axis',(-0.500000000065955,-0.500000000065955,0.707106781093274));
#1808=DIRECTION('ref_axis',(0.816496580902245,-1.3896303553009E-10,0.577350269225662));
#1809=DIRECTION('',(0.816496580855924,0.,0.577350269291169));
#1810=DIRECTION('',(0.707106781186547,-0.707106781186547,0.));
#1811=DIRECTION('',(-0.816496581041208,0.,-0.577350269029138));
#1812=DIRECTION('',(-0.707106781186547,0.707106781186547,0.));
#1813=DIRECTION('center_axis',(-0.500000000065955,0.500000000065955,0.707106781093274));
#1814=DIRECTION('ref_axis',(0.816496580902245,1.3896303553009E-10,0.577350269225662));
#1815=DIRECTION('',(-0.707106781186547,-0.707106781186547,0.));
#1816=DIRECTION('',(0.,0.816496581041208,-0.577350269029138));
#1817=DIRECTION('',(0.707106781186547,0.707106781186547,0.));
#1818=DIRECTION('center_axis',(0.500000000065955,0.500000000065955,0.707106781093274));
#1819=DIRECTION('ref_axis',(0.816496580902245,-1.3896303553009E-10,-0.577350269225662));
#1820=DIRECTION('',(-0.707106781186547,0.707106781186547,0.));
#1821=DIRECTION('',(0.816496581041208,0.,-0.577350269029138));
#1822=DIRECTION('',(0.707106781186547,-0.707106781186547,0.));
#1823=DIRECTION('center_axis',(0.500000000065955,-0.500000000065955,0.707106781093274));
#1824=DIRECTION('ref_axis',(0.816496580902245,1.3896303553009E-10,-0.577350269225662));
#1825=DIRECTION('',(0.816496580855924,0.,-0.577350269291169));
#1826=DIRECTION('',(-0.707106781186547,-0.707106781186547,0.));
#1827=DIRECTION('',(0.707106781186547,0.707106781186547,0.));
#1828=DIRECTION('center_axis',(-0.707106781186548,-0.707106781186548,0.));
#1829=DIRECTION('ref_axis',(-0.707106781186548,0.707106781186548,0.));
#1830=DIRECTION('',(0.,0.,-1.));
#1831=DIRECTION('',(-0.707106781186548,0.707106781186548,0.));
#1832=DIRECTION('',(-0.577350269189626,0.577350269189626,-0.577350269189626));
#1833=DIRECTION('',(0.,0.,-1.));
#1834=DIRECTION('',(-0.707106781186548,0.707106781186548,0.));
#1835=DIRECTION('',(0.,0.,-1.));
#1836=DIRECTION('center_axis',(0.707106781186548,-0.707106781186548,0.));
#1837=DIRECTION('ref_axis',(-0.707106781186548,-0.707106781186548,0.));
#1838=DIRECTION('',(-0.707106781186548,-0.707106781186548,0.));
#1839=DIRECTION('',(0.,0.,1.));
#1840=DIRECTION('',(-0.577350269189626,-0.577350269189626,0.577350269189626));
#1841=DIRECTION('',(-0.707106781186548,-0.707106781186548,0.));
#1842=DIRECTION('',(0.,0.,-1.));
#1843=DIRECTION('center_axis',(0.707106781186548,0.707106781186548,0.));
#1844=DIRECTION('ref_axis',(0.707106781186548,-0.707106781186548,0.));
#1845=DIRECTION('',(0.707106781186548,-0.707106781186548,0.));
#1846=DIRECTION('',(0.,0.,-1.));
#1847=DIRECTION('',(0.707106781186548,-0.707106781186548,0.));
#1848=DIRECTION('',(0.,0.,-1.));
#1849=DIRECTION('center_axis',(0.,1.,0.));
#1850=DIRECTION('ref_axis',(-1.,0.,0.));
#1851=DIRECTION('',(1.,0.,0.));
#1852=DIRECTION('',(0.,0.,1.));
#1853=DIRECTION('',(1.,0.,0.));
#1854=DIRECTION('center_axis',(-1.,0.,0.));
#1855=DIRECTION('ref_axis',(0.,0.,-1.));
#1856=DIRECTION('center_axis',(-1.,0.,0.));
#1857=DIRECTION('ref_axis',(0.,0.,-1.));
#1858=DIRECTION('',(1.,0.,0.));
#1859=DIRECTION('center_axis',(1.,0.,0.));
#1860=DIRECTION('ref_axis',(0.,0.,-1.));
#1861=DIRECTION('center_axis',(-1.,0.,0.));
#1862=DIRECTION('ref_axis',(0.,0.,-1.));
#1863=DIRECTION('center_axis',(-1.,0.,0.));
#1864=DIRECTION('ref_axis',(0.,0.,-1.));
#1865=DIRECTION('',(1.,0.,0.));
#1866=DIRECTION('center_axis',(1.,0.,0.));
#1867=DIRECTION('ref_axis',(0.,0.,-1.));
#1868=DIRECTION('center_axis',(-1.,0.,0.));
#1869=DIRECTION('ref_axis',(0.,0.,-1.));
#1870=DIRECTION('center_axis',(-1.,0.,0.));
#1871=DIRECTION('ref_axis',(0.,0.,-1.));
#1872=DIRECTION('',(1.,0.,0.));
#1873=DIRECTION('center_axis',(1.,0.,0.));
#1874=DIRECTION('ref_axis',(0.,0.,-1.));
#1875=DIRECTION('center_axis',(0.,0.707106781186548,-0.707106781186548));
#1876=DIRECTION('ref_axis',(-1.,0.,0.));
#1877=DIRECTION('',(0.577350269189626,0.577350269189626,0.577350269189626));
#1878=DIRECTION('',(-1.,0.,0.));
#1879=DIRECTION('',(0.577350269189626,-0.577350269189626,-0.577350269189626));
#1880=DIRECTION('',(1.,0.,0.));
#1881=DIRECTION('center_axis',(-0.707106781186548,0.,-0.707106781186548));
#1882=DIRECTION('ref_axis',(-0.707106781186548,0.,0.707106781186548));
#1883=DIRECTION('',(0.,-1.,0.));
#1884=DIRECTION('',(0.577350269189626,0.577350269189626,-0.577350269189626));
#1885=DIRECTION('',(0.,1.,0.));
#1886=DIRECTION('center_axis',(0.,-0.707106781186548,-0.707106781186548));
#1887=DIRECTION('ref_axis',(-1.,0.,0.));
#1888=DIRECTION('',(-1.,0.,0.));
#1889=DIRECTION('',(1.,0.,0.));
#1890=DIRECTION('center_axis',(0.,1.,0.));
#1891=DIRECTION('ref_axis',(0.,0.,-1.));
#1892=DIRECTION('',(0.,0.,1.));
#1893=DIRECTION('',(1.,0.,0.));
#1894=DIRECTION('',(0.,0.,1.));
#1895=DIRECTION('center_axis',(-1.,0.,0.));
#1896=DIRECTION('ref_axis',(0.,-1.,0.));
#1897=DIRECTION('',(0.,1.,0.));
#1898=DIRECTION('center_axis',(1.,0.,0.));
#1899=DIRECTION('ref_axis',(0.,-0.707106781186548,0.707106781186548));
#1900=DIRECTION('',(0.,1.,0.));
#1901=DIRECTION('center_axis',(1.,0.,0.));
#1902=DIRECTION('ref_axis',(0.,0.707106781186548,0.707106781186548));
#1903=DIRECTION('',(0.,0.,-1.));
#1904=DIRECTION('center_axis',(0.,-1.,0.));
#1905=DIRECTION('ref_axis',(0.,0.,1.));
#1906=DIRECTION('',(-1.,0.,0.));
#1907=DIRECTION('',(-1.,0.,0.));
#1908=DIRECTION('center_axis',(0.,-0.707106781186548,-0.707106781186548));
#1909=DIRECTION('ref_axis',(-1.,0.,0.));
#1910=DIRECTION('',(1.,0.,0.));
#1911=DIRECTION('',(-0.577350269189626,0.577350269189626,-0.577350269189626));
#1912=DIRECTION('',(-1.,0.,0.));
#1913=DIRECTION('center_axis',(0.707106781186548,0.,-0.707106781186548));
#1914=DIRECTION('ref_axis',(-0.707106781186548,0.,-0.707106781186548));
#1915=DIRECTION('',(-0.707106781186548,0.,-0.707106781186548));
#1916=DIRECTION('',(0.,-1.,0.));
#1917=DIRECTION('',(0.,1.,0.));
#1918=DIRECTION('center_axis',(0.,-1.,0.));
#1919=DIRECTION('ref_axis',(0.,0.,1.));
#1920=DIRECTION('',(-1.,0.,0.));
#1921=DIRECTION('',(-1.,0.,0.));
#1922=DIRECTION('',(0.,0.,-1.));
#1923=DIRECTION('center_axis',(1.,0.,0.));
#1924=DIRECTION('ref_axis',(0.,1.,0.));
#1925=DIRECTION('center_axis',(-1.,0.,0.));
#1926=DIRECTION('ref_axis',(0.,0.707106781186548,0.707106781186548));
#1927=DIRECTION('',(0.,-1.,0.));
#1928=DIRECTION('center_axis',(-1.,0.,0.));
#1929=DIRECTION('ref_axis',(0.,-0.707106781186548,0.707106781186548));
#1930=DIRECTION('',(0.,-1.,0.));
#1931=DIRECTION('',(0.,0.,1.));
#1932=DIRECTION('center_axis',(0.,1.,0.));
#1933=DIRECTION('ref_axis',(0.,0.,-1.));
#1934=DIRECTION('',(1.,0.,0.));
#1935=DIRECTION('',(-1.,0.,0.));
#1936=DIRECTION('center_axis',(-0.707106781186548,0.707106781186548,0.));
#1937=DIRECTION('ref_axis',(0.707106781186548,0.707106781186548,0.));
#1938=DIRECTION('',(0.,0.,1.));
#1939=DIRECTION('',(0.707106781186548,0.707106781186548,0.));
#1940=DIRECTION('',(0.707106781186548,0.707106781186548,0.));
#1941=DIRECTION('center_axis',(0.,0.,-1.));
#1942=DIRECTION('ref_axis',(-1.,0.,0.));
#1943=DIRECTION('',(0.,1.,0.));
#1944=DIRECTION('',(-1.,0.,0.));
#1945=DIRECTION('',(1.,0.,0.));
#1946=DIRECTION('',(0.,-1.,0.));
#1947=DIRECTION('',(1.,0.,0.));
#1948=DIRECTION('',(0.,-1.,0.));
#1949=DIRECTION('',(1.,0.,0.));
#1950=DIRECTION('',(-1.,0.,0.));
#1951=DIRECTION('',(0.,-1.,0.));
#1952=DIRECTION('',(1.,0.,0.));
#1953=DIRECTION('center_axis',(0.,0.,-1.));
#1954=DIRECTION('ref_axis',(0.,-1.,0.));
#1955=DIRECTION('center_axis',(0.,1.,0.));
#1956=DIRECTION('ref_axis',(-1.,0.,0.));
#1957=DIRECTION('',(0.,0.,1.));
#1958=DIRECTION('',(1.,0.,0.));
#1959=DIRECTION('center_axis',(0.,0.,-1.));
#1960=DIRECTION('ref_axis',(-1.,0.,0.));
#1961=DIRECTION('',(0.,-1.,0.));
#1962=DIRECTION('',(1.,0.,0.));
#1963=DIRECTION('center_axis',(0.,0.,-1.));
#1964=DIRECTION('ref_axis',(-1.,0.,0.));
#1965=DIRECTION('',(1.,0.,0.));
#1966=DIRECTION('',(0.,1.,0.));
#1967=DIRECTION('center_axis',(0.,0.,-1.));
#1968=DIRECTION('ref_axis',(0.,-1.,0.));
#1969=DIRECTION('center_axis',(0.,0.,-1.));
#1970=DIRECTION('ref_axis',(-1.,0.,0.));
#1971=DIRECTION('',(0.,1.,0.));
#1972=DIRECTION('',(-1.,0.,0.));
#1973=DIRECTION('',(0.,-1.,0.));
#1974=DIRECTION('center_axis',(-1.,0.,0.));
#1975=DIRECTION('ref_axis',(0.,-1.,0.));
#1976=DIRECTION('center_axis',(1.,0.,0.));
#1977=DIRECTION('ref_axis',(0.,0.707106781186548,0.707106781186548));
#1978=DIRECTION('center_axis',(-1.,0.,0.));
#1979=DIRECTION('ref_axis',(0.,0.707106781186548,-0.707106781186548));
#1980=DIRECTION('center_axis',(1.,0.,0.));
#1981=DIRECTION('ref_axis',(0.,0.707106781186548,0.707106781186548));
#1982=DIRECTION('center_axis',(-1.,0.,0.));
#1983=DIRECTION('ref_axis',(0.,0.707106781186548,0.707106781186548));
#1984=DIRECTION('center_axis',(1.,0.,0.));
#1985=DIRECTION('ref_axis',(0.,1.,0.));
#1986=DIRECTION('center_axis',(1.,0.,0.));
#1987=DIRECTION('ref_axis',(0.,0.707106781186548,0.707106781186548));
#1988=DIRECTION('center_axis',(1.,0.,0.));
#1989=DIRECTION('ref_axis',(0.,0.707106781186548,0.707106781186548));
#1990=DIRECTION('center_axis',(1.,0.,0.));
#1991=DIRECTION('ref_axis',(0.,0.707106781186548,-0.707106781186548));
#1992=DIRECTION('center_axis',(1.,0.,0.));
#1993=DIRECTION('ref_axis',(0.,1.,0.));
#1994=DIRECTION('center_axis',(-1.,0.,0.));
#1995=DIRECTION('ref_axis',(0.,-0.707106781186548,0.707106781186548));
#1996=DIRECTION('center_axis',(-1.,0.,0.));
#1997=DIRECTION('ref_axis',(0.,-0.707106781186548,0.707106781186548));
#1998=DIRECTION('center_axis',(1.,0.,0.));
#1999=DIRECTION('ref_axis',(0.,-0.707106781186548,0.707106781186548));
#2000=DIRECTION('center_axis',(-1.,0.,0.));
#2001=DIRECTION('ref_axis',(0.,-1.,0.));
#2002=DIRECTION('center_axis',(-1.,0.,0.));
#2003=DIRECTION('ref_axis',(0.,-0.707106781186548,0.707106781186548));
#2004=CARTESIAN_POINT('',(0.,0.,0.));
#2005=CARTESIAN_POINT('Origin',(1.9486103,-2.32938572,0.275));
#2006=CARTESIAN_POINT('',(1.81690475824047,-2.85000000004838,-1.59644621596418E-9));
#2007=CARTESIAN_POINT('',(1.03908729895363,-2.85000000004421,0.549999997834128));
#2008=CARTESIAN_POINT('',(1.19035356166766,-2.85,0.443038593828969));
#2009=CARTESIAN_POINT('',(3.88908729963939,0.,0.549999999278888));
#2010=CARTESIAN_POINT('',(-2.67701397,-6.56610127,0.55));
#2011=CARTESIAN_POINT('',(4.66690475937828,-1.85037170770859E-16,-5.82154000931349E-11));
#2012=CARTESIAN_POINT('',(3.8890873,0.,0.55));
#2013=CARTESIAN_POINT('',(8.60501,3.93810524,0.));
#2014=CARTESIAN_POINT('Origin',(2.32938572,1.9486103,0.275));
#2015=CARTESIAN_POINT('',(7.40148683083438E-16,4.66690475937828,-5.82154000931349E-11));
#2016=CARTESIAN_POINT('',(-2.93810524,7.60501,0.));
#2017=CARTESIAN_POINT('',(-1.38777878078145E-16,3.88908729963939,0.549999999278888));
#2018=CARTESIAN_POINT('',(8.21610127,-4.32701397,0.55));
#2019=CARTESIAN_POINT('',(0.,3.8890873,0.55));
#2020=CARTESIAN_POINT('Origin',(-2.32938572,1.9486103,0.275));
#2021=CARTESIAN_POINT('',(-4.66690475937828,0.,-5.82154000931349E-11));
#2022=CARTESIAN_POINT('',(-8.60501,-3.93810524,0.));
#2023=CARTESIAN_POINT('',(-3.88908729963939,-2.77555756156289E-16,0.549999999278888));
#2024=CARTESIAN_POINT('',(3.32701397,7.21610127,0.55));
#2025=CARTESIAN_POINT('',(-3.8890873,0.,0.55));
#2026=CARTESIAN_POINT('Origin',(-1.9486103,-2.32938572,0.275));
#2027=CARTESIAN_POINT('',(-1.03908729895363,-2.85000000004421,0.549999997834128));
#2028=CARTESIAN_POINT('',(-1.81690475824047,-2.85000000004838,-1.59644621596418E-9));
#2029=CARTESIAN_POINT('',(-1.19035356166766,-2.85,0.443038593828969));
#2030=CARTESIAN_POINT('',(2.28810524,-6.95501,0.));
#2031=CARTESIAN_POINT('',(-8.21610127,4.32701397,0.55));
#2032=CARTESIAN_POINT('Origin',(-1.94454365,1.94454365,10.2));
#2033=CARTESIAN_POINT('',(0.,3.8890873,4.));
#2034=CARTESIAN_POINT('',(0.,3.8890873,123460.2));
#2035=CARTESIAN_POINT('',(-1.3890873,2.5,4.));
#2036=CARTESIAN_POINT('',(-87294.46706884,-87290.57798154,4.));
#2037=CARTESIAN_POINT('',(-1.3890873,2.5,4.05));
#2038=CARTESIAN_POINT('',(-1.3890873,2.5,123457.6));
#2039=CARTESIAN_POINT('',(-3.3390873,0.55,6.));
#2040=CARTESIAN_POINT('',(-71277.91678966,-71274.02770236,71280.57770236));
#2041=CARTESIAN_POINT('',(-3.8890873,0.,6.));
#2042=CARTESIAN_POINT('',(-87296.31277338,-87292.42368608,6.));
#2043=CARTESIAN_POINT('',(-3.8890873,0.,123460.2));
#2044=CARTESIAN_POINT('Origin',(1.94454365,1.94454365,10.2));
#2045=CARTESIAN_POINT('',(3.8890873,0.,6.));
#2046=CARTESIAN_POINT('',(3.8890873,0.,123460.2));
#2047=CARTESIAN_POINT('',(3.33908729683058,0.549999999089414,6.00000000110473));
#2048=CARTESIAN_POINT('',(-87292.35150158,87296.24058888,6.));
#2049=CARTESIAN_POINT('',(1.38908729703466,2.49999999889042,4.05000000148078));
#2050=CARTESIAN_POINT('',(-71272.53133993,71276.42042722,-71269.87042722));
#2051=CARTESIAN_POINT('',(1.3890873,2.5,4.));
#2052=CARTESIAN_POINT('',(1.3890873,2.5,-123442.4));
#2053=CARTESIAN_POINT('',(-87290.19720612,87294.08629342,4.));
#2054=CARTESIAN_POINT('Origin',(1.94454365,-1.94454365,10.2));
#2055=CARTESIAN_POINT('',(1.0390873,-2.85,4.));
#2056=CARTESIAN_POINT('',(1.0390873,-2.85,123455.1));
#2057=CARTESIAN_POINT('',(1.1003493,-2.788738,4.));
#2058=CARTESIAN_POINT('',(87294.08629342,87290.19720612,4.));
#2059=CARTESIAN_POINT('',(1.1003493,-2.788738,6.));
#2060=CARTESIAN_POINT('',(1.1003493,-2.788738,123457.6));
#2061=CARTESIAN_POINT('',(87292.24058888,87288.35150158,6.));
#2062=CARTESIAN_POINT('Origin',(0.,-2.85,0.));
#2063=CARTESIAN_POINT('',(2.75,-2.85,0.));
#2064=CARTESIAN_POINT('',(123452.75,-2.85,0.));
#2065=CARTESIAN_POINT('',(2.75,-2.85,4.));
#2066=CARTESIAN_POINT('',(2.75,-2.85,-123450.));
#2067=CARTESIAN_POINT('',(123452.75,-2.85,4.));
#2068=CARTESIAN_POINT('Origin',(13.4,-6.35,2.));
#2069=CARTESIAN_POINT('',(8.,-6.35,3.125));
#2070=CARTESIAN_POINT('Origin',(8.,-6.35,2.));
#2071=CARTESIAN_POINT('',(2.75,-6.35,3.125));
#2072=CARTESIAN_POINT('',(13.4,-6.35,3.125));
#2073=CARTESIAN_POINT('Origin',(2.75,-6.35,2.));
#2074=CARTESIAN_POINT('Origin',(13.4,-6.35,2.));
#2075=CARTESIAN_POINT('',(-2.75,-6.35,3.125));
#2076=CARTESIAN_POINT('Origin',(-2.75,-6.35,2.));
#2077=CARTESIAN_POINT('',(-8.,-6.35,3.125));
#2078=CARTESIAN_POINT('',(13.4,-6.35,3.125));
#2079=CARTESIAN_POINT('Origin',(-8.,-6.35,2.));
#2080=CARTESIAN_POINT('Origin',(13.4,7.,2.));
#2081=CARTESIAN_POINT('',(2.5,7.,3.));
#2082=CARTESIAN_POINT('Origin',(2.5,7.,2.));
#2083=CARTESIAN_POINT('',(-2.5,7.,3.));
#2084=CARTESIAN_POINT('',(13.4,7.,3.));
#2085=CARTESIAN_POINT('Origin',(-2.5,7.,2.));
#2086=CARTESIAN_POINT('Origin',(-8.,-1.813738,5.025));
#2087=CARTESIAN_POINT('',(-1.1003493,-2.788738,4.05));
#2088=CARTESIAN_POINT('',(-3.0503493,-0.838738,6.));
#2089=CARTESIAN_POINT('',(71270.00904226,-71273.89812956,-71267.05939156));
#2090=CARTESIAN_POINT('',(-6.05,-0.838738,6.));
#2091=CARTESIAN_POINT('',(4.9446607,-0.838738,6.));
#2092=CARTESIAN_POINT('',(-8.,-2.788738,4.05));
#2093=CARTESIAN_POINT('',(-6.05,-0.838738,6.));
#2094=CARTESIAN_POINT('',(-14.04501,-2.788738,4.05));
#2095=CARTESIAN_POINT('Origin',(-7.025,-1.0346845,5.025));
#2096=CARTESIAN_POINT('',(-8.,2.5,4.05));
#2097=CARTESIAN_POINT('',(-8.,8.54501,4.05));
#2098=CARTESIAN_POINT('',(-6.05,0.55,6.));
#2099=CARTESIAN_POINT('',(-6.05,-10.49501,6.));
#2100=CARTESIAN_POINT('',(-6.05,0.55,6.));
#2101=CARTESIAN_POINT('Origin',(-8.,1.525,5.025));
#2102=CARTESIAN_POINT('',(4.6559227,2.5,4.05));
#2103=CARTESIAN_POINT('',(-14.04501,0.55,6.));
#2104=CARTESIAN_POINT('Origin',(-8.,-2.788738,5.));
#2105=CARTESIAN_POINT('',(-8.,-2.788738,4.));
#2106=CARTESIAN_POINT('',(-8.,-2.788738,-123446.));
#2107=CARTESIAN_POINT('',(-1.1003493,-2.788738,4.));
#2108=CARTESIAN_POINT('',(123446.,-2.788738,4.));
#2109=CARTESIAN_POINT('',(-1.1003493,-2.788738,-123442.4));
#2110=CARTESIAN_POINT('Origin',(-8.,-1.925,0.));
#2111=CARTESIAN_POINT('',(-8.,2.5,4.));
#2112=CARTESIAN_POINT('',(-8.,2.5,123456.));
#2113=CARTESIAN_POINT('',(-8.,2.5,0.));
#2114=CARTESIAN_POINT('Origin',(-8.,2.5,2.));
#2115=CARTESIAN_POINT('',(-8.,-6.35,0.));
#2116=CARTESIAN_POINT('',(-8.,-123458.35,0.));
#2117=CARTESIAN_POINT('',(-8.,-6.35,4.));
#2118=CARTESIAN_POINT('Origin',(-8.,-6.35,2.));
#2119=CARTESIAN_POINT('',(-8.,-123458.35,4.));
#2120=CARTESIAN_POINT('Origin',(-8.,2.5,5.));
#2121=CARTESIAN_POINT('',(-2.5,2.5,4.));
#2122=CARTESIAN_POINT('',(-123454.,2.5,4.));
#2123=CARTESIAN_POINT('',(-14.20001,2.5,4.));
#2124=CARTESIAN_POINT('Origin',(-8.,1.525,5.025));
#2125=CARTESIAN_POINT('',(6.05,0.55,6.));
#2126=CARTESIAN_POINT('',(-4.6559227,0.55,6.));
#2127=CARTESIAN_POINT('',(8.,2.5,4.05));
#2128=CARTESIAN_POINT('',(6.05,0.55,6.));
#2129=CARTESIAN_POINT('',(14.04501,2.5,4.05));
#2130=CARTESIAN_POINT('Origin',(7.025,-1.0346845,5.025));
#2131=CARTESIAN_POINT('',(6.05,-2.788738,6.));
#2132=CARTESIAN_POINT('',(8.,-2.788738,4.05));
#2133=CARTESIAN_POINT('',(-87289.05713748,-2.788738,87301.10713748));
#2134=CARTESIAN_POINT('',(8.,-10.49501,4.05));
#2135=CARTESIAN_POINT('',(6.05,8.54501,6.));
#2136=CARTESIAN_POINT('Origin',(-8.,2.5,5.));
#2137=CARTESIAN_POINT('',(8.,2.5,4.));
#2138=CARTESIAN_POINT('',(8.,2.5,123456.));
#2139=CARTESIAN_POINT('',(2.5,2.5,4.));
#2140=CARTESIAN_POINT('',(-10.20001,2.5,4.));
#2141=CARTESIAN_POINT('',(-123454.,2.5,4.));
#2142=CARTESIAN_POINT('Origin',(8.,-1.925,0.));
#2143=CARTESIAN_POINT('',(8.,-2.788738,4.));
#2144=CARTESIAN_POINT('',(8.,-2.788738,-123446.));
#2145=CARTESIAN_POINT('',(8.,-6.35,4.));
#2146=CARTESIAN_POINT('',(8.,123454.5,4.));
#2147=CARTESIAN_POINT('',(8.,-6.35,0.));
#2148=CARTESIAN_POINT('Origin',(8.,-6.35,2.));
#2149=CARTESIAN_POINT('',(8.,2.5,0.));
#2150=CARTESIAN_POINT('',(8.,123454.5,0.));
#2151=CARTESIAN_POINT('Origin',(8.,2.5,2.));
#2152=CARTESIAN_POINT('Origin',(-8.,-2.788738,5.));
#2153=CARTESIAN_POINT('',(-123458.,-2.788738,6.));
#2154=CARTESIAN_POINT('',(123446.,-2.788738,4.));
#2155=CARTESIAN_POINT('Origin',(-1.94454365,-1.94454365,10.2));
#2156=CARTESIAN_POINT('',(87288.42368608,-87292.31277338,6.));
#2157=CARTESIAN_POINT('',(-1.0390873,-2.85,4.));
#2158=CARTESIAN_POINT('',(87290.57798154,-87294.46706884,4.));
#2159=CARTESIAN_POINT('',(-1.0390873,-2.85,-123444.9));
#2160=CARTESIAN_POINT('Origin',(0.,-0.76155084,0.));
#2161=CARTESIAN_POINT('',(-2.75,-2.85,0.));
#2162=CARTESIAN_POINT('',(123452.75,-2.85,0.));
#2163=CARTESIAN_POINT('',(-2.75,-6.35,0.));
#2164=CARTESIAN_POINT('',(-2.75,123447.15,0.));
#2165=CARTESIAN_POINT('',(-14.20001,-6.35,0.));
#2166=CARTESIAN_POINT('',(-2.5,2.5,0.));
#2167=CARTESIAN_POINT('',(10.20001,2.5,0.));
#2168=CARTESIAN_POINT('',(-2.5,7.,0.));
#2169=CARTESIAN_POINT('',(-2.5,123452.99422458,0.));
#2170=CARTESIAN_POINT('',(2.5,7.,0.));
#2171=CARTESIAN_POINT('',(10.20001,7.,0.));
#2172=CARTESIAN_POINT('',(2.5,2.5,0.));
#2173=CARTESIAN_POINT('',(2.5,123459.,0.));
#2174=CARTESIAN_POINT('',(14.20001,2.5,0.));
#2175=CARTESIAN_POINT('',(2.75,-6.35,0.));
#2176=CARTESIAN_POINT('',(-10.20001,-6.35,0.));
#2177=CARTESIAN_POINT('',(2.75,-123458.35,0.));
#2178=CARTESIAN_POINT('Origin',(-8.,-0.144369,6.));
#2179=CARTESIAN_POINT('Origin',(0.,-2.85,0.));
#2180=CARTESIAN_POINT('',(-2.75,-2.85,4.));
#2181=CARTESIAN_POINT('',(123452.75,-2.85,4.));
#2182=CARTESIAN_POINT('',(-2.75,-2.85,-123450.));
#2183=CARTESIAN_POINT('Origin',(0.,-0.76155084,4.));
#2184=CARTESIAN_POINT('',(-2.75,-6.35,4.));
#2185=CARTESIAN_POINT('',(10.20001,-6.35,4.));
#2186=CARTESIAN_POINT('',(-2.75,123447.15,4.));
#2187=CARTESIAN_POINT('Origin',(0.,-0.76155084,4.));
#2188=CARTESIAN_POINT('',(2.75,-6.35,4.));
#2189=CARTESIAN_POINT('',(2.75,-123458.35,4.));
#2190=CARTESIAN_POINT('',(14.20001,-6.35,4.));
#2191=CARTESIAN_POINT('Origin',(-8.,-0.144369,6.));
#2192=CARTESIAN_POINT('Origin',(0.,-0.76155084,4.));
#2193=CARTESIAN_POINT('',(2.5,7.,4.));
#2194=CARTESIAN_POINT('',(2.5,123459.,4.));
#2195=CARTESIAN_POINT('',(-2.5,7.,4.));
#2196=CARTESIAN_POINT('',(-10.20001,7.,4.));
#2197=CARTESIAN_POINT('',(-2.5,-123447.00577542,4.));
#2198=CARTESIAN_POINT('Origin',(-2.5,6.75,0.));
#2199=CARTESIAN_POINT('Origin',(-2.5,7.,2.));
#2200=CARTESIAN_POINT('Origin',(-2.5,2.5,2.));
#2201=CARTESIAN_POINT('Origin',(0.,7.,2.));
#2202=CARTESIAN_POINT('Origin',(2.5,7.,2.));
#2203=CARTESIAN_POINT('Origin',(2.5,6.75,0.));
#2204=CARTESIAN_POINT('Origin',(2.5,2.5,2.));
#2205=CARTESIAN_POINT('Origin',(2.625,2.5,2.));
#2206=CARTESIAN_POINT('Origin',(-2.625,2.5,2.));
#2207=CARTESIAN_POINT('Origin',(-2.75,-5.6,0.));
#2208=CARTESIAN_POINT('Origin',(-2.75,-6.35,2.));
#2209=CARTESIAN_POINT('Origin',(2.6875,-6.35,2.));
#2210=CARTESIAN_POINT('Origin',(2.75,-6.35,2.));
#2211=CARTESIAN_POINT('Origin',(2.75,-5.6,0.));
#2212=CARTESIAN_POINT('Origin',(-2.6875,-6.35,2.));
#2213=CARTESIAN_POINT('Origin',(-1.9486103,-2.32938572,0.275));
#2214=CARTESIAN_POINT('',(-1.81690475824047,-2.85000000004838,-1.59644621596418E-9));
#2215=CARTESIAN_POINT('',(-1.03908729895363,-2.85000000004421,0.549999997834128));
#2216=CARTESIAN_POINT('',(-1.19035356166766,-2.85,0.443038593828969));
#2217=CARTESIAN_POINT('',(-4.66690475937828,-1.85037170770859E-16,-5.82154000931349E-11));
#2218=CARTESIAN_POINT('',(-8.60501,3.93810524,0.));
#2219=CARTESIAN_POINT('',(-3.88908729963939,0.,0.549999999278888));
#2220=CARTESIAN_POINT('',(-3.8890873,0.,0.55));
#2221=CARTESIAN_POINT('',(2.67701397,-6.56610127,0.55));
#2222=CARTESIAN_POINT('Origin',(-2.32938572,1.9486103,0.275));
#2223=CARTESIAN_POINT('',(-7.40148683083438E-16,4.66690475937828,-5.82154000931349E-11));
#2224=CARTESIAN_POINT('',(2.93810524,7.60501,0.));
#2225=CARTESIAN_POINT('',(1.38777878078145E-16,3.88908729963939,0.549999999278888));
#2226=CARTESIAN_POINT('',(0.,3.8890873,0.55));
#2227=CARTESIAN_POINT('',(-8.21610127,-4.32701397,0.55));
#2228=CARTESIAN_POINT('Origin',(2.32938572,1.9486103,0.275));
#2229=CARTESIAN_POINT('',(4.66690475937828,0.,-5.82154000931349E-11));
#2230=CARTESIAN_POINT('',(8.60501,-3.93810524,0.));
#2231=CARTESIAN_POINT('',(3.88908729963939,-2.77555756156289E-16,0.549999999278888));
#2232=CARTESIAN_POINT('',(3.8890873,0.,0.55));
#2233=CARTESIAN_POINT('',(-3.32701397,7.21610127,0.55));
#2234=CARTESIAN_POINT('Origin',(1.9486103,-2.32938572,0.275));
#2235=CARTESIAN_POINT('',(1.03908729895363,-2.85000000004421,0.549999997834128));
#2236=CARTESIAN_POINT('',(1.81690475824047,-2.85000000004838,-1.59644621596418E-9));
#2237=CARTESIAN_POINT('',(1.19035356166766,-2.85,0.443038593828969));
#2238=CARTESIAN_POINT('',(8.21610127,4.32701397,0.55));
#2239=CARTESIAN_POINT('',(-2.28810524,-6.95501,0.));
#2240=CARTESIAN_POINT('Origin',(1.94454365,1.94454365,10.2));
#2241=CARTESIAN_POINT('',(3.8890873,0.,6.));
#2242=CARTESIAN_POINT('',(3.8890873,0.,123460.2));
#2243=CARTESIAN_POINT('',(3.3390873,0.55,6.));
#2244=CARTESIAN_POINT('',(87296.31277338,-87292.42368608,6.));
#2245=CARTESIAN_POINT('',(1.3890873,2.5,4.05));
#2246=CARTESIAN_POINT('',(71277.91678966,-71274.02770236,71280.57770236));
#2247=CARTESIAN_POINT('',(1.3890873,2.5,4.));
#2248=CARTESIAN_POINT('',(1.3890873,2.5,123457.6));
#2249=CARTESIAN_POINT('',(0.,3.8890873,4.));
#2250=CARTESIAN_POINT('',(87294.46706884,-87290.57798154,4.));
#2251=CARTESIAN_POINT('',(0.,3.8890873,123460.2));
#2252=CARTESIAN_POINT('Origin',(-1.94454365,1.94454365,10.2));
#2253=CARTESIAN_POINT('',(-1.3890873,2.5,4.));
#2254=CARTESIAN_POINT('',(87290.19720612,87294.08629342,4.));
#2255=CARTESIAN_POINT('',(-1.38908729703466,2.49999999889042,4.05000000148078));
#2256=CARTESIAN_POINT('',(-1.3890873,2.5,-123442.4));
#2257=CARTESIAN_POINT('',(-3.33908729683058,0.549999999089414,6.00000000110473));
#2258=CARTESIAN_POINT('',(71272.53133993,71276.42042722,-71269.87042722));
#2259=CARTESIAN_POINT('',(-3.8890873,0.,6.));
#2260=CARTESIAN_POINT('',(87292.35150158,87296.24058888,6.));
#2261=CARTESIAN_POINT('',(-3.8890873,0.,123460.2));
#2262=CARTESIAN_POINT('Origin',(-1.94454365,-1.94454365,10.2));
#2263=CARTESIAN_POINT('',(-1.1003493,-2.788738,6.));
#2264=CARTESIAN_POINT('',(-87292.24058888,87288.35150158,6.));
#2265=CARTESIAN_POINT('',(-1.1003493,-2.788738,4.));
#2266=CARTESIAN_POINT('',(-1.1003493,-2.788738,123457.6));
#2267=CARTESIAN_POINT('',(-1.0390873,-2.85,4.));
#2268=CARTESIAN_POINT('',(-87294.08629342,87290.19720612,4.));
#2269=CARTESIAN_POINT('',(-1.0390873,-2.85,123455.1));
#2270=CARTESIAN_POINT('Origin',(0.,-2.85,0.));
#2271=CARTESIAN_POINT('',(-2.75,-2.85,4.));
#2272=CARTESIAN_POINT('',(-123452.75,-2.85,4.));
#2273=CARTESIAN_POINT('',(-2.75,-2.85,0.));
#2274=CARTESIAN_POINT('',(-2.75,-2.85,-123450.));
#2275=CARTESIAN_POINT('',(-123452.75,-2.85,0.));
#2276=CARTESIAN_POINT('Origin',(-13.4,-6.35,2.));
#2277=CARTESIAN_POINT('',(-8.,-6.35,3.125));
#2278=CARTESIAN_POINT('Origin',(-8.,-6.35,2.));
#2279=CARTESIAN_POINT('',(-2.75,-6.35,3.125));
#2280=CARTESIAN_POINT('',(-13.4,-6.35,3.125));
#2281=CARTESIAN_POINT('Origin',(-2.75,-6.35,2.));
#2282=CARTESIAN_POINT('Origin',(-13.4,-6.35,2.));
#2283=CARTESIAN_POINT('',(2.75,-6.35,3.125));
#2284=CARTESIAN_POINT('Origin',(2.75,-6.35,2.));
#2285=CARTESIAN_POINT('',(8.,-6.35,3.125));
#2286=CARTESIAN_POINT('',(-13.4,-6.35,3.125));
#2287=CARTESIAN_POINT('Origin',(8.,-6.35,2.));
#2288=CARTESIAN_POINT('Origin',(-13.4,7.,2.));
#2289=CARTESIAN_POINT('',(-2.5,7.,3.));
#2290=CARTESIAN_POINT('Origin',(-2.5,7.,2.));
#2291=CARTESIAN_POINT('',(2.5,7.,3.));
#2292=CARTESIAN_POINT('',(-13.4,7.,3.));
#2293=CARTESIAN_POINT('Origin',(2.5,7.,2.));
#2294=CARTESIAN_POINT('Origin',(8.,-1.813738,5.025));
#2295=CARTESIAN_POINT('',(1.1003493,-2.788738,4.05));
#2296=CARTESIAN_POINT('',(3.0503493,-0.838738,6.));
#2297=CARTESIAN_POINT('',(-71270.00904226,-71273.89812956,-71267.05939156));
#2298=CARTESIAN_POINT('',(8.,-2.788738,4.05));
#2299=CARTESIAN_POINT('',(14.04501,-2.788738,4.05));
#2300=CARTESIAN_POINT('',(6.05,-0.838738,6.));
#2301=CARTESIAN_POINT('',(6.05,-0.838738,6.));
#2302=CARTESIAN_POINT('',(-4.9446607,-0.838738,6.));
#2303=CARTESIAN_POINT('Origin',(7.025,-1.0346845,5.025));
#2304=CARTESIAN_POINT('',(8.,2.5,4.05));
#2305=CARTESIAN_POINT('',(8.,8.54501,4.05));
#2306=CARTESIAN_POINT('',(6.05,0.55,6.));
#2307=CARTESIAN_POINT('',(6.05,0.55,6.));
#2308=CARTESIAN_POINT('',(6.05,-10.49501,6.));
#2309=CARTESIAN_POINT('Origin',(8.,1.525,5.025));
#2310=CARTESIAN_POINT('',(14.04501,0.55,6.));
#2311=CARTESIAN_POINT('',(-4.6559227,2.5,4.05));
#2312=CARTESIAN_POINT('Origin',(8.,-2.788738,5.));
#2313=CARTESIAN_POINT('',(1.1003493,-2.788738,4.));
#2314=CARTESIAN_POINT('',(1.1003493,-2.788738,-123442.4));
#2315=CARTESIAN_POINT('',(8.,-2.788738,4.));
#2316=CARTESIAN_POINT('',(-123446.,-2.788738,4.));
#2317=CARTESIAN_POINT('',(8.,-2.788738,-123446.));
#2318=CARTESIAN_POINT('Origin',(8.,-1.925,0.));
#2319=CARTESIAN_POINT('',(8.,-6.35,4.));
#2320=CARTESIAN_POINT('',(8.,-123458.35,4.));
#2321=CARTESIAN_POINT('',(8.,-6.35,0.));
#2322=CARTESIAN_POINT('Origin',(8.,-6.35,2.));
#2323=CARTESIAN_POINT('',(8.,2.5,0.));
#2324=CARTESIAN_POINT('',(8.,-123458.35,0.));
#2325=CARTESIAN_POINT('',(8.,2.5,4.));
#2326=CARTESIAN_POINT('Origin',(8.,2.5,2.));
#2327=CARTESIAN_POINT('',(8.,2.5,123456.));
#2328=CARTESIAN_POINT('Origin',(8.,2.5,5.));
#2329=CARTESIAN_POINT('',(2.5,2.5,4.));
#2330=CARTESIAN_POINT('',(14.20001,2.5,4.));
#2331=CARTESIAN_POINT('',(123454.,2.5,4.));
#2332=CARTESIAN_POINT('Origin',(8.,1.525,5.025));
#2333=CARTESIAN_POINT('',(-8.,2.5,4.05));
#2334=CARTESIAN_POINT('',(-14.04501,2.5,4.05));
#2335=CARTESIAN_POINT('',(-6.05,0.55,6.));
#2336=CARTESIAN_POINT('',(-6.05,0.55,6.));
#2337=CARTESIAN_POINT('',(4.6559227,0.55,6.));
#2338=CARTESIAN_POINT('Origin',(-7.025,-1.0346845,5.025));
#2339=CARTESIAN_POINT('',(-6.05,-2.788738,6.));
#2340=CARTESIAN_POINT('',(-8.,-2.788738,4.05));
#2341=CARTESIAN_POINT('',(87289.05713748,-2.788738,87301.10713748));
#2342=CARTESIAN_POINT('',(-6.05,8.54501,6.));
#2343=CARTESIAN_POINT('',(-8.,-10.49501,4.05));
#2344=CARTESIAN_POINT('Origin',(8.,2.5,5.));
#2345=CARTESIAN_POINT('',(-2.5,2.5,4.));
#2346=CARTESIAN_POINT('',(123454.,2.5,4.));
#2347=CARTESIAN_POINT('',(-8.,2.5,4.));
#2348=CARTESIAN_POINT('',(10.20001,2.5,4.));
#2349=CARTESIAN_POINT('',(-8.,2.5,123456.));
#2350=CARTESIAN_POINT('Origin',(-8.,-1.925,0.));
#2351=CARTESIAN_POINT('',(-8.,2.5,0.));
#2352=CARTESIAN_POINT('Origin',(-8.,2.5,2.));
#2353=CARTESIAN_POINT('',(-8.,-6.35,0.));
#2354=CARTESIAN_POINT('',(-8.,123454.5,0.));
#2355=CARTESIAN_POINT('',(-8.,-6.35,4.));
#2356=CARTESIAN_POINT('Origin',(-8.,-6.35,2.));
#2357=CARTESIAN_POINT('',(-8.,-2.788738,4.));
#2358=CARTESIAN_POINT('',(-8.,123454.5,4.));
#2359=CARTESIAN_POINT('',(-8.,-2.788738,-123446.));
#2360=CARTESIAN_POINT('Origin',(8.,-2.788738,5.));
#2361=CARTESIAN_POINT('',(-123446.,-2.788738,4.));
#2362=CARTESIAN_POINT('',(123458.,-2.788738,6.));
#2363=CARTESIAN_POINT('Origin',(1.94454365,-1.94454365,10.2));
#2364=CARTESIAN_POINT('',(1.0390873,-2.85,4.));
#2365=CARTESIAN_POINT('',(1.0390873,-2.85,-123444.9));
#2366=CARTESIAN_POINT('',(-87290.57798154,-87294.46706884,4.));
#2367=CARTESIAN_POINT('',(-87288.42368608,-87292.31277338,6.));
#2368=CARTESIAN_POINT('Origin',(0.,-0.76155084,0.));
#2369=CARTESIAN_POINT('',(-2.75,-6.35,0.));
#2370=CARTESIAN_POINT('',(-2.75,-123458.35,0.));
#2371=CARTESIAN_POINT('',(10.20001,-6.35,0.));
#2372=CARTESIAN_POINT('',(-2.5,2.5,0.));
#2373=CARTESIAN_POINT('',(-14.20001,2.5,0.));
#2374=CARTESIAN_POINT('',(-2.5,7.,0.));
#2375=CARTESIAN_POINT('',(-2.5,123459.,0.));
#2376=CARTESIAN_POINT('',(2.5,7.,0.));
#2377=CARTESIAN_POINT('',(-10.20001,7.,0.));
#2378=CARTESIAN_POINT('',(2.5,2.5,0.));
#2379=CARTESIAN_POINT('',(2.5,123452.99422458,0.));
#2380=CARTESIAN_POINT('',(-10.20001,2.5,0.));
#2381=CARTESIAN_POINT('',(2.75,-6.35,0.));
#2382=CARTESIAN_POINT('',(14.20001,-6.35,0.));
#2383=CARTESIAN_POINT('',(2.75,-2.85,0.));
#2384=CARTESIAN_POINT('',(2.75,123447.15,0.));
#2385=CARTESIAN_POINT('',(-123452.75,-2.85,0.));
#2386=CARTESIAN_POINT('Origin',(8.,-0.144369,6.));
#2387=CARTESIAN_POINT('Origin',(0.,-2.85,0.));
#2388=CARTESIAN_POINT('',(2.75,-2.85,4.));
#2389=CARTESIAN_POINT('',(2.75,-2.85,-123450.));
#2390=CARTESIAN_POINT('',(-123452.75,-2.85,4.));
#2391=CARTESIAN_POINT('Origin',(0.,-0.76155084,4.));
#2392=CARTESIAN_POINT('',(2.75,-6.35,4.));
#2393=CARTESIAN_POINT('',(2.75,123447.15,4.));
#2394=CARTESIAN_POINT('',(-10.20001,-6.35,4.));
#2395=CARTESIAN_POINT('Origin',(0.,-0.76155084,4.));
#2396=CARTESIAN_POINT('',(-2.75,-6.35,4.));
#2397=CARTESIAN_POINT('',(-14.20001,-6.35,4.));
#2398=CARTESIAN_POINT('',(-2.75,-123458.35,4.));
#2399=CARTESIAN_POINT('Origin',(8.,-0.144369,6.));
#2400=CARTESIAN_POINT('Origin',(0.,-0.76155084,4.));
#2401=CARTESIAN_POINT('',(2.5,7.,4.));
#2402=CARTESIAN_POINT('',(2.5,-123447.00577542,4.));
#2403=CARTESIAN_POINT('',(-2.5,7.,4.));
#2404=CARTESIAN_POINT('',(10.20001,7.,4.));
#2405=CARTESIAN_POINT('',(-2.5,123459.,4.));
#2406=CARTESIAN_POINT('Origin',(2.5,6.75,0.));
#2407=CARTESIAN_POINT('Origin',(2.5,7.,2.));
#2408=CARTESIAN_POINT('Origin',(2.5,2.5,2.));
#2409=CARTESIAN_POINT('Origin',(0.,7.,2.));
#2410=CARTESIAN_POINT('Origin',(-2.5,7.,2.));
#2411=CARTESIAN_POINT('Origin',(-2.5,6.75,0.));
#2412=CARTESIAN_POINT('Origin',(-2.5,2.5,2.));
#2413=CARTESIAN_POINT('Origin',(-2.625,2.5,2.));
#2414=CARTESIAN_POINT('Origin',(2.625,2.5,2.));
#2415=CARTESIAN_POINT('Origin',(2.75,-5.6,0.));
#2416=CARTESIAN_POINT('Origin',(2.75,-6.35,2.));
#2417=CARTESIAN_POINT('Origin',(-2.6875,-6.35,2.));
#2418=CARTESIAN_POINT('Origin',(-2.75,-6.35,2.));
#2419=CARTESIAN_POINT('Origin',(-2.75,-5.6,0.));
#2420=CARTESIAN_POINT('Origin',(2.6875,-6.35,2.));
#2421=UNCERTAINTY_MEASURE_WITH_UNIT(LENGTH_MEASURE(0.01),#2425,
'DISTANCE_ACCURACY_VALUE',
'Maximum model space distance between geometric entities at asserted c
onnectivities');
#2422=UNCERTAINTY_MEASURE_WITH_UNIT(LENGTH_MEASURE(0.01),#2425,
'DISTANCE_ACCURACY_VALUE',
'Maximum model space distance between geometric entities at asserted c
onnectivities');
#2423=(
GEOMETRIC_REPRESENTATION_CONTEXT(3)
GLOBAL_UNCERTAINTY_ASSIGNED_CONTEXT((#2421))
GLOBAL_UNIT_ASSIGNED_CONTEXT((#2425,#2427,#2428))
REPRESENTATION_CONTEXT('','3D')
);
#2424=(
GEOMETRIC_REPRESENTATION_CONTEXT(3)
GLOBAL_UNCERTAINTY_ASSIGNED_CONTEXT((#2422))
GLOBAL_UNIT_ASSIGNED_CONTEXT((#2425,#2427,#2428))
REPRESENTATION_CONTEXT('','3D')
);
#2425=(
LENGTH_UNIT()
NAMED_UNIT(*)
SI_UNIT(.MILLI.,.METRE.)
);
#2426=(
LENGTH_UNIT()
NAMED_UNIT(*)
SI_UNIT($,.METRE.)
);
#2427=(
NAMED_UNIT(*)
PLANE_ANGLE_UNIT()
SI_UNIT($,.RADIAN.)
);
#2428=(
NAMED_UNIT(*)
SI_UNIT($,.STERADIAN.)
SOLID_ANGLE_UNIT()
);
#2429=SHAPE_DEFINITION_REPRESENTATION(#2430,#2431);
#2430=PRODUCT_DEFINITION_SHAPE('',$,#2433);
#2431=SHAPE_REPRESENTATION('',(#1497),#2423);
#2432=PRODUCT_DEFINITION_CONTEXT('part definition',#2437,'design');
#2433=PRODUCT_DEFINITION('track','track v4',#2434,#2432);
#2434=PRODUCT_DEFINITION_FORMATION('',$,#2439);
#2435=PRODUCT_RELATED_PRODUCT_CATEGORY('track v4','track v4',(#2439));
#2436=APPLICATION_PROTOCOL_DEFINITION('international standard',
'automotive_design',2009,#2437);
#2437=APPLICATION_CONTEXT(
'Core Data for Automotive Mechanical Design Process');
#2438=PRODUCT_CONTEXT('part definition',#2437,'mechanical');
#2439=PRODUCT('track','track v4',$,(#2438));
#2440=PRESENTATION_STYLE_ASSIGNMENT((#2441));
#2441=SURFACE_STYLE_USAGE(.BOTH.,#2442);
#2442=SURFACE_SIDE_STYLE('',(#2443));
#2443=SURFACE_STYLE_FILL_AREA(#2444);
#2444=FILL_AREA_STYLE('Plastic - Matte (Black)',(#2445));
#2445=FILL_AREA_STYLE_COLOUR('Plastic - Matte (Black)',#2446);
#2446=COLOUR_RGB('Plastic - Matte (Black)',0.0980392156862745,0.0980392156862745,
0.0980392156862745);
ENDSEC;
END-ISO-10303-21;
