ISO-10303-21;
HEADER;
/* Generated by software containing ST-Developer
 * from STEP Tools, Inc. (www.steptools.com) 
 */

FILE_DESCRIPTION(
/* description */ (''),
/* implementation_level */ '2;1');

FILE_NAME(
/* name */ 'flex-track.step',
/* time_stamp */ '2026-09-15T23:19:38+04:00',
/* author */ (''),
/* organization */ (''),
/* preprocessor_version */ 'ST-DEVELOPER v20.2',
/* originating_system */ 'Autodesk Translation Framework v15.15.0.0',
/* authorisation */ '');

FILE_SCHEMA (('AUTOMOTIVE_DESIGN { 1 0 10303 214 3 1 1 }'));
ENDSEC;

DATA;
#10=MECHANICAL_DESIGN_GEOMETRIC_PRESENTATION_REPRESENTATION('',(#20,#21),
#13397);
#11=CONTEXT_DEPENDENT_OVER_RIDING_STYLED_ITEM('',(#13423),#13408,#21,(#15));
#12=MAPPED_ITEM('',#13,#7838);
#13=REPRESENTATION_MAP(#7838,#13407);
#14=ITEM_DEFINED_TRANSFORMATION($,$,#7399,#7837);
#15=(
REPRESENTATION_RELATIONSHIP($,$,#13408,#13407)
REPRESENTATION_RELATIONSHIP_WITH_TRANSFORMATION(#14)
SHAPE_REPRESENTATION_RELATIONSHIP()
);
#16=CONTEXT_DEPENDENT_SHAPE_REPRESENTATION(#15,#13406);
#17=NEXT_ASSEMBLY_USAGE_OCCURRENCE('track flex ts:1','track flex ts:1',
'track flex ts:1',#13410,#13411,'track flex ts:1');
#18=SHAPE_REPRESENTATION_RELATIONSHIP('SRR','None',#13408,#19);
#19=ADVANCED_BREP_SHAPE_REPRESENTATION('',(#22),#13396);
#20=STYLED_ITEM('',(#13423),#22);
#21=STYLED_ITEM('',(#13424),#12);
#22=MANIFOLD_SOLID_BREP('Body1',#7385);
#23=B_SPLINE_CURVE_WITH_KNOTS('',3,(#11162,#11163,#11164,#11165),
 .UNSPECIFIED.,.F.,.F.,(4,4),(-1.58314236125471,-1.43450814847986),
 .UNSPECIFIED.);
#24=B_SPLINE_CURVE_WITH_KNOTS('',3,(#11167,#11168,#11169,#11170,#11171,
#11172,#11173),.UNSPECIFIED.,.F.,.F.,(4,3,4),(-0.101590699012541,-0.0506566086876783,
0.),.UNSPECIFIED.);
#25=B_SPLINE_CURVE_WITH_KNOTS('',3,(#11175,#11176,#11177,#11178),
 .UNSPECIFIED.,.F.,.F.,(4,4),(1.44809811369227,1.57079632114481),
 .UNSPECIFIED.);
#26=B_SPLINE_CURVE_WITH_KNOTS('',3,(#11179,#11180,#11181,#11182,#11183,
#11184,#11185),.UNSPECIFIED.,.F.,.F.,(4,3,4),(0.,0.0476514381612323,0.0952631490274286),
 .UNSPECIFIED.);
#27=B_SPLINE_CURVE_WITH_KNOTS('',3,(#11203,#11204,#11205,#11206),
 .UNSPECIFIED.,.F.,.F.,(4,4),(1.43450814847986,1.58314236125471),
 .UNSPECIFIED.);
#28=B_SPLINE_CURVE_WITH_KNOTS('',3,(#11208,#11209,#11210,#11211,#11212,
#11213,#11214),.UNSPECIFIED.,.F.,.F.,(4,3,4),(0.,0.0475807406841241,0.0952628683890775),
 .UNSPECIFIED.);
#29=B_SPLINE_CURVE_WITH_KNOTS('',3,(#11215,#11216,#11217,#11218),
 .UNSPECIFIED.,.F.,.F.,(4,4),(-1.57079632114481,-1.44809811381922),
 .UNSPECIFIED.);
#30=B_SPLINE_CURVE_WITH_KNOTS('',3,(#11236,#11237,#11238,#11239),
 .UNSPECIFIED.,.F.,.F.,(4,4),(1.55845029233508,1.70708450510993),
 .UNSPECIFIED.);
#31=B_SPLINE_CURVE_WITH_KNOTS('',3,(#11241,#11242,#11243,#11244,#11245,
#11246,#11247),.UNSPECIFIED.,.F.,.F.,(4,3,4),(0.,0.0508937766894117,0.101590878162499),
 .UNSPECIFIED.);
#32=B_SPLINE_CURVE_WITH_KNOTS('',3,(#11248,#11249,#11250,#11251),
 .UNSPECIFIED.,.F.,.F.,(4,4),(-1.69349453989752,-1.57079633244498),
 .UNSPECIFIED.);
#33=B_SPLINE_CURVE_WITH_KNOTS('',3,(#11268,#11269,#11270,#11271),
 .UNSPECIFIED.,.F.,.F.,(4,4),(1.57079633244498,1.69349453977057),
 .UNSPECIFIED.);
#34=B_SPLINE_CURVE_WITH_KNOTS('',3,(#11272,#11273,#11274,#11275),
 .UNSPECIFIED.,.F.,.F.,(4,4),(-1.70708450510993,-1.55845029233508),
 .UNSPECIFIED.);
#35=B_SPLINE_CURVE_WITH_KNOTS('',3,(#11285,#11286,#11287,#11288),
 .UNSPECIFIED.,.F.,.F.,(4,4),(1.43450814847986,1.58314236125471),
 .UNSPECIFIED.);
#36=B_SPLINE_CURVE_WITH_KNOTS('',3,(#11290,#11291,#11292,#11293),
 .UNSPECIFIED.,.F.,.F.,(4,4),(-1.58314236125471,-1.43450814847986),
 .UNSPECIFIED.);
#37=B_SPLINE_CURVE_WITH_KNOTS('',3,(#11298,#11299,#11300,#11301),
 .UNSPECIFIED.,.F.,.F.,(4,4),(-1.70708450510993,-1.55845029233508),
 .UNSPECIFIED.);
#38=B_SPLINE_CURVE_WITH_KNOTS('',3,(#11302,#11303,#11304,#11305),
 .UNSPECIFIED.,.F.,.F.,(4,4),(1.55845029233508,1.70708450510993),
 .UNSPECIFIED.);
#39=B_SPLINE_CURVE_WITH_KNOTS('',3,(#11308,#11309,#11310,#11311),
 .UNSPECIFIED.,.F.,.F.,(4,4),(1.43450814847986,1.58314236125471),
 .UNSPECIFIED.);
#40=B_SPLINE_CURVE_WITH_KNOTS('',3,(#11313,#11314,#11315,#11316),
 .UNSPECIFIED.,.F.,.F.,(4,4),(-1.58314236125471,-1.43450814847986),
 .UNSPECIFIED.);
#41=B_SPLINE_CURVE_WITH_KNOTS('',3,(#11318,#11319,#11320,#11321),
 .UNSPECIFIED.,.F.,.F.,(4,4),(-1.70708450510993,-1.55845029233508),
 .UNSPECIFIED.);
#42=B_SPLINE_CURVE_WITH_KNOTS('',3,(#11322,#11323,#11324,#11325),
 .UNSPECIFIED.,.F.,.F.,(4,4),(1.55845029233508,1.70708450510993),
 .UNSPECIFIED.);
#43=B_SPLINE_CURVE_WITH_KNOTS('',3,(#11328,#11329,#11330,#11331),
 .UNSPECIFIED.,.F.,.F.,(4,4),(-1.70708450510993,-1.55845029233508),
 .UNSPECIFIED.);
#44=B_SPLINE_CURVE_WITH_KNOTS('',3,(#11333,#11334,#11335,#11336),
 .UNSPECIFIED.,.F.,.F.,(4,4),(1.55845029233508,1.70708450510993),
 .UNSPECIFIED.);
#45=B_SPLINE_CURVE_WITH_KNOTS('',3,(#11338,#11339,#11340,#11341),
 .UNSPECIFIED.,.F.,.F.,(4,4),(1.43450814847986,1.58314236125471),
 .UNSPECIFIED.);
#46=B_SPLINE_CURVE_WITH_KNOTS('',3,(#11342,#11343,#11344,#11345),
 .UNSPECIFIED.,.F.,.F.,(4,4),(-1.58314236125471,-1.43450814847986),
 .UNSPECIFIED.);
#47=B_SPLINE_CURVE_WITH_KNOTS('',3,(#11348,#11349,#11350,#11351),
 .UNSPECIFIED.,.F.,.F.,(4,4),(-1.70708450510993,-1.55845029233508),
 .UNSPECIFIED.);
#48=B_SPLINE_CURVE_WITH_KNOTS('',3,(#11353,#11354,#11355,#11356),
 .UNSPECIFIED.,.F.,.F.,(4,4),(1.55845029233508,1.70708450510993),
 .UNSPECIFIED.);
#49=B_SPLINE_CURVE_WITH_KNOTS('',3,(#11358,#11359,#11360,#11361),
 .UNSPECIFIED.,.F.,.F.,(4,4),(1.43450814847986,1.58314236125471),
 .UNSPECIFIED.);
#50=B_SPLINE_CURVE_WITH_KNOTS('',3,(#11362,#11363,#11364,#11365),
 .UNSPECIFIED.,.F.,.F.,(4,4),(-1.58314236125471,-1.43450814847986),
 .UNSPECIFIED.);
#51=B_SPLINE_CURVE_WITH_KNOTS('',3,(#11368,#11369,#11370,#11371),
 .UNSPECIFIED.,.F.,.F.,(4,4),(1.55845029233508,1.70708450510993),
 .UNSPECIFIED.);
#52=B_SPLINE_CURVE_WITH_KNOTS('',3,(#11373,#11374,#11375,#11376),
 .UNSPECIFIED.,.F.,.F.,(4,4),(1.43450814847986,1.58314236125471),
 .UNSPECIFIED.);
#53=B_SPLINE_CURVE_WITH_KNOTS('',3,(#11378,#11379,#11380,#11381),
 .UNSPECIFIED.,.F.,.F.,(4,4),(-1.58314236125471,-1.43450814847986),
 .UNSPECIFIED.);
#54=B_SPLINE_CURVE_WITH_KNOTS('',3,(#11382,#11383,#11384,#11385),
 .UNSPECIFIED.,.F.,.F.,(4,4),(-1.70708450510993,-1.55845029233508),
 .UNSPECIFIED.);
#55=B_SPLINE_CURVE_WITH_KNOTS('',3,(#11388,#11389,#11390,#11391),
 .UNSPECIFIED.,.F.,.F.,(4,4),(-1.70708450510993,-1.55845029233508),
 .UNSPECIFIED.);
#56=B_SPLINE_CURVE_WITH_KNOTS('',3,(#11393,#11394,#11395,#11396),
 .UNSPECIFIED.,.F.,.F.,(4,4),(1.55845029233508,1.70708450510993),
 .UNSPECIFIED.);
#57=B_SPLINE_CURVE_WITH_KNOTS('',3,(#11398,#11399,#11400,#11401),
 .UNSPECIFIED.,.F.,.F.,(4,4),(1.43450814847986,1.58314236125471),
 .UNSPECIFIED.);
#58=B_SPLINE_CURVE_WITH_KNOTS('',3,(#11402,#11403,#11404,#11405),
 .UNSPECIFIED.,.F.,.F.,(4,4),(-1.58314236125471,-1.43450814847986),
 .UNSPECIFIED.);
#59=B_SPLINE_CURVE_WITH_KNOTS('',3,(#11408,#11409,#11410,#11411),
 .UNSPECIFIED.,.F.,.F.,(4,4),(1.43450814847986,1.58314236125471),
 .UNSPECIFIED.);
#60=B_SPLINE_CURVE_WITH_KNOTS('',3,(#11413,#11414,#11415,#11416),
 .UNSPECIFIED.,.F.,.F.,(4,4),(-1.58314236125471,-1.43450814847986),
 .UNSPECIFIED.);
#61=B_SPLINE_CURVE_WITH_KNOTS('',3,(#11418,#11419,#11420,#11421),
 .UNSPECIFIED.,.F.,.F.,(4,4),(-1.70708450510993,-1.55845029233508),
 .UNSPECIFIED.);
#62=B_SPLINE_CURVE_WITH_KNOTS('',3,(#11422,#11423,#11424,#11425),
 .UNSPECIFIED.,.F.,.F.,(4,4),(1.55845029233508,1.70708450510993),
 .UNSPECIFIED.);
#63=B_SPLINE_CURVE_WITH_KNOTS('',3,(#11428,#11429,#11430,#11431),
 .UNSPECIFIED.,.F.,.F.,(4,4),(1.43450814847986,1.58314236125471),
 .UNSPECIFIED.);
#64=B_SPLINE_CURVE_WITH_KNOTS('',3,(#11433,#11434,#11435,#11436),
 .UNSPECIFIED.,.F.,.F.,(4,4),(-1.58314236125471,-1.43450814847986),
 .UNSPECIFIED.);
#65=B_SPLINE_CURVE_WITH_KNOTS('',3,(#11438,#11439,#11440,#11441),
 .UNSPECIFIED.,.F.,.F.,(4,4),(-1.70708450510993,-1.55845029233508),
 .UNSPECIFIED.);
#66=B_SPLINE_CURVE_WITH_KNOTS('',3,(#11442,#11443,#11444,#11445),
 .UNSPECIFIED.,.F.,.F.,(4,4),(1.55845029233508,1.70708450510993),
 .UNSPECIFIED.);
#67=B_SPLINE_CURVE_WITH_KNOTS('',3,(#11448,#11449,#11450,#11451),
 .UNSPECIFIED.,.F.,.F.,(4,4),(1.43450814847986,1.58314236125471),
 .UNSPECIFIED.);
#68=B_SPLINE_CURVE_WITH_KNOTS('',3,(#11453,#11454,#11455,#11456),
 .UNSPECIFIED.,.F.,.F.,(4,4),(-1.58314236125471,-1.43450814847986),
 .UNSPECIFIED.);
#69=B_SPLINE_CURVE_WITH_KNOTS('',3,(#11458,#11459,#11460,#11461),
 .UNSPECIFIED.,.F.,.F.,(4,4),(-1.70708450510993,-1.55845029233508),
 .UNSPECIFIED.);
#70=B_SPLINE_CURVE_WITH_KNOTS('',3,(#11462,#11463,#11464,#11465),
 .UNSPECIFIED.,.F.,.F.,(4,4),(1.55845029233508,1.70708450510993),
 .UNSPECIFIED.);
#71=B_SPLINE_CURVE_WITH_KNOTS('',3,(#11468,#11469,#11470,#11471),
 .UNSPECIFIED.,.F.,.F.,(4,4),(1.43450814847986,1.58314236125471),
 .UNSPECIFIED.);
#72=B_SPLINE_CURVE_WITH_KNOTS('',3,(#11473,#11474,#11475,#11476),
 .UNSPECIFIED.,.F.,.F.,(4,4),(-1.58314236125471,-1.43450814847986),
 .UNSPECIFIED.);
#73=B_SPLINE_CURVE_WITH_KNOTS('',3,(#11478,#11479,#11480,#11481),
 .UNSPECIFIED.,.F.,.F.,(4,4),(-1.70708450510993,-1.55845029233508),
 .UNSPECIFIED.);
#74=B_SPLINE_CURVE_WITH_KNOTS('',3,(#11482,#11483,#11484,#11485),
 .UNSPECIFIED.,.F.,.F.,(4,4),(1.55845029233508,1.70708450510993),
 .UNSPECIFIED.);
#75=B_SPLINE_CURVE_WITH_KNOTS('',3,(#11488,#11489,#11490,#11491),
 .UNSPECIFIED.,.F.,.F.,(4,4),(1.55845029233508,1.70708450510993),
 .UNSPECIFIED.);
#76=B_SPLINE_CURVE_WITH_KNOTS('',3,(#11493,#11494,#11495,#11496),
 .UNSPECIFIED.,.F.,.F.,(4,4),(1.43450814847986,1.58314236125471),
 .UNSPECIFIED.);
#77=B_SPLINE_CURVE_WITH_KNOTS('',3,(#11498,#11499,#11500,#11501),
 .UNSPECIFIED.,.F.,.F.,(4,4),(-1.58314236125471,-1.43450814847986),
 .UNSPECIFIED.);
#78=B_SPLINE_CURVE_WITH_KNOTS('',3,(#11502,#11503,#11504,#11505),
 .UNSPECIFIED.,.F.,.F.,(4,4),(-1.70708450510993,-1.55845029233508),
 .UNSPECIFIED.);
#79=B_SPLINE_CURVE_WITH_KNOTS('',3,(#11508,#11509,#11510,#11511),
 .UNSPECIFIED.,.F.,.F.,(4,4),(-1.70708450510993,-1.55845029233508),
 .UNSPECIFIED.);
#80=B_SPLINE_CURVE_WITH_KNOTS('',3,(#11513,#11514,#11515,#11516),
 .UNSPECIFIED.,.F.,.F.,(4,4),(1.55845029233508,1.70708450510993),
 .UNSPECIFIED.);
#81=B_SPLINE_CURVE_WITH_KNOTS('',3,(#11518,#11519,#11520,#11521),
 .UNSPECIFIED.,.F.,.F.,(4,4),(1.43450814847986,1.58314236125471),
 .UNSPECIFIED.);
#82=B_SPLINE_CURVE_WITH_KNOTS('',3,(#11522,#11523,#11524,#11525),
 .UNSPECIFIED.,.F.,.F.,(4,4),(-1.58314236125471,-1.43450814847986),
 .UNSPECIFIED.);
#83=B_SPLINE_CURVE_WITH_KNOTS('',3,(#11528,#11529,#11530,#11531),
 .UNSPECIFIED.,.F.,.F.,(4,4),(-1.70708450510993,-1.55845029233508),
 .UNSPECIFIED.);
#84=B_SPLINE_CURVE_WITH_KNOTS('',3,(#11533,#11534,#11535,#11536),
 .UNSPECIFIED.,.F.,.F.,(4,4),(1.55845029233508,1.70708450510993),
 .UNSPECIFIED.);
#85=B_SPLINE_CURVE_WITH_KNOTS('',3,(#11538,#11539,#11540,#11541),
 .UNSPECIFIED.,.F.,.F.,(4,4),(1.43450814847986,1.58314236125471),
 .UNSPECIFIED.);
#86=B_SPLINE_CURVE_WITH_KNOTS('',3,(#11542,#11543,#11544,#11545),
 .UNSPECIFIED.,.F.,.F.,(4,4),(-1.58314236125471,-1.43450814847986),
 .UNSPECIFIED.);
#87=B_SPLINE_CURVE_WITH_KNOTS('',3,(#11548,#11549,#11550,#11551),
 .UNSPECIFIED.,.F.,.F.,(4,4),(-1.70708450510993,-1.55845029233508),
 .UNSPECIFIED.);
#88=B_SPLINE_CURVE_WITH_KNOTS('',3,(#11553,#11554,#11555,#11556),
 .UNSPECIFIED.,.F.,.F.,(4,4),(1.55845029233508,1.70708450510993),
 .UNSPECIFIED.);
#89=B_SPLINE_CURVE_WITH_KNOTS('',3,(#11558,#11559,#11560,#11561),
 .UNSPECIFIED.,.F.,.F.,(4,4),(1.43450814847986,1.58314236125471),
 .UNSPECIFIED.);
#90=B_SPLINE_CURVE_WITH_KNOTS('',3,(#11562,#11563,#11564,#11565),
 .UNSPECIFIED.,.F.,.F.,(4,4),(-1.58314236125471,-1.43450814847986),
 .UNSPECIFIED.);
#91=B_SPLINE_CURVE_WITH_KNOTS('',3,(#11568,#11569,#11570,#11571),
 .UNSPECIFIED.,.F.,.F.,(4,4),(-1.58314236125471,-1.43450814847986),
 .UNSPECIFIED.);
#92=B_SPLINE_CURVE_WITH_KNOTS('',3,(#11573,#11574,#11575,#11576),
 .UNSPECIFIED.,.F.,.F.,(4,4),(-1.70708450510993,-1.55845029233508),
 .UNSPECIFIED.);
#93=B_SPLINE_CURVE_WITH_KNOTS('',3,(#11578,#11579,#11580,#11581),
 .UNSPECIFIED.,.F.,.F.,(4,4),(1.55845029233508,1.70708450510993),
 .UNSPECIFIED.);
#94=B_SPLINE_CURVE_WITH_KNOTS('',3,(#11582,#11583,#11584,#11585),
 .UNSPECIFIED.,.F.,.F.,(4,4),(1.43450814847986,1.58314236125471),
 .UNSPECIFIED.);
#95=B_SPLINE_CURVE_WITH_KNOTS('',3,(#11603,#11604,#11605,#11606,#11607,
#11608,#11609),.UNSPECIFIED.,.F.,.F.,(4,3,4),(-0.0952631489986604,-0.0476529930819475,
0.),.UNSPECIFIED.);
#96=B_SPLINE_CURVE_WITH_KNOTS('',3,(#11611,#11612,#11613,#11614),
 .UNSPECIFIED.,.F.,.F.,(4,4),(-1.57079632114481,-1.44809811381922),
 .UNSPECIFIED.);
#97=B_SPLINE_CURVE_WITH_KNOTS('',3,(#11615,#11616,#11617,#11618,#11619,
#11620,#11621),.UNSPECIFIED.,.F.,.F.,(4,3,4),(-0.101591478816583,-0.0506595667804509,
0.),.UNSPECIFIED.);
#98=B_SPLINE_CURVE_WITH_KNOTS('',3,(#11639,#11640,#11641,#11642,#11643,
#11644,#11645),.UNSPECIFIED.,.F.,.F.,(4,3,4),(0.,0.0508958442318552,0.101591032849608),
 .UNSPECIFIED.);
#99=B_SPLINE_CURVE_WITH_KNOTS('',3,(#11646,#11647,#11648,#11649),
 .UNSPECIFIED.,.F.,.F.,(4,4),(-1.69349453989752,-1.57079633244498),
 .UNSPECIFIED.);
#100=B_SPLINE_CURVE_WITH_KNOTS('',3,(#11667,#11668,#11669,#11670),
 .UNSPECIFIED.,.F.,.F.,(4,4),(1.44809811369227,1.57079632114481),
 .UNSPECIFIED.);
#101=B_SPLINE_CURVE_WITH_KNOTS('',3,(#11671,#11672,#11673,#11674,#11675,
#11676,#11677),.UNSPECIFIED.,.F.,.F.,(4,3,4),(-0.0952628683894381,-0.0475823364040297,
0.),.UNSPECIFIED.);
#102=B_SPLINE_CURVE_WITH_KNOTS('',3,(#11694,#11695,#11696,#11697),
 .UNSPECIFIED.,.F.,.F.,(4,4),(1.57079633244498,1.69349453977057),
 .UNSPECIFIED.);
#103=B_SPLINE_CURVE_WITH_KNOTS('',3,(#11720,#11721,#11722,#11723,#11724,
#11725,#11726),.UNSPECIFIED.,.F.,.F.,(4,3,4),(-0.101590699020902,-0.0506572526764523,
0.),.UNSPECIFIED.);
#104=B_SPLINE_CURVE_WITH_KNOTS('',3,(#11728,#11729,#11730,#11731),
 .UNSPECIFIED.,.F.,.F.,(4,4),(1.44809811369227,1.57079632114481),
 .UNSPECIFIED.);
#105=B_SPLINE_CURVE_WITH_KNOTS('',3,(#11732,#11733,#11734,#11735,#11736,
#11737,#11738),.UNSPECIFIED.,.F.,.F.,(4,3,4),(-0.0952628683928176,-0.0475807406854437,
0.),.UNSPECIFIED.);
#106=B_SPLINE_CURVE_WITH_KNOTS('',3,(#11756,#11757,#11758,#11759,#11760,
#11761,#11762),.UNSPECIFIED.,.F.,.F.,(4,3,4),(-0.0952631490194597,-0.0476514381576122,
0.),.UNSPECIFIED.);
#107=B_SPLINE_CURVE_WITH_KNOTS('',3,(#11763,#11764,#11765,#11766),
 .UNSPECIFIED.,.F.,.F.,(4,4),(-1.57079632114481,-1.44809811381922),
 .UNSPECIFIED.);
#108=B_SPLINE_CURVE_WITH_KNOTS('',3,(#11784,#11785,#11786,#11787,#11788,
#11789,#11790),.UNSPECIFIED.,.F.,.F.,(4,3,4),(0.,0.0508931120827535,0.101591032849121),
 .UNSPECIFIED.);
#109=B_SPLINE_CURVE_WITH_KNOTS('',3,(#11791,#11792,#11793,#11794),
 .UNSPECIFIED.,.F.,.F.,(4,4),(-1.69349453989752,-1.57079633244498),
 .UNSPECIFIED.);
#110=B_SPLINE_CURVE_WITH_KNOTS('',3,(#11811,#11812,#11813,#11814),
 .UNSPECIFIED.,.F.,.F.,(4,4),(1.57079633244498,1.69349453977057),
 .UNSPECIFIED.);
#111=B_SPLINE_CURVE_WITH_KNOTS('',3,(#11837,#11838,#11839,#11840,#11841,
#11842,#11843),.UNSPECIFIED.,.F.,.F.,(4,3,4),(-0.095263149033481,-0.047649894234806,
0.),.UNSPECIFIED.);
#112=B_SPLINE_CURVE_WITH_KNOTS('',3,(#11845,#11846,#11847,#11848),
 .UNSPECIFIED.,.F.,.F.,(4,4),(-1.57079632114481,-1.44809811381922),
 .UNSPECIFIED.);
#113=B_SPLINE_CURVE_WITH_KNOTS('',3,(#11849,#11850,#11851,#11852,#11853,
#11854,#11855),.UNSPECIFIED.,.F.,.F.,(4,3,4),(-0.101590698994822,-0.0506552634819547,
0.),.UNSPECIFIED.);
#114=B_SPLINE_CURVE_WITH_KNOTS('',3,(#11873,#11874,#11875,#11876,#11877,
#11878,#11879),.UNSPECIFIED.,.F.,.F.,(4,3,4),(0.,0.0508917238098707,0.101590878168535),
 .UNSPECIFIED.);
#115=B_SPLINE_CURVE_WITH_KNOTS('',3,(#11880,#11881,#11882,#11883),
 .UNSPECIFIED.,.F.,.F.,(4,4),(-1.69349453989752,-1.57079633244498),
 .UNSPECIFIED.);
#116=B_SPLINE_CURVE_WITH_KNOTS('',3,(#11901,#11902,#11903,#11904),
 .UNSPECIFIED.,.F.,.F.,(4,4),(1.44809811369227,1.57079632114481),
 .UNSPECIFIED.);
#117=B_SPLINE_CURVE_WITH_KNOTS('',3,(#11905,#11906,#11907,#11908,#11909,
#11910,#11911),.UNSPECIFIED.,.F.,.F.,(4,3,4),(-0.0952628683931711,-0.0475791562595607,
0.),.UNSPECIFIED.);
#118=B_SPLINE_CURVE_WITH_KNOTS('',3,(#11928,#11929,#11930,#11931),
 .UNSPECIFIED.,.F.,.F.,(4,4),(1.57079633244498,1.69349453977057),
 .UNSPECIFIED.);
#119=B_SPLINE_CURVE_WITH_KNOTS('',3,(#11954,#11955,#11956,#11957,#11958,
#11959,#11960),.UNSPECIFIED.,.F.,.F.,(4,3,4),(0.,0.047580740612126,0.0952628683939187),
 .UNSPECIFIED.);
#120=B_SPLINE_CURVE_WITH_KNOTS('',3,(#11962,#11963,#11964,#11965),
 .UNSPECIFIED.,.F.,.F.,(4,4),(1.57079633244498,1.69349453977057),
 .UNSPECIFIED.);
#121=B_SPLINE_CURVE_WITH_KNOTS('',3,(#11966,#11967,#11968,#11969,#11970,
#11971,#11972),.UNSPECIFIED.,.F.,.F.,(4,3,4),(-0.101590699014198,-0.0506566086276588,
0.),.UNSPECIFIED.);
#122=B_SPLINE_CURVE_WITH_KNOTS('',3,(#11990,#11991,#11992,#11993,#11994,
#11995,#11996),.UNSPECIFIED.,.F.,.F.,(4,3,4),(0.,0.0508937765942938,0.101590878163188),
 .UNSPECIFIED.);
#123=B_SPLINE_CURVE_WITH_KNOTS('',3,(#11997,#11998,#11999,#12000),
 .UNSPECIFIED.,.F.,.F.,(4,4),(1.44809811369227,1.57079632114481),
 .UNSPECIFIED.);
#124=B_SPLINE_CURVE_WITH_KNOTS('',3,(#12018,#12019,#12020,#12021),
 .UNSPECIFIED.,.F.,.F.,(4,4),(-1.69349453989752,-1.57079633244498),
 .UNSPECIFIED.);
#125=B_SPLINE_CURVE_WITH_KNOTS('',3,(#12022,#12023,#12024,#12025,#12026,
#12027,#12028),.UNSPECIFIED.,.F.,.F.,(4,3,4),(0.,0.0476514380880552,0.0952631490250422),
 .UNSPECIFIED.);
#126=B_SPLINE_CURVE_WITH_KNOTS('',3,(#12045,#12046,#12047,#12048),
 .UNSPECIFIED.,.F.,.F.,(4,4),(-1.57079632114481,-1.44809811381922),
 .UNSPECIFIED.);
#127=B_SPLINE_CURVE_WITH_KNOTS('',3,(#12071,#12072,#12073,#12074,#12075,
#12076,#12077),.UNSPECIFIED.,.F.,.F.,(4,3,4),(0.,0.047582336404839,0.0952628683931629),
 .UNSPECIFIED.);
#128=B_SPLINE_CURVE_WITH_KNOTS('',3,(#12079,#12080,#12081,#12082),
 .UNSPECIFIED.,.F.,.F.,(4,4),(1.57079633244498,1.69349453977057),
 .UNSPECIFIED.);
#129=B_SPLINE_CURVE_WITH_KNOTS('',3,(#12083,#12084,#12085,#12086,#12087,
#12088,#12089),.UNSPECIFIED.,.F.,.F.,(4,3,4),(-0.101590699047792,-0.0506592559507046,
0.),.UNSPECIFIED.);
#130=B_SPLINE_CURVE_WITH_KNOTS('',3,(#12107,#12108,#12109,#12110,#12111,
#12112,#12113),.UNSPECIFIED.,.F.,.F.,(4,3,4),(0.,0.0508958442320524,0.10159103285059),
 .UNSPECIFIED.);
#131=B_SPLINE_CURVE_WITH_KNOTS('',3,(#12114,#12115,#12116,#12117),
 .UNSPECIFIED.,.F.,.F.,(4,4),(1.44809811369227,1.57079632114481),
 .UNSPECIFIED.);
#132=B_SPLINE_CURVE_WITH_KNOTS('',3,(#12135,#12136,#12137,#12138),
 .UNSPECIFIED.,.F.,.F.,(4,4),(-1.69349453989752,-1.57079633244498),
 .UNSPECIFIED.);
#133=B_SPLINE_CURVE_WITH_KNOTS('',3,(#12139,#12140,#12141,#12142,#12143,
#12144,#12145),.UNSPECIFIED.,.F.,.F.,(4,3,4),(0.,0.0476529930827913,0.0952631489968986),
 .UNSPECIFIED.);
#134=B_SPLINE_CURVE_WITH_KNOTS('',3,(#12162,#12163,#12164,#12165),
 .UNSPECIFIED.,.F.,.F.,(4,4),(-1.57079632114481,-1.44809811381922),
 .UNSPECIFIED.);
#135=B_SPLINE_CURVE_WITH_KNOTS('',3,(#12188,#12189,#12190,#12191,#12192,
#12193,#12194),.UNSPECIFIED.,.F.,.F.,(4,3,4),(-0.0952631490208813,-0.0476514381579079,
0.),.UNSPECIFIED.);
#136=B_SPLINE_CURVE_WITH_KNOTS('',3,(#12196,#12197,#12198,#12199),
 .UNSPECIFIED.,.F.,.F.,(4,4),(1.57079633244498,1.69349453977057),
 .UNSPECIFIED.);
#137=B_SPLINE_CURVE_WITH_KNOTS('',3,(#12200,#12201,#12202,#12203,#12204,
#12205,#12206),.UNSPECIFIED.,.F.,.F.,(4,3,4),(-0.101591478857521,-0.0506575633929473,
0.),.UNSPECIFIED.);
#138=B_SPLINE_CURVE_WITH_KNOTS('',3,(#12224,#12225,#12226,#12227,#12228,
#12229,#12230),.UNSPECIFIED.,.F.,.F.,(4,3,4),(0.,0.050893112082914,0.101591032849472),
 .UNSPECIFIED.);
#139=B_SPLINE_CURVE_WITH_KNOTS('',3,(#12231,#12232,#12233,#12234),
 .UNSPECIFIED.,.F.,.F.,(4,4),(1.44809811369227,1.57079632114481),
 .UNSPECIFIED.);
#140=B_SPLINE_CURVE_WITH_KNOTS('',3,(#12252,#12253,#12254,#12255),
 .UNSPECIFIED.,.F.,.F.,(4,4),(-1.69349453989752,-1.57079633244498),
 .UNSPECIFIED.);
#141=B_SPLINE_CURVE_WITH_KNOTS('',3,(#12256,#12257,#12258,#12259,#12260,
#12261,#12262),.UNSPECIFIED.,.F.,.F.,(4,3,4),(-0.0952628683902493,-0.0475807406848279,
0.),.UNSPECIFIED.);
#142=B_SPLINE_CURVE_WITH_KNOTS('',3,(#12279,#12280,#12281,#12282),
 .UNSPECIFIED.,.F.,.F.,(4,4),(-1.57079632114481,-1.44809811381922),
 .UNSPECIFIED.);
#143=B_SPLINE_CURVE_WITH_KNOTS('',3,(#12305,#12306,#12307,#12308,#12309,
#12310,#12311),.UNSPECIFIED.,.F.,.F.,(4,3,4),(-0.0952631490329525,-0.0476498942339087,
0.),.UNSPECIFIED.);
#144=B_SPLINE_CURVE_WITH_KNOTS('',3,(#12313,#12314,#12315,#12316),
 .UNSPECIFIED.,.F.,.F.,(4,4),(1.57079633244498,1.69349453977057),
 .UNSPECIFIED.);
#145=B_SPLINE_CURVE_WITH_KNOTS('',3,(#12317,#12318,#12319,#12320,#12321,
#12322,#12323),.UNSPECIFIED.,.F.,.F.,(4,3,4),(-0.101590698994218,-0.0506552634816132,
0.),.UNSPECIFIED.);
#146=B_SPLINE_CURVE_WITH_KNOTS('',3,(#12341,#12342,#12343,#12344,#12345,
#12346,#12347),.UNSPECIFIED.,.F.,.F.,(4,3,4),(0.,0.0508917238093704,0.101590878167154),
 .UNSPECIFIED.);
#147=B_SPLINE_CURVE_WITH_KNOTS('',3,(#12348,#12349,#12350,#12351),
 .UNSPECIFIED.,.F.,.F.,(4,4),(1.44809811369227,1.57079632114481),
 .UNSPECIFIED.);
#148=B_SPLINE_CURVE_WITH_KNOTS('',3,(#12369,#12370,#12371,#12372),
 .UNSPECIFIED.,.F.,.F.,(4,4),(-1.69349453989752,-1.57079633244498),
 .UNSPECIFIED.);
#149=B_SPLINE_CURVE_WITH_KNOTS('',3,(#12373,#12374,#12375,#12376,#12377,
#12378,#12379),.UNSPECIFIED.,.F.,.F.,(4,3,4),(-0.0952628683965645,-0.0475791562607953,
0.),.UNSPECIFIED.);
#150=B_SPLINE_CURVE_WITH_KNOTS('',3,(#12396,#12397,#12398,#12399),
 .UNSPECIFIED.,.F.,.F.,(4,4),(-1.57079632114481,-1.44809811381922),
 .UNSPECIFIED.);
#151=B_SPLINE_CURVE_WITH_KNOTS('',3,(#12422,#12423,#12424,#12425,#12426,
#12427,#12428),.UNSPECIFIED.,.F.,.F.,(4,3,4),(0.,0.0475807406120517,0.0952628683933491),
 .UNSPECIFIED.);
#152=B_SPLINE_CURVE_WITH_KNOTS('',3,(#12430,#12431,#12432,#12433),
 .UNSPECIFIED.,.F.,.F.,(4,4),(1.57079633244498,1.69349453977057),
 .UNSPECIFIED.);
#153=B_SPLINE_CURVE_WITH_KNOTS('',3,(#12434,#12435,#12436,#12437,#12438,
#12439,#12440),.UNSPECIFIED.,.F.,.F.,(4,3,4),(-0.101590699013194,-0.050656608627504,
0.),.UNSPECIFIED.);
#154=B_SPLINE_CURVE_WITH_KNOTS('',3,(#12458,#12459,#12460,#12461,#12462,
#12463,#12464),.UNSPECIFIED.,.F.,.F.,(4,3,4),(0.,0.0508937765941746,0.101590878162597),
 .UNSPECIFIED.);
#155=B_SPLINE_CURVE_WITH_KNOTS('',3,(#12465,#12466,#12467,#12468),
 .UNSPECIFIED.,.F.,.F.,(4,4),(1.44809811369227,1.57079632114481),
 .UNSPECIFIED.);
#156=B_SPLINE_CURVE_WITH_KNOTS('',3,(#12486,#12487,#12488,#12489),
 .UNSPECIFIED.,.F.,.F.,(4,4),(-1.69349453989752,-1.57079633244498),
 .UNSPECIFIED.);
#157=B_SPLINE_CURVE_WITH_KNOTS('',3,(#12490,#12491,#12492,#12493,#12494,
#12495,#12496),.UNSPECIFIED.,.F.,.F.,(4,3,4),(0.,0.0476514380885131,0.0952631490253754),
 .UNSPECIFIED.);
#158=B_SPLINE_CURVE_WITH_KNOTS('',3,(#12513,#12514,#12515,#12516),
 .UNSPECIFIED.,.F.,.F.,(4,4),(-1.57079632114481,-1.44809811381922),
 .UNSPECIFIED.);
#159=B_SPLINE_CURVE_WITH_KNOTS('',3,(#12539,#12540,#12541,#12542,#12543,
#12544,#12545),.UNSPECIFIED.,.F.,.F.,(4,3,4),(-0.101590699048562,-0.0506592559510272,
0.),.UNSPECIFIED.);
#160=B_SPLINE_CURVE_WITH_KNOTS('',3,(#12547,#12548,#12549,#12550),
 .UNSPECIFIED.,.F.,.F.,(4,4),(-1.69349453989752,-1.57079633244498),
 .UNSPECIFIED.);
#161=B_SPLINE_CURVE_WITH_KNOTS('',3,(#12551,#12552,#12553,#12554,#12555,
#12556,#12557),.UNSPECIFIED.,.F.,.F.,(4,3,4),(0.,0.04765299308366,0.0952631490013052),
 .UNSPECIFIED.);
#162=B_SPLINE_CURVE_WITH_KNOTS('',3,(#12575,#12576,#12577,#12578,#12579,
#12580,#12581),.UNSPECIFIED.,.F.,.F.,(4,3,4),(0.,0.0475823364044493,0.095262868391657),
 .UNSPECIFIED.);
#163=B_SPLINE_CURVE_WITH_KNOTS('',3,(#12582,#12583,#12584,#12585),
 .UNSPECIFIED.,.F.,.F.,(4,4),(1.57079633244498,1.69349453977057),
 .UNSPECIFIED.);
#164=B_SPLINE_CURVE_WITH_KNOTS('',3,(#12603,#12604,#12605,#12606,#12607,
#12608,#12609),.UNSPECIFIED.,.F.,.F.,(4,3,4),(0.,0.0508958442320182,0.101591032850312),
 .UNSPECIFIED.);
#165=B_SPLINE_CURVE_WITH_KNOTS('',3,(#12610,#12611,#12612,#12613),
 .UNSPECIFIED.,.F.,.F.,(4,4),(1.44809811369227,1.57079632114481),
 .UNSPECIFIED.);
#166=B_SPLINE_CURVE_WITH_KNOTS('',3,(#12630,#12631,#12632,#12633),
 .UNSPECIFIED.,.F.,.F.,(4,4),(-1.57079632114481,-1.44809811381922),
 .UNSPECIFIED.);
#167=B_SPLINE_CURVE_WITH_KNOTS('',3,(#12656,#12657,#12658,#12659,#12660,
#12661,#12662),.UNSPECIFIED.,.F.,.F.,(4,3,4),(-0.101591478857512,-0.050657563392851,
0.),.UNSPECIFIED.);
#168=B_SPLINE_CURVE_WITH_KNOTS('',3,(#12664,#12665,#12666,#12667),
 .UNSPECIFIED.,.F.,.F.,(4,4),(-1.69349453989752,-1.57079633244498),
 .UNSPECIFIED.);
#169=B_SPLINE_CURVE_WITH_KNOTS('',3,(#12668,#12669,#12670,#12671,#12672,
#12673,#12674),.UNSPECIFIED.,.F.,.F.,(4,3,4),(-0.0952628683880203,-0.047580740683944,
0.),.UNSPECIFIED.);
#170=B_SPLINE_CURVE_WITH_KNOTS('',3,(#12692,#12693,#12694,#12695,#12696,
#12697,#12698),.UNSPECIFIED.,.F.,.F.,(4,3,4),(-0.0952631490161499,-0.0476514381559427,
0.),.UNSPECIFIED.);
#171=B_SPLINE_CURVE_WITH_KNOTS('',3,(#12699,#12700,#12701,#12702),
 .UNSPECIFIED.,.F.,.F.,(4,4),(1.57079633244498,1.69349453977057),
 .UNSPECIFIED.);
#172=B_SPLINE_CURVE_WITH_KNOTS('',3,(#12720,#12721,#12722,#12723,#12724,
#12725,#12726),.UNSPECIFIED.,.F.,.F.,(4,3,4),(0.,0.0508931120828922,0.101590878164594),
 .UNSPECIFIED.);
#173=B_SPLINE_CURVE_WITH_KNOTS('',3,(#12727,#12728,#12729,#12730),
 .UNSPECIFIED.,.F.,.F.,(4,4),(1.44809811369227,1.57079632114481),
 .UNSPECIFIED.);
#174=B_SPLINE_CURVE_WITH_KNOTS('',3,(#12747,#12748,#12749,#12750),
 .UNSPECIFIED.,.F.,.F.,(4,4),(-1.57079632114481,-1.44809811381922),
 .UNSPECIFIED.);
#175=B_SPLINE_CURVE_WITH_KNOTS('',3,(#12773,#12774,#12775,#12776,#12777,
#12778,#12779),.UNSPECIFIED.,.F.,.F.,(4,3,4),(-0.0952631490315247,-0.0476498942338683,
0.),.UNSPECIFIED.);
#176=B_SPLINE_CURVE_WITH_KNOTS('',3,(#12781,#12782,#12783,#12784),
 .UNSPECIFIED.,.F.,.F.,(4,4),(1.57079633244498,1.69349453977057),
 .UNSPECIFIED.);
#177=B_SPLINE_CURVE_WITH_KNOTS('',3,(#12785,#12786,#12787,#12788,#12789,
#12790,#12791),.UNSPECIFIED.,.F.,.F.,(4,3,4),(-0.101590698993619,-0.0506552634810869,
0.),.UNSPECIFIED.);
#178=B_SPLINE_CURVE_WITH_KNOTS('',3,(#12809,#12810,#12811,#12812,#12813,
#12814,#12815),.UNSPECIFIED.,.F.,.F.,(4,3,4),(0.,0.0508917238095848,0.101591032848351),
 .UNSPECIFIED.);
#179=B_SPLINE_CURVE_WITH_KNOTS('',3,(#12816,#12817,#12818,#12819),
 .UNSPECIFIED.,.F.,.F.,(4,4),(1.44809811369227,1.57079632114481),
 .UNSPECIFIED.);
#180=B_SPLINE_CURVE_WITH_KNOTS('',3,(#12837,#12838,#12839,#12840),
 .UNSPECIFIED.,.F.,.F.,(4,4),(-1.69349453989752,-1.57079633244498),
 .UNSPECIFIED.);
#181=B_SPLINE_CURVE_WITH_KNOTS('',3,(#12841,#12842,#12843,#12844,#12845,
#12846,#12847),.UNSPECIFIED.,.F.,.F.,(4,3,4),(-0.0952628683941669,-0.0475791562600432,
0.),.UNSPECIFIED.);
#182=B_SPLINE_CURVE_WITH_KNOTS('',3,(#12864,#12865,#12866,#12867),
 .UNSPECIFIED.,.F.,.F.,(4,4),(-1.57079632114481,-1.44809811381922),
 .UNSPECIFIED.);
#183=B_SPLINE_CURVE_WITH_KNOTS('',3,(#12890,#12891,#12892,#12893,#12894,
#12895,#12896),.UNSPECIFIED.,.F.,.F.,(4,3,4),(0.,0.0475807406114948,0.0952628683919008),
 .UNSPECIFIED.);
#184=B_SPLINE_CURVE_WITH_KNOTS('',3,(#12898,#12899,#12900,#12901),
 .UNSPECIFIED.,.F.,.F.,(4,4),(-1.57079632114481,-1.44809811381922),
 .UNSPECIFIED.);
#185=B_SPLINE_CURVE_WITH_KNOTS('',3,(#12902,#12903,#12904,#12905,#12906,
#12907,#12908),.UNSPECIFIED.,.F.,.F.,(4,3,4),(-0.101590699013733,-0.050656608627654,
0.),.UNSPECIFIED.);
#186=B_SPLINE_CURVE_WITH_KNOTS('',3,(#12926,#12927,#12928,#12929,#12930,
#12931,#12932),.UNSPECIFIED.,.F.,.F.,(4,3,4),(0.,0.0508937765943038,0.101590878163008),
 .UNSPECIFIED.);
#187=B_SPLINE_CURVE_WITH_KNOTS('',3,(#12933,#12934,#12935,#12936),
 .UNSPECIFIED.,.F.,.F.,(4,4),(-1.69349453989752,-1.57079633244498),
 .UNSPECIFIED.);
#188=B_SPLINE_CURVE_WITH_KNOTS('',3,(#12954,#12955,#12956,#12957),
 .UNSPECIFIED.,.F.,.F.,(4,4),(1.44809811369227,1.57079632114481),
 .UNSPECIFIED.);
#189=B_SPLINE_CURVE_WITH_KNOTS('',3,(#12958,#12959,#12960,#12961,#12962,
#12963,#12964),.UNSPECIFIED.,.F.,.F.,(4,3,4),(0.,0.0476514380881721,0.0952631490239853),
 .UNSPECIFIED.);
#190=B_SPLINE_CURVE_WITH_KNOTS('',3,(#12981,#12982,#12983,#12984),
 .UNSPECIFIED.,.F.,.F.,(4,4),(1.57079633244498,1.69349453977057),
 .UNSPECIFIED.);
#191=B_SPLINE_CURVE_WITH_KNOTS('',3,(#13007,#13008,#13009,#13010,#13011,
#13012,#13013),.UNSPECIFIED.,.F.,.F.,(4,3,4),(0.,0.0475823364026388,0.0952628683846321),
 .UNSPECIFIED.);
#192=B_SPLINE_CURVE_WITH_KNOTS('',3,(#13015,#13016,#13017,#13018),
 .UNSPECIFIED.,.F.,.F.,(4,4),(-1.57079632114481,-1.44809811381922),
 .UNSPECIFIED.);
#193=B_SPLINE_CURVE_WITH_KNOTS('',3,(#13019,#13020,#13021,#13022,#13023,
#13024,#13025),.UNSPECIFIED.,.F.,.F.,(4,3,4),(-0.101590699048519,-0.0506592559510592,
0.),.UNSPECIFIED.);
#194=B_SPLINE_CURVE_WITH_KNOTS('',3,(#13043,#13044,#13045,#13046,#13047,
#13048,#13049),.UNSPECIFIED.,.F.,.F.,(4,3,4),(0.,0.0508958442319842,0.101590878156956),
 .UNSPECIFIED.);
#195=B_SPLINE_CURVE_WITH_KNOTS('',3,(#13050,#13051,#13052,#13053),
 .UNSPECIFIED.,.F.,.F.,(4,4),(-1.69349453989752,-1.57079633244498),
 .UNSPECIFIED.);
#196=B_SPLINE_CURVE_WITH_KNOTS('',3,(#13071,#13072,#13073,#13074),
 .UNSPECIFIED.,.F.,.F.,(4,4),(1.44809811369227,1.57079632114481),
 .UNSPECIFIED.);
#197=B_SPLINE_CURVE_WITH_KNOTS('',3,(#13075,#13076,#13077,#13078,#13079,
#13080,#13081),.UNSPECIFIED.,.F.,.F.,(4,3,4),(0.,0.0476529930851382,0.0952631490052747),
 .UNSPECIFIED.);
#198=B_SPLINE_CURVE_WITH_KNOTS('',3,(#13098,#13099,#13100,#13101),
 .UNSPECIFIED.,.F.,.F.,(4,4),(1.57079633244498,1.69349453977057),
 .UNSPECIFIED.);
#199=B_SPLINE_CURVE_WITH_KNOTS('',3,(#13124,#13125,#13126,#13127,#13128,
#13129,#13130),.UNSPECIFIED.,.F.,.F.,(4,3,4),(-0.0952631490189258,-0.0476514381576314,
0.),.UNSPECIFIED.);
#200=B_SPLINE_CURVE_WITH_KNOTS('',3,(#13132,#13133,#13134,#13135),
 .UNSPECIFIED.,.F.,.F.,(4,4),(-1.57079632114481,-1.44809811381922),
 .UNSPECIFIED.);
#201=B_SPLINE_CURVE_WITH_KNOTS('',3,(#13136,#13137,#13138,#13139,#13140,
#13141,#13142),.UNSPECIFIED.,.F.,.F.,(4,3,4),(-0.101590699020133,-0.0506572526760229,
0.),.UNSPECIFIED.);
#202=B_SPLINE_CURVE_WITH_KNOTS('',3,(#13160,#13161,#13162,#13163,#13164,
#13165,#13166),.UNSPECIFIED.,.F.,.F.,(4,3,4),(0.,0.0508931120825701,0.101591032848647),
 .UNSPECIFIED.);
#203=B_SPLINE_CURVE_WITH_KNOTS('',3,(#13167,#13168,#13169,#13170),
 .UNSPECIFIED.,.F.,.F.,(4,4),(-1.69349453989752,-1.57079633244498),
 .UNSPECIFIED.);
#204=B_SPLINE_CURVE_WITH_KNOTS('',3,(#13188,#13189,#13190,#13191),
 .UNSPECIFIED.,.F.,.F.,(4,4),(1.44809811369227,1.57079632114481),
 .UNSPECIFIED.);
#205=B_SPLINE_CURVE_WITH_KNOTS('',3,(#13192,#13193,#13194,#13195,#13196,
#13197,#13198),.UNSPECIFIED.,.F.,.F.,(4,3,4),(-0.0952628683915349,-0.0475807406847072,
0.),.UNSPECIFIED.);
#206=B_SPLINE_CURVE_WITH_KNOTS('',3,(#13215,#13216,#13217,#13218),
 .UNSPECIFIED.,.F.,.F.,(4,4),(1.57079633244498,1.69349453977057),
 .UNSPECIFIED.);
#207=B_SPLINE_CURVE_WITH_KNOTS('',3,(#13241,#13242,#13243,#13244,#13245,
#13246,#13247),.UNSPECIFIED.,.F.,.F.,(4,3,4),(-0.0952631490322029,-0.0476498942345446,
0.),.UNSPECIFIED.);
#208=B_SPLINE_CURVE_WITH_KNOTS('',3,(#13249,#13250,#13251,#13252),
 .UNSPECIFIED.,.F.,.F.,(4,4),(-1.57079632114481,-1.44809811381922),
 .UNSPECIFIED.);
#209=B_SPLINE_CURVE_WITH_KNOTS('',3,(#13253,#13254,#13255,#13256,#13257,
#13258,#13259),.UNSPECIFIED.,.F.,.F.,(4,3,4),(-0.101590698994405,-0.0506552634816453,
0.),.UNSPECIFIED.);
#210=B_SPLINE_CURVE_WITH_KNOTS('',3,(#13277,#13278,#13279,#13280,#13281,
#13282,#13283),.UNSPECIFIED.,.F.,.F.,(4,3,4),(0.,0.050891723809496,0.101590878167308),
 .UNSPECIFIED.);
#211=B_SPLINE_CURVE_WITH_KNOTS('',3,(#13284,#13285,#13286,#13287),
 .UNSPECIFIED.,.F.,.F.,(4,4),(-1.69349453989752,-1.57079633244498),
 .UNSPECIFIED.);
#212=B_SPLINE_CURVE_WITH_KNOTS('',3,(#13305,#13306,#13307,#13308),
 .UNSPECIFIED.,.F.,.F.,(4,4),(1.44809811369227,1.57079632114481),
 .UNSPECIFIED.);
#213=B_SPLINE_CURVE_WITH_KNOTS('',3,(#13309,#13310,#13311,#13312,#13313,
#13314,#13315),.UNSPECIFIED.,.F.,.F.,(4,3,4),(-0.0952628683923795,-0.0475791562596874,
0.),.UNSPECIFIED.);
#214=B_SPLINE_CURVE_WITH_KNOTS('',3,(#13332,#13333,#13334,#13335),
 .UNSPECIFIED.,.F.,.F.,(4,4),(1.57079633244498,1.69349453977057),
 .UNSPECIFIED.);
#215=B_SPLINE_SURFACE_WITH_KNOTS('',3,3,((#11144,#11145,#11146,#11147),
(#11148,#11149,#11150,#11151),(#11152,#11153,#11154,#11155),(#11156,#11157,
#11158,#11159)),.UNSPECIFIED.,.F.,.F.,.F.,(4,4),(4,4),(0.,1.),(1.43450814847986,
1.58314236125471),.UNSPECIFIED.);
#216=B_SPLINE_SURFACE_WITH_KNOTS('',3,3,((#11186,#11187,#11188,#11189),
(#11190,#11191,#11192,#11193),(#11194,#11195,#11196,#11197),(#11198,#11199,
#11200,#11201)),.UNSPECIFIED.,.F.,.F.,.F.,(4,4),(4,4),(0.,1.),(-1.58314236125471,
-1.43450814847986),.UNSPECIFIED.);
#217=B_SPLINE_SURFACE_WITH_KNOTS('',3,3,((#11219,#11220,#11221,#11222),
(#11223,#11224,#11225,#11226),(#11227,#11228,#11229,#11230),(#11231,#11232,
#11233,#11234)),.UNSPECIFIED.,.F.,.F.,.F.,(4,4),(4,4),(0.,1.),(-1.70708450510993,
-1.55845029233508),.UNSPECIFIED.);
#218=B_SPLINE_SURFACE_WITH_KNOTS('',3,3,((#11252,#11253,#11254,#11255),
(#11256,#11257,#11258,#11259),(#11260,#11261,#11262,#11263),(#11264,#11265,
#11266,#11267)),.UNSPECIFIED.,.F.,.F.,.F.,(4,4),(4,4),(0.,1.),(1.55845029233508,
1.70708450510993),.UNSPECIFIED.);
#219=B_SPLINE_SURFACE_WITH_KNOTS('',3,3,((#11586,#11587,#11588,#11589),
(#11590,#11591,#11592,#11593),(#11594,#11595,#11596,#11597),(#11598,#11599,
#11600,#11601)),.UNSPECIFIED.,.F.,.F.,.F.,(4,4),(4,4),(0.,1.),(-1.58314236125471,
-1.43450814847986),.UNSPECIFIED.);
#220=B_SPLINE_SURFACE_WITH_KNOTS('',3,3,((#11622,#11623,#11624,#11625),
(#11626,#11627,#11628,#11629),(#11630,#11631,#11632,#11633),(#11634,#11635,
#11636,#11637)),.UNSPECIFIED.,.F.,.F.,.F.,(4,4),(4,4),(0.,1.),(-1.70708450510993,
-1.55845029233508),.UNSPECIFIED.);
#221=B_SPLINE_SURFACE_WITH_KNOTS('',3,3,((#11650,#11651,#11652,#11653),
(#11654,#11655,#11656,#11657),(#11658,#11659,#11660,#11661),(#11662,#11663,
#11664,#11665)),.UNSPECIFIED.,.F.,.F.,.F.,(4,4),(4,4),(0.,1.),(1.43450814847986,
1.58314236125471),.UNSPECIFIED.);
#222=B_SPLINE_SURFACE_WITH_KNOTS('',3,3,((#11678,#11679,#11680,#11681),
(#11682,#11683,#11684,#11685),(#11686,#11687,#11688,#11689),(#11690,#11691,
#11692,#11693)),.UNSPECIFIED.,.F.,.F.,.F.,(4,4),(4,4),(0.,1.),(1.55845029233508,
1.70708450510993),.UNSPECIFIED.);
#223=B_SPLINE_SURFACE_WITH_KNOTS('',3,3,((#11703,#11704,#11705,#11706),
(#11707,#11708,#11709,#11710),(#11711,#11712,#11713,#11714),(#11715,#11716,
#11717,#11718)),.UNSPECIFIED.,.F.,.F.,.F.,(4,4),(4,4),(0.,1.),(1.43450814847986,
1.58314236125471),.UNSPECIFIED.);
#224=B_SPLINE_SURFACE_WITH_KNOTS('',3,3,((#11739,#11740,#11741,#11742),
(#11743,#11744,#11745,#11746),(#11747,#11748,#11749,#11750),(#11751,#11752,
#11753,#11754)),.UNSPECIFIED.,.F.,.F.,.F.,(4,4),(4,4),(0.,1.),(-1.58314236125471,
-1.43450814847986),.UNSPECIFIED.);
#225=B_SPLINE_SURFACE_WITH_KNOTS('',3,3,((#11767,#11768,#11769,#11770),
(#11771,#11772,#11773,#11774),(#11775,#11776,#11777,#11778),(#11779,#11780,
#11781,#11782)),.UNSPECIFIED.,.F.,.F.,.F.,(4,4),(4,4),(0.,1.),(-1.70708450510993,
-1.55845029233508),.UNSPECIFIED.);
#226=B_SPLINE_SURFACE_WITH_KNOTS('',3,3,((#11795,#11796,#11797,#11798),
(#11799,#11800,#11801,#11802),(#11803,#11804,#11805,#11806),(#11807,#11808,
#11809,#11810)),.UNSPECIFIED.,.F.,.F.,.F.,(4,4),(4,4),(0.,1.),(1.55845029233508,
1.70708450510993),.UNSPECIFIED.);
#227=B_SPLINE_SURFACE_WITH_KNOTS('',3,3,((#11820,#11821,#11822,#11823),
(#11824,#11825,#11826,#11827),(#11828,#11829,#11830,#11831),(#11832,#11833,
#11834,#11835)),.UNSPECIFIED.,.F.,.F.,.F.,(4,4),(4,4),(0.,1.),(-1.58314236125471,
-1.43450814847986),.UNSPECIFIED.);
#228=B_SPLINE_SURFACE_WITH_KNOTS('',3,3,((#11856,#11857,#11858,#11859),
(#11860,#11861,#11862,#11863),(#11864,#11865,#11866,#11867),(#11868,#11869,
#11870,#11871)),.UNSPECIFIED.,.F.,.F.,.F.,(4,4),(4,4),(0.,1.),(-1.70708450510993,
-1.55845029233508),.UNSPECIFIED.);
#229=B_SPLINE_SURFACE_WITH_KNOTS('',3,3,((#11884,#11885,#11886,#11887),
(#11888,#11889,#11890,#11891),(#11892,#11893,#11894,#11895),(#11896,#11897,
#11898,#11899)),.UNSPECIFIED.,.F.,.F.,.F.,(4,4),(4,4),(0.,1.),(1.43450814847986,
1.58314236125471),.UNSPECIFIED.);
#230=B_SPLINE_SURFACE_WITH_KNOTS('',3,3,((#11912,#11913,#11914,#11915),
(#11916,#11917,#11918,#11919),(#11920,#11921,#11922,#11923),(#11924,#11925,
#11926,#11927)),.UNSPECIFIED.,.F.,.F.,.F.,(4,4),(4,4),(0.,1.),(1.55845029233508,
1.70708450510993),.UNSPECIFIED.);
#231=B_SPLINE_SURFACE_WITH_KNOTS('',3,3,((#11937,#11938,#11939,#11940),
(#11941,#11942,#11943,#11944),(#11945,#11946,#11947,#11948),(#11949,#11950,
#11951,#11952)),.UNSPECIFIED.,.F.,.F.,.F.,(4,4),(4,4),(0.,1.),(1.55845029233508,
1.70708450510993),.UNSPECIFIED.);
#232=B_SPLINE_SURFACE_WITH_KNOTS('',3,3,((#11973,#11974,#11975,#11976),
(#11977,#11978,#11979,#11980),(#11981,#11982,#11983,#11984),(#11985,#11986,
#11987,#11988)),.UNSPECIFIED.,.F.,.F.,.F.,(4,4),(4,4),(0.,1.),(1.43450814847986,
1.58314236125471),.UNSPECIFIED.);
#233=B_SPLINE_SURFACE_WITH_KNOTS('',3,3,((#12001,#12002,#12003,#12004),
(#12005,#12006,#12007,#12008),(#12009,#12010,#12011,#12012),(#12013,#12014,
#12015,#12016)),.UNSPECIFIED.,.F.,.F.,.F.,(4,4),(4,4),(0.,1.),(-1.70708450510993,
-1.55845029233508),.UNSPECIFIED.);
#234=B_SPLINE_SURFACE_WITH_KNOTS('',3,3,((#12029,#12030,#12031,#12032),
(#12033,#12034,#12035,#12036),(#12037,#12038,#12039,#12040),(#12041,#12042,
#12043,#12044)),.UNSPECIFIED.,.F.,.F.,.F.,(4,4),(4,4),(0.,1.),(-1.58314236125471,
-1.43450814847986),.UNSPECIFIED.);
#235=B_SPLINE_SURFACE_WITH_KNOTS('',3,3,((#12054,#12055,#12056,#12057),
(#12058,#12059,#12060,#12061),(#12062,#12063,#12064,#12065),(#12066,#12067,
#12068,#12069)),.UNSPECIFIED.,.F.,.F.,.F.,(4,4),(4,4),(0.,1.),(1.55845029233508,
1.70708450510993),.UNSPECIFIED.);
#236=B_SPLINE_SURFACE_WITH_KNOTS('',3,3,((#12090,#12091,#12092,#12093),
(#12094,#12095,#12096,#12097),(#12098,#12099,#12100,#12101),(#12102,#12103,
#12104,#12105)),.UNSPECIFIED.,.F.,.F.,.F.,(4,4),(4,4),(0.,1.),(1.43450814847986,
1.58314236125471),.UNSPECIFIED.);
#237=B_SPLINE_SURFACE_WITH_KNOTS('',3,3,((#12118,#12119,#12120,#12121),
(#12122,#12123,#12124,#12125),(#12126,#12127,#12128,#12129),(#12130,#12131,
#12132,#12133)),.UNSPECIFIED.,.F.,.F.,.F.,(4,4),(4,4),(0.,1.),(-1.70708450510993,
-1.55845029233508),.UNSPECIFIED.);
#238=B_SPLINE_SURFACE_WITH_KNOTS('',3,3,((#12146,#12147,#12148,#12149),
(#12150,#12151,#12152,#12153),(#12154,#12155,#12156,#12157),(#12158,#12159,
#12160,#12161)),.UNSPECIFIED.,.F.,.F.,.F.,(4,4),(4,4),(0.,1.),(-1.58314236125471,
-1.43450814847986),.UNSPECIFIED.);
#239=B_SPLINE_SURFACE_WITH_KNOTS('',3,3,((#12171,#12172,#12173,#12174),
(#12175,#12176,#12177,#12178),(#12179,#12180,#12181,#12182),(#12183,#12184,
#12185,#12186)),.UNSPECIFIED.,.F.,.F.,.F.,(4,4),(4,4),(0.,1.),(1.55845029233508,
1.70708450510993),.UNSPECIFIED.);
#240=B_SPLINE_SURFACE_WITH_KNOTS('',3,3,((#12207,#12208,#12209,#12210),
(#12211,#12212,#12213,#12214),(#12215,#12216,#12217,#12218),(#12219,#12220,
#12221,#12222)),.UNSPECIFIED.,.F.,.F.,.F.,(4,4),(4,4),(0.,1.),(1.43450814847986,
1.58314236125471),.UNSPECIFIED.);
#241=B_SPLINE_SURFACE_WITH_KNOTS('',3,3,((#12235,#12236,#12237,#12238),
(#12239,#12240,#12241,#12242),(#12243,#12244,#12245,#12246),(#12247,#12248,
#12249,#12250)),.UNSPECIFIED.,.F.,.F.,.F.,(4,4),(4,4),(0.,1.),(-1.70708450510993,
-1.55845029233508),.UNSPECIFIED.);
#242=B_SPLINE_SURFACE_WITH_KNOTS('',3,3,((#12263,#12264,#12265,#12266),
(#12267,#12268,#12269,#12270),(#12271,#12272,#12273,#12274),(#12275,#12276,
#12277,#12278)),.UNSPECIFIED.,.F.,.F.,.F.,(4,4),(4,4),(0.,1.),(-1.58314236125471,
-1.43450814847986),.UNSPECIFIED.);
#243=B_SPLINE_SURFACE_WITH_KNOTS('',3,3,((#12288,#12289,#12290,#12291),
(#12292,#12293,#12294,#12295),(#12296,#12297,#12298,#12299),(#12300,#12301,
#12302,#12303)),.UNSPECIFIED.,.F.,.F.,.F.,(4,4),(4,4),(0.,1.),(1.55845029233508,
1.70708450510993),.UNSPECIFIED.);
#244=B_SPLINE_SURFACE_WITH_KNOTS('',3,3,((#12324,#12325,#12326,#12327),
(#12328,#12329,#12330,#12331),(#12332,#12333,#12334,#12335),(#12336,#12337,
#12338,#12339)),.UNSPECIFIED.,.F.,.F.,.F.,(4,4),(4,4),(0.,1.),(1.43450814847986,
1.58314236125471),.UNSPECIFIED.);
#245=B_SPLINE_SURFACE_WITH_KNOTS('',3,3,((#12352,#12353,#12354,#12355),
(#12356,#12357,#12358,#12359),(#12360,#12361,#12362,#12363),(#12364,#12365,
#12366,#12367)),.UNSPECIFIED.,.F.,.F.,.F.,(4,4),(4,4),(0.,1.),(-1.70708450510993,
-1.55845029233508),.UNSPECIFIED.);
#246=B_SPLINE_SURFACE_WITH_KNOTS('',3,3,((#12380,#12381,#12382,#12383),
(#12384,#12385,#12386,#12387),(#12388,#12389,#12390,#12391),(#12392,#12393,
#12394,#12395)),.UNSPECIFIED.,.F.,.F.,.F.,(4,4),(4,4),(0.,1.),(-1.58314236125471,
-1.43450814847986),.UNSPECIFIED.);
#247=B_SPLINE_SURFACE_WITH_KNOTS('',3,3,((#12405,#12406,#12407,#12408),
(#12409,#12410,#12411,#12412),(#12413,#12414,#12415,#12416),(#12417,#12418,
#12419,#12420)),.UNSPECIFIED.,.F.,.F.,.F.,(4,4),(4,4),(0.,1.),(1.55845029233508,
1.70708450510993),.UNSPECIFIED.);
#248=B_SPLINE_SURFACE_WITH_KNOTS('',3,3,((#12441,#12442,#12443,#12444),
(#12445,#12446,#12447,#12448),(#12449,#12450,#12451,#12452),(#12453,#12454,
#12455,#12456)),.UNSPECIFIED.,.F.,.F.,.F.,(4,4),(4,4),(0.,1.),(1.43450814847986,
1.58314236125471),.UNSPECIFIED.);
#249=B_SPLINE_SURFACE_WITH_KNOTS('',3,3,((#12469,#12470,#12471,#12472),
(#12473,#12474,#12475,#12476),(#12477,#12478,#12479,#12480),(#12481,#12482,
#12483,#12484)),.UNSPECIFIED.,.F.,.F.,.F.,(4,4),(4,4),(0.,1.),(-1.70708450510993,
-1.55845029233508),.UNSPECIFIED.);
#250=B_SPLINE_SURFACE_WITH_KNOTS('',3,3,((#12497,#12498,#12499,#12500),
(#12501,#12502,#12503,#12504),(#12505,#12506,#12507,#12508),(#12509,#12510,
#12511,#12512)),.UNSPECIFIED.,.F.,.F.,.F.,(4,4),(4,4),(0.,1.),(-1.58314236125471,
-1.43450814847986),.UNSPECIFIED.);
#251=B_SPLINE_SURFACE_WITH_KNOTS('',3,3,((#12522,#12523,#12524,#12525),
(#12526,#12527,#12528,#12529),(#12530,#12531,#12532,#12533),(#12534,#12535,
#12536,#12537)),.UNSPECIFIED.,.F.,.F.,.F.,(4,4),(4,4),(0.,1.),(-1.70708450510993,
-1.55845029233508),.UNSPECIFIED.);
#252=B_SPLINE_SURFACE_WITH_KNOTS('',3,3,((#12558,#12559,#12560,#12561),
(#12562,#12563,#12564,#12565),(#12566,#12567,#12568,#12569),(#12570,#12571,
#12572,#12573)),.UNSPECIFIED.,.F.,.F.,.F.,(4,4),(4,4),(0.,1.),(1.55845029233508,
1.70708450510993),.UNSPECIFIED.);
#253=B_SPLINE_SURFACE_WITH_KNOTS('',3,3,((#12586,#12587,#12588,#12589),
(#12590,#12591,#12592,#12593),(#12594,#12595,#12596,#12597),(#12598,#12599,
#12600,#12601)),.UNSPECIFIED.,.F.,.F.,.F.,(4,4),(4,4),(0.,1.),(1.43450814847986,
1.58314236125471),.UNSPECIFIED.);
#254=B_SPLINE_SURFACE_WITH_KNOTS('',3,3,((#12614,#12615,#12616,#12617),
(#12618,#12619,#12620,#12621),(#12622,#12623,#12624,#12625),(#12626,#12627,
#12628,#12629)),.UNSPECIFIED.,.F.,.F.,.F.,(4,4),(4,4),(0.,1.),(-1.58314236125471,
-1.43450814847986),.UNSPECIFIED.);
#255=B_SPLINE_SURFACE_WITH_KNOTS('',3,3,((#12639,#12640,#12641,#12642),
(#12643,#12644,#12645,#12646),(#12647,#12648,#12649,#12650),(#12651,#12652,
#12653,#12654)),.UNSPECIFIED.,.F.,.F.,.F.,(4,4),(4,4),(0.,1.),(-1.70708450510993,
-1.55845029233508),.UNSPECIFIED.);
#256=B_SPLINE_SURFACE_WITH_KNOTS('',3,3,((#12675,#12676,#12677,#12678),
(#12679,#12680,#12681,#12682),(#12683,#12684,#12685,#12686),(#12687,#12688,
#12689,#12690)),.UNSPECIFIED.,.F.,.F.,.F.,(4,4),(4,4),(0.,1.),(1.55845029233508,
1.70708450510993),.UNSPECIFIED.);
#257=B_SPLINE_SURFACE_WITH_KNOTS('',3,3,((#12703,#12704,#12705,#12706),
(#12707,#12708,#12709,#12710),(#12711,#12712,#12713,#12714),(#12715,#12716,
#12717,#12718)),.UNSPECIFIED.,.F.,.F.,.F.,(4,4),(4,4),(0.,1.),(1.43450814847986,
1.58314236125471),.UNSPECIFIED.);
#258=B_SPLINE_SURFACE_WITH_KNOTS('',3,3,((#12731,#12732,#12733,#12734),
(#12735,#12736,#12737,#12738),(#12739,#12740,#12741,#12742),(#12743,#12744,
#12745,#12746)),.UNSPECIFIED.,.F.,.F.,.F.,(4,4),(4,4),(0.,1.),(-1.58314236125471,
-1.43450814847986),.UNSPECIFIED.);
#259=B_SPLINE_SURFACE_WITH_KNOTS('',3,3,((#12756,#12757,#12758,#12759),
(#12760,#12761,#12762,#12763),(#12764,#12765,#12766,#12767),(#12768,#12769,
#12770,#12771)),.UNSPECIFIED.,.F.,.F.,.F.,(4,4),(4,4),(0.,1.),(1.55845029233508,
1.70708450510993),.UNSPECIFIED.);
#260=B_SPLINE_SURFACE_WITH_KNOTS('',3,3,((#12792,#12793,#12794,#12795),
(#12796,#12797,#12798,#12799),(#12800,#12801,#12802,#12803),(#12804,#12805,
#12806,#12807)),.UNSPECIFIED.,.F.,.F.,.F.,(4,4),(4,4),(0.,1.),(1.43450814847986,
1.58314236125471),.UNSPECIFIED.);
#261=B_SPLINE_SURFACE_WITH_KNOTS('',3,3,((#12820,#12821,#12822,#12823),
(#12824,#12825,#12826,#12827),(#12828,#12829,#12830,#12831),(#12832,#12833,
#12834,#12835)),.UNSPECIFIED.,.F.,.F.,.F.,(4,4),(4,4),(0.,1.),(-1.70708450510993,
-1.55845029233508),.UNSPECIFIED.);
#262=B_SPLINE_SURFACE_WITH_KNOTS('',3,3,((#12848,#12849,#12850,#12851),
(#12852,#12853,#12854,#12855),(#12856,#12857,#12858,#12859),(#12860,#12861,
#12862,#12863)),.UNSPECIFIED.,.F.,.F.,.F.,(4,4),(4,4),(0.,1.),(-1.58314236125471,
-1.43450814847986),.UNSPECIFIED.);
#263=B_SPLINE_SURFACE_WITH_KNOTS('',3,3,((#12873,#12874,#12875,#12876),
(#12877,#12878,#12879,#12880),(#12881,#12882,#12883,#12884),(#12885,#12886,
#12887,#12888)),.UNSPECIFIED.,.F.,.F.,.F.,(4,4),(4,4),(0.,1.),(-1.58314236125471,
-1.43450814847986),.UNSPECIFIED.);
#264=B_SPLINE_SURFACE_WITH_KNOTS('',3,3,((#12909,#12910,#12911,#12912),
(#12913,#12914,#12915,#12916),(#12917,#12918,#12919,#12920),(#12921,#12922,
#12923,#12924)),.UNSPECIFIED.,.F.,.F.,.F.,(4,4),(4,4),(0.,1.),(-1.70708450510993,
-1.55845029233508),.UNSPECIFIED.);
#265=B_SPLINE_SURFACE_WITH_KNOTS('',3,3,((#12937,#12938,#12939,#12940),
(#12941,#12942,#12943,#12944),(#12945,#12946,#12947,#12948),(#12949,#12950,
#12951,#12952)),.UNSPECIFIED.,.F.,.F.,.F.,(4,4),(4,4),(0.,1.),(1.43450814847986,
1.58314236125471),.UNSPECIFIED.);
#266=B_SPLINE_SURFACE_WITH_KNOTS('',3,3,((#12965,#12966,#12967,#12968),
(#12969,#12970,#12971,#12972),(#12973,#12974,#12975,#12976),(#12977,#12978,
#12979,#12980)),.UNSPECIFIED.,.F.,.F.,.F.,(4,4),(4,4),(0.,1.),(1.55845029233508,
1.70708450510993),.UNSPECIFIED.);
#267=B_SPLINE_SURFACE_WITH_KNOTS('',3,3,((#12990,#12991,#12992,#12993),
(#12994,#12995,#12996,#12997),(#12998,#12999,#13000,#13001),(#13002,#13003,
#13004,#13005)),.UNSPECIFIED.,.F.,.F.,.F.,(4,4),(4,4),(0.,1.),(-1.58314236125471,
-1.43450814847986),.UNSPECIFIED.);
#268=B_SPLINE_SURFACE_WITH_KNOTS('',3,3,((#13026,#13027,#13028,#13029),
(#13030,#13031,#13032,#13033),(#13034,#13035,#13036,#13037),(#13038,#13039,
#13040,#13041)),.UNSPECIFIED.,.F.,.F.,.F.,(4,4),(4,4),(0.,1.),(-1.70708450510993,
-1.55845029233508),.UNSPECIFIED.);
#269=B_SPLINE_SURFACE_WITH_KNOTS('',3,3,((#13054,#13055,#13056,#13057),
(#13058,#13059,#13060,#13061),(#13062,#13063,#13064,#13065),(#13066,#13067,
#13068,#13069)),.UNSPECIFIED.,.F.,.F.,.F.,(4,4),(4,4),(0.,1.),(1.43450814847986,
1.58314236125471),.UNSPECIFIED.);
#270=B_SPLINE_SURFACE_WITH_KNOTS('',3,3,((#13082,#13083,#13084,#13085),
(#13086,#13087,#13088,#13089),(#13090,#13091,#13092,#13093),(#13094,#13095,
#13096,#13097)),.UNSPECIFIED.,.F.,.F.,.F.,(4,4),(4,4),(0.,1.),(1.55845029233508,
1.70708450510993),.UNSPECIFIED.);
#271=B_SPLINE_SURFACE_WITH_KNOTS('',3,3,((#13107,#13108,#13109,#13110),
(#13111,#13112,#13113,#13114),(#13115,#13116,#13117,#13118),(#13119,#13120,
#13121,#13122)),.UNSPECIFIED.,.F.,.F.,.F.,(4,4),(4,4),(0.,1.),(-1.58314236125471,
-1.43450814847986),.UNSPECIFIED.);
#272=B_SPLINE_SURFACE_WITH_KNOTS('',3,3,((#13143,#13144,#13145,#13146),
(#13147,#13148,#13149,#13150),(#13151,#13152,#13153,#13154),(#13155,#13156,
#13157,#13158)),.UNSPECIFIED.,.F.,.F.,.F.,(4,4),(4,4),(0.,1.),(-1.70708450510993,
-1.55845029233508),.UNSPECIFIED.);
#273=B_SPLINE_SURFACE_WITH_KNOTS('',3,3,((#13171,#13172,#13173,#13174),
(#13175,#13176,#13177,#13178),(#13179,#13180,#13181,#13182),(#13183,#13184,
#13185,#13186)),.UNSPECIFIED.,.F.,.F.,.F.,(4,4),(4,4),(0.,1.),(1.43450814847986,
1.58314236125471),.UNSPECIFIED.);
#274=B_SPLINE_SURFACE_WITH_KNOTS('',3,3,((#13199,#13200,#13201,#13202),
(#13203,#13204,#13205,#13206),(#13207,#13208,#13209,#13210),(#13211,#13212,
#13213,#13214)),.UNSPECIFIED.,.F.,.F.,.F.,(4,4),(4,4),(0.,1.),(1.55845029233508,
1.70708450510993),.UNSPECIFIED.);
#275=B_SPLINE_SURFACE_WITH_KNOTS('',3,3,((#13224,#13225,#13226,#13227),
(#13228,#13229,#13230,#13231),(#13232,#13233,#13234,#13235),(#13236,#13237,
#13238,#13239)),.UNSPECIFIED.,.F.,.F.,.F.,(4,4),(4,4),(0.,1.),(-1.58314236125471,
-1.43450814847986),.UNSPECIFIED.);
#276=B_SPLINE_SURFACE_WITH_KNOTS('',3,3,((#13260,#13261,#13262,#13263),
(#13264,#13265,#13266,#13267),(#13268,#13269,#13270,#13271),(#13272,#13273,
#13274,#13275)),.UNSPECIFIED.,.F.,.F.,.F.,(4,4),(4,4),(0.,1.),(-1.70708450510993,
-1.55845029233508),.UNSPECIFIED.);
#277=B_SPLINE_SURFACE_WITH_KNOTS('',3,3,((#13288,#13289,#13290,#13291),
(#13292,#13293,#13294,#13295),(#13296,#13297,#13298,#13299),(#13300,#13301,
#13302,#13303)),.UNSPECIFIED.,.F.,.F.,.F.,(4,4),(4,4),(0.,1.),(1.43450814847986,
1.58314236125471),.UNSPECIFIED.);
#278=B_SPLINE_SURFACE_WITH_KNOTS('',3,3,((#13316,#13317,#13318,#13319),
(#13320,#13321,#13322,#13323),(#13324,#13325,#13326,#13327),(#13328,#13329,
#13330,#13331)),.UNSPECIFIED.,.F.,.F.,.F.,(4,4),(4,4),(0.,1.),(1.55845029233508,
1.70708450510993),.UNSPECIFIED.);
#279=ELLIPSE('',#7627,45.6083873865323,32.25);
#280=ELLIPSE('',#7628,45.6083873865323,32.25);
#281=ELLIPSE('',#7630,45.6083873865323,32.25);
#282=ELLIPSE('',#7631,45.6083873865323,32.25);
#283=ELLIPSE('',#7636,45.6083873865323,32.25);
#284=ELLIPSE('',#7637,45.6083873865323,32.25);
#285=ELLIPSE('',#7639,45.6083873865323,32.25);
#286=ELLIPSE('',#7640,45.6083873865323,32.25);
#287=ELLIPSE('',#7645,45.6083873865323,32.25);
#288=ELLIPSE('',#7646,45.6083873865323,32.25);
#289=ELLIPSE('',#7648,45.6083873865323,32.25);
#290=ELLIPSE('',#7649,45.6083873865323,32.25);
#291=ELLIPSE('',#7654,45.6083873865323,32.25);
#292=ELLIPSE('',#7655,45.6083873865323,32.25);
#293=ELLIPSE('',#7657,45.6083873865323,32.25);
#294=ELLIPSE('',#7658,45.6083873865323,32.25);
#295=ELLIPSE('',#7663,45.6083873865323,32.25);
#296=ELLIPSE('',#7664,45.6083873865323,32.25);
#297=ELLIPSE('',#7666,45.6083873865323,32.25);
#298=ELLIPSE('',#7667,45.6083873865323,32.25);
#299=ELLIPSE('',#7672,45.6083873865323,32.25);
#300=ELLIPSE('',#7673,45.6083873865323,32.25);
#301=ELLIPSE('',#7675,45.6083873865323,32.25);
#302=ELLIPSE('',#7676,45.6083873865323,32.25);
#303=ELLIPSE('',#7681,45.6083873865323,32.25);
#304=ELLIPSE('',#7682,45.6083873865323,32.25);
#305=ELLIPSE('',#7684,45.6083873865323,32.25);
#306=ELLIPSE('',#7685,45.6083873865323,32.25);
#307=ELLIPSE('',#7690,45.6083873865323,32.25);
#308=ELLIPSE('',#7691,45.6083873865323,32.25);
#309=ELLIPSE('',#7693,45.6083873865323,32.25);
#310=ELLIPSE('',#7694,45.6083873865323,32.25);
#311=ELLIPSE('',#7699,45.6083873865323,32.25);
#312=ELLIPSE('',#7700,45.6083873865323,32.25);
#313=ELLIPSE('',#7702,45.6083873865323,32.25);
#314=ELLIPSE('',#7703,45.6083873865323,32.25);
#315=ELLIPSE('',#7708,45.6083873865323,32.25);
#316=ELLIPSE('',#7709,45.6083873865323,32.25);
#317=ELLIPSE('',#7711,45.6083873865323,32.25);
#318=ELLIPSE('',#7712,45.6083873865323,32.25);
#319=ELLIPSE('',#7717,45.6083873865323,32.25);
#320=ELLIPSE('',#7718,45.6083873865323,32.25);
#321=ELLIPSE('',#7720,45.6083873865323,32.25);
#322=ELLIPSE('',#7721,45.6083873865323,32.25);
#323=ELLIPSE('',#7726,45.6083873865323,32.25);
#324=ELLIPSE('',#7727,45.6083873865323,32.25);
#325=ELLIPSE('',#7729,45.6083873865323,32.25);
#326=ELLIPSE('',#7730,45.6083873865323,32.25);
#327=ELLIPSE('',#7735,45.6083873865323,32.25);
#328=ELLIPSE('',#7736,45.6083873865323,32.25);
#329=ELLIPSE('',#7738,45.6083873865323,32.25);
#330=ELLIPSE('',#7739,45.6083873865323,32.25);
#331=ELLIPSE('',#7744,45.6083873865323,32.25);
#332=ELLIPSE('',#7745,45.6083873865323,32.25);
#333=ELLIPSE('',#7747,45.6083873865323,32.25);
#334=ELLIPSE('',#7748,45.6083873865323,32.25);
#335=ELLIPSE('',#7753,45.6083873865323,32.25);
#336=ELLIPSE('',#7754,45.6083873865323,32.25);
#337=ELLIPSE('',#7758,45.6083873865323,32.25);
#338=ELLIPSE('',#7759,45.6083873865323,32.25);
#339=ELLIPSE('',#7763,45.6083873865323,32.25);
#340=ELLIPSE('',#7764,45.6083873865323,32.25);
#341=ELLIPSE('',#7768,45.6083873865323,32.25);
#342=ELLIPSE('',#7769,45.6083873865323,32.25);
#343=CYLINDRICAL_SURFACE('',#7626,32.25);
#344=CYLINDRICAL_SURFACE('',#7629,32.25);
#345=CYLINDRICAL_SURFACE('',#7633,32.25);
#346=CYLINDRICAL_SURFACE('',#7635,32.25);
#347=CYLINDRICAL_SURFACE('',#7638,32.25);
#348=CYLINDRICAL_SURFACE('',#7642,32.25);
#349=CYLINDRICAL_SURFACE('',#7644,32.25);
#350=CYLINDRICAL_SURFACE('',#7647,32.25);
#351=CYLINDRICAL_SURFACE('',#7651,32.25);
#352=CYLINDRICAL_SURFACE('',#7653,32.25);
#353=CYLINDRICAL_SURFACE('',#7656,32.25);
#354=CYLINDRICAL_SURFACE('',#7660,32.25);
#355=CYLINDRICAL_SURFACE('',#7662,32.25);
#356=CYLINDRICAL_SURFACE('',#7665,32.25);
#357=CYLINDRICAL_SURFACE('',#7669,32.25);
#358=CYLINDRICAL_SURFACE('',#7671,32.25);
#359=CYLINDRICAL_SURFACE('',#7674,32.25);
#360=CYLINDRICAL_SURFACE('',#7678,32.25);
#361=CYLINDRICAL_SURFACE('',#7680,32.25);
#362=CYLINDRICAL_SURFACE('',#7683,32.25);
#363=CYLINDRICAL_SURFACE('',#7687,32.25);
#364=CYLINDRICAL_SURFACE('',#7689,32.25);
#365=CYLINDRICAL_SURFACE('',#7692,32.25);
#366=CYLINDRICAL_SURFACE('',#7696,32.25);
#367=CYLINDRICAL_SURFACE('',#7698,32.25);
#368=CYLINDRICAL_SURFACE('',#7701,32.25);
#369=CYLINDRICAL_SURFACE('',#7705,32.25);
#370=CYLINDRICAL_SURFACE('',#7707,32.25);
#371=CYLINDRICAL_SURFACE('',#7710,32.25);
#372=CYLINDRICAL_SURFACE('',#7714,32.25);
#373=CYLINDRICAL_SURFACE('',#7716,32.25);
#374=CYLINDRICAL_SURFACE('',#7719,32.25);
#375=CYLINDRICAL_SURFACE('',#7723,32.25);
#376=CYLINDRICAL_SURFACE('',#7725,32.25);
#377=CYLINDRICAL_SURFACE('',#7728,32.25);
#378=CYLINDRICAL_SURFACE('',#7732,32.25);
#379=CYLINDRICAL_SURFACE('',#7734,32.25);
#380=CYLINDRICAL_SURFACE('',#7737,32.25);
#381=CYLINDRICAL_SURFACE('',#7741,32.25);
#382=CYLINDRICAL_SURFACE('',#7743,32.25);
#383=CYLINDRICAL_SURFACE('',#7746,32.25);
#384=CYLINDRICAL_SURFACE('',#7750,32.25);
#385=CYLINDRICAL_SURFACE('',#7752,32.25);
#386=CYLINDRICAL_SURFACE('',#7755,32.25);
#387=CYLINDRICAL_SURFACE('',#7757,32.25);
#388=CYLINDRICAL_SURFACE('',#7761,32.25);
#389=CYLINDRICAL_SURFACE('',#7765,32.25);
#390=CYLINDRICAL_SURFACE('',#7767,32.25);
#391=CYLINDRICAL_SURFACE('',#7772,31.5);
#392=FACE_BOUND('',#991,.T.);
#393=FACE_BOUND('',#1095,.T.);
#394=FACE_BOUND('',#1096,.T.);
#395=FACE_BOUND('',#1097,.T.);
#396=FACE_BOUND('',#1098,.T.);
#397=FACE_BOUND('',#1099,.T.);
#398=FACE_BOUND('',#1100,.T.);
#399=FACE_BOUND('',#1101,.T.);
#400=FACE_BOUND('',#1102,.T.);
#401=FACE_BOUND('',#1103,.T.);
#402=FACE_BOUND('',#1104,.T.);
#403=FACE_BOUND('',#1105,.T.);
#404=FACE_BOUND('',#1106,.T.);
#405=FACE_BOUND('',#1107,.T.);
#406=FACE_BOUND('',#1108,.T.);
#407=FACE_BOUND('',#1109,.T.);
#408=FACE_BOUND('',#1233,.T.);
#409=CIRCLE('',#7545,32.25);
#410=CIRCLE('',#7546,32.25);
#411=CIRCLE('',#7547,32.25);
#412=CIRCLE('',#7548,32.25);
#413=CIRCLE('',#7549,32.25);
#414=CIRCLE('',#7550,32.25);
#415=CIRCLE('',#7551,32.25);
#416=CIRCLE('',#7552,32.25);
#417=CIRCLE('',#7553,32.25);
#418=CIRCLE('',#7554,32.25);
#419=CIRCLE('',#7555,32.25);
#420=CIRCLE('',#7556,32.25);
#421=CIRCLE('',#7557,32.25);
#422=CIRCLE('',#7558,32.25);
#423=CIRCLE('',#7559,32.25);
#424=CIRCLE('',#7560,32.25);
#425=CIRCLE('',#7561,32.25);
#426=CIRCLE('',#7562,32.25);
#427=CIRCLE('',#7563,32.25);
#428=CIRCLE('',#7564,32.25);
#429=CIRCLE('',#7565,32.25);
#430=CIRCLE('',#7566,32.25);
#431=CIRCLE('',#7567,32.25);
#432=CIRCLE('',#7568,32.25);
#433=CIRCLE('',#7569,32.25);
#434=CIRCLE('',#7570,32.25);
#435=CIRCLE('',#7571,32.25);
#436=CIRCLE('',#7572,32.25);
#437=CIRCLE('',#7573,32.25);
#438=CIRCLE('',#7574,32.25);
#439=CIRCLE('',#7575,32.25);
#440=CIRCLE('',#7576,32.25);
#441=CIRCLE('',#7577,31.5);
#442=CIRCLE('',#7632,32.25);
#443=CIRCLE('',#7634,32.25);
#444=CIRCLE('',#7641,32.25);
#445=CIRCLE('',#7643,32.25);
#446=CIRCLE('',#7650,32.25);
#447=CIRCLE('',#7652,32.25);
#448=CIRCLE('',#7659,32.25);
#449=CIRCLE('',#7661,32.25);
#450=CIRCLE('',#7668,32.25);
#451=CIRCLE('',#7670,32.25);
#452=CIRCLE('',#7677,32.25);
#453=CIRCLE('',#7679,32.25);
#454=CIRCLE('',#7686,32.25);
#455=CIRCLE('',#7688,32.25);
#456=CIRCLE('',#7695,32.25);
#457=CIRCLE('',#7697,32.25);
#458=CIRCLE('',#7704,32.25);
#459=CIRCLE('',#7706,32.25);
#460=CIRCLE('',#7713,32.25);
#461=CIRCLE('',#7715,32.25);
#462=CIRCLE('',#7722,32.25);
#463=CIRCLE('',#7724,32.25);
#464=CIRCLE('',#7731,32.25);
#465=CIRCLE('',#7733,32.25);
#466=CIRCLE('',#7740,32.25);
#467=CIRCLE('',#7742,32.25);
#468=CIRCLE('',#7749,32.25);
#469=CIRCLE('',#7751,32.25);
#470=CIRCLE('',#7756,32.25);
#471=CIRCLE('',#7760,32.25);
#472=CIRCLE('',#7762,32.25);
#473=CIRCLE('',#7766,32.25);
#474=CIRCLE('',#7773,31.5);
#475=FACE_OUTER_BOUND('',#846,.T.);
#476=FACE_OUTER_BOUND('',#847,.T.);
#477=FACE_OUTER_BOUND('',#848,.T.);
#478=FACE_OUTER_BOUND('',#849,.T.);
#479=FACE_OUTER_BOUND('',#850,.T.);
#480=FACE_OUTER_BOUND('',#851,.T.);
#481=FACE_OUTER_BOUND('',#852,.T.);
#482=FACE_OUTER_BOUND('',#853,.T.);
#483=FACE_OUTER_BOUND('',#854,.T.);
#484=FACE_OUTER_BOUND('',#855,.T.);
#485=FACE_OUTER_BOUND('',#856,.T.);
#486=FACE_OUTER_BOUND('',#857,.T.);
#487=FACE_OUTER_BOUND('',#858,.T.);
#488=FACE_OUTER_BOUND('',#859,.T.);
#489=FACE_OUTER_BOUND('',#860,.T.);
#490=FACE_OUTER_BOUND('',#861,.T.);
#491=FACE_OUTER_BOUND('',#862,.T.);
#492=FACE_OUTER_BOUND('',#863,.T.);
#493=FACE_OUTER_BOUND('',#864,.T.);
#494=FACE_OUTER_BOUND('',#865,.T.);
#495=FACE_OUTER_BOUND('',#866,.T.);
#496=FACE_OUTER_BOUND('',#867,.T.);
#497=FACE_OUTER_BOUND('',#868,.T.);
#498=FACE_OUTER_BOUND('',#869,.T.);
#499=FACE_OUTER_BOUND('',#870,.T.);
#500=FACE_OUTER_BOUND('',#871,.T.);
#501=FACE_OUTER_BOUND('',#872,.T.);
#502=FACE_OUTER_BOUND('',#873,.T.);
#503=FACE_OUTER_BOUND('',#874,.T.);
#504=FACE_OUTER_BOUND('',#875,.T.);
#505=FACE_OUTER_BOUND('',#876,.T.);
#506=FACE_OUTER_BOUND('',#877,.T.);
#507=FACE_OUTER_BOUND('',#878,.T.);
#508=FACE_OUTER_BOUND('',#879,.T.);
#509=FACE_OUTER_BOUND('',#880,.T.);
#510=FACE_OUTER_BOUND('',#881,.T.);
#511=FACE_OUTER_BOUND('',#882,.T.);
#512=FACE_OUTER_BOUND('',#883,.T.);
#513=FACE_OUTER_BOUND('',#884,.T.);
#514=FACE_OUTER_BOUND('',#885,.T.);
#515=FACE_OUTER_BOUND('',#886,.T.);
#516=FACE_OUTER_BOUND('',#887,.T.);
#517=FACE_OUTER_BOUND('',#888,.T.);
#518=FACE_OUTER_BOUND('',#889,.T.);
#519=FACE_OUTER_BOUND('',#890,.T.);
#520=FACE_OUTER_BOUND('',#891,.T.);
#521=FACE_OUTER_BOUND('',#892,.T.);
#522=FACE_OUTER_BOUND('',#893,.T.);
#523=FACE_OUTER_BOUND('',#894,.T.);
#524=FACE_OUTER_BOUND('',#895,.T.);
#525=FACE_OUTER_BOUND('',#896,.T.);
#526=FACE_OUTER_BOUND('',#897,.T.);
#527=FACE_OUTER_BOUND('',#898,.T.);
#528=FACE_OUTER_BOUND('',#899,.T.);
#529=FACE_OUTER_BOUND('',#900,.T.);
#530=FACE_OUTER_BOUND('',#901,.T.);
#531=FACE_OUTER_BOUND('',#902,.T.);
#532=FACE_OUTER_BOUND('',#903,.T.);
#533=FACE_OUTER_BOUND('',#904,.T.);
#534=FACE_OUTER_BOUND('',#905,.T.);
#535=FACE_OUTER_BOUND('',#906,.T.);
#536=FACE_OUTER_BOUND('',#907,.T.);
#537=FACE_OUTER_BOUND('',#908,.T.);
#538=FACE_OUTER_BOUND('',#909,.T.);
#539=FACE_OUTER_BOUND('',#910,.T.);
#540=FACE_OUTER_BOUND('',#911,.T.);
#541=FACE_OUTER_BOUND('',#912,.T.);
#542=FACE_OUTER_BOUND('',#913,.T.);
#543=FACE_OUTER_BOUND('',#914,.T.);
#544=FACE_OUTER_BOUND('',#915,.T.);
#545=FACE_OUTER_BOUND('',#916,.T.);
#546=FACE_OUTER_BOUND('',#917,.T.);
#547=FACE_OUTER_BOUND('',#918,.T.);
#548=FACE_OUTER_BOUND('',#919,.T.);
#549=FACE_OUTER_BOUND('',#920,.T.);
#550=FACE_OUTER_BOUND('',#921,.T.);
#551=FACE_OUTER_BOUND('',#922,.T.);
#552=FACE_OUTER_BOUND('',#923,.T.);
#553=FACE_OUTER_BOUND('',#924,.T.);
#554=FACE_OUTER_BOUND('',#925,.T.);
#555=FACE_OUTER_BOUND('',#926,.T.);
#556=FACE_OUTER_BOUND('',#927,.T.);
#557=FACE_OUTER_BOUND('',#928,.T.);
#558=FACE_OUTER_BOUND('',#929,.T.);
#559=FACE_OUTER_BOUND('',#930,.T.);
#560=FACE_OUTER_BOUND('',#931,.T.);
#561=FACE_OUTER_BOUND('',#932,.T.);
#562=FACE_OUTER_BOUND('',#933,.T.);
#563=FACE_OUTER_BOUND('',#934,.T.);
#564=FACE_OUTER_BOUND('',#935,.T.);
#565=FACE_OUTER_BOUND('',#936,.T.);
#566=FACE_OUTER_BOUND('',#937,.T.);
#567=FACE_OUTER_BOUND('',#938,.T.);
#568=FACE_OUTER_BOUND('',#939,.T.);
#569=FACE_OUTER_BOUND('',#940,.T.);
#570=FACE_OUTER_BOUND('',#941,.T.);
#571=FACE_OUTER_BOUND('',#942,.T.);
#572=FACE_OUTER_BOUND('',#943,.T.);
#573=FACE_OUTER_BOUND('',#944,.T.);
#574=FACE_OUTER_BOUND('',#945,.T.);
#575=FACE_OUTER_BOUND('',#946,.T.);
#576=FACE_OUTER_BOUND('',#947,.T.);
#577=FACE_OUTER_BOUND('',#948,.T.);
#578=FACE_OUTER_BOUND('',#949,.T.);
#579=FACE_OUTER_BOUND('',#950,.T.);
#580=FACE_OUTER_BOUND('',#951,.T.);
#581=FACE_OUTER_BOUND('',#952,.T.);
#582=FACE_OUTER_BOUND('',#953,.T.);
#583=FACE_OUTER_BOUND('',#954,.T.);
#584=FACE_OUTER_BOUND('',#955,.T.);
#585=FACE_OUTER_BOUND('',#956,.T.);
#586=FACE_OUTER_BOUND('',#957,.T.);
#587=FACE_OUTER_BOUND('',#958,.T.);
#588=FACE_OUTER_BOUND('',#959,.T.);
#589=FACE_OUTER_BOUND('',#960,.T.);
#590=FACE_OUTER_BOUND('',#961,.T.);
#591=FACE_OUTER_BOUND('',#962,.T.);
#592=FACE_OUTER_BOUND('',#963,.T.);
#593=FACE_OUTER_BOUND('',#964,.T.);
#594=FACE_OUTER_BOUND('',#965,.T.);
#595=FACE_OUTER_BOUND('',#966,.T.);
#596=FACE_OUTER_BOUND('',#967,.T.);
#597=FACE_OUTER_BOUND('',#968,.T.);
#598=FACE_OUTER_BOUND('',#969,.T.);
#599=FACE_OUTER_BOUND('',#970,.T.);
#600=FACE_OUTER_BOUND('',#971,.T.);
#601=FACE_OUTER_BOUND('',#972,.T.);
#602=FACE_OUTER_BOUND('',#973,.T.);
#603=FACE_OUTER_BOUND('',#974,.T.);
#604=FACE_OUTER_BOUND('',#975,.T.);
#605=FACE_OUTER_BOUND('',#976,.T.);
#606=FACE_OUTER_BOUND('',#977,.T.);
#607=FACE_OUTER_BOUND('',#978,.T.);
#608=FACE_OUTER_BOUND('',#979,.T.);
#609=FACE_OUTER_BOUND('',#980,.T.);
#610=FACE_OUTER_BOUND('',#981,.T.);
#611=FACE_OUTER_BOUND('',#982,.T.);
#612=FACE_OUTER_BOUND('',#983,.T.);
#613=FACE_OUTER_BOUND('',#984,.T.);
#614=FACE_OUTER_BOUND('',#985,.T.);
#615=FACE_OUTER_BOUND('',#986,.T.);
#616=FACE_OUTER_BOUND('',#987,.T.);
#617=FACE_OUTER_BOUND('',#988,.T.);
#618=FACE_OUTER_BOUND('',#989,.T.);
#619=FACE_OUTER_BOUND('',#990,.T.);
#620=FACE_OUTER_BOUND('',#992,.T.);
#621=FACE_OUTER_BOUND('',#993,.T.);
#622=FACE_OUTER_BOUND('',#994,.T.);
#623=FACE_OUTER_BOUND('',#995,.T.);
#624=FACE_OUTER_BOUND('',#996,.T.);
#625=FACE_OUTER_BOUND('',#997,.T.);
#626=FACE_OUTER_BOUND('',#998,.T.);
#627=FACE_OUTER_BOUND('',#999,.T.);
#628=FACE_OUTER_BOUND('',#1000,.T.);
#629=FACE_OUTER_BOUND('',#1001,.T.);
#630=FACE_OUTER_BOUND('',#1002,.T.);
#631=FACE_OUTER_BOUND('',#1003,.T.);
#632=FACE_OUTER_BOUND('',#1004,.T.);
#633=FACE_OUTER_BOUND('',#1005,.T.);
#634=FACE_OUTER_BOUND('',#1006,.T.);
#635=FACE_OUTER_BOUND('',#1007,.T.);
#636=FACE_OUTER_BOUND('',#1008,.T.);
#637=FACE_OUTER_BOUND('',#1009,.T.);
#638=FACE_OUTER_BOUND('',#1010,.T.);
#639=FACE_OUTER_BOUND('',#1011,.T.);
#640=FACE_OUTER_BOUND('',#1012,.T.);
#641=FACE_OUTER_BOUND('',#1013,.T.);
#642=FACE_OUTER_BOUND('',#1014,.T.);
#643=FACE_OUTER_BOUND('',#1015,.T.);
#644=FACE_OUTER_BOUND('',#1016,.T.);
#645=FACE_OUTER_BOUND('',#1017,.T.);
#646=FACE_OUTER_BOUND('',#1018,.T.);
#647=FACE_OUTER_BOUND('',#1019,.T.);
#648=FACE_OUTER_BOUND('',#1020,.T.);
#649=FACE_OUTER_BOUND('',#1021,.T.);
#650=FACE_OUTER_BOUND('',#1022,.T.);
#651=FACE_OUTER_BOUND('',#1023,.T.);
#652=FACE_OUTER_BOUND('',#1024,.T.);
#653=FACE_OUTER_BOUND('',#1025,.T.);
#654=FACE_OUTER_BOUND('',#1026,.T.);
#655=FACE_OUTER_BOUND('',#1027,.T.);
#656=FACE_OUTER_BOUND('',#1028,.T.);
#657=FACE_OUTER_BOUND('',#1029,.T.);
#658=FACE_OUTER_BOUND('',#1030,.T.);
#659=FACE_OUTER_BOUND('',#1031,.T.);
#660=FACE_OUTER_BOUND('',#1032,.T.);
#661=FACE_OUTER_BOUND('',#1033,.T.);
#662=FACE_OUTER_BOUND('',#1034,.T.);
#663=FACE_OUTER_BOUND('',#1035,.T.);
#664=FACE_OUTER_BOUND('',#1036,.T.);
#665=FACE_OUTER_BOUND('',#1037,.T.);
#666=FACE_OUTER_BOUND('',#1038,.T.);
#667=FACE_OUTER_BOUND('',#1039,.T.);
#668=FACE_OUTER_BOUND('',#1040,.T.);
#669=FACE_OUTER_BOUND('',#1041,.T.);
#670=FACE_OUTER_BOUND('',#1042,.T.);
#671=FACE_OUTER_BOUND('',#1043,.T.);
#672=FACE_OUTER_BOUND('',#1044,.T.);
#673=FACE_OUTER_BOUND('',#1045,.T.);
#674=FACE_OUTER_BOUND('',#1046,.T.);
#675=FACE_OUTER_BOUND('',#1047,.T.);
#676=FACE_OUTER_BOUND('',#1048,.T.);
#677=FACE_OUTER_BOUND('',#1049,.T.);
#678=FACE_OUTER_BOUND('',#1050,.T.);
#679=FACE_OUTER_BOUND('',#1051,.T.);
#680=FACE_OUTER_BOUND('',#1052,.T.);
#681=FACE_OUTER_BOUND('',#1053,.T.);
#682=FACE_OUTER_BOUND('',#1054,.T.);
#683=FACE_OUTER_BOUND('',#1055,.T.);
#684=FACE_OUTER_BOUND('',#1056,.T.);
#685=FACE_OUTER_BOUND('',#1057,.T.);
#686=FACE_OUTER_BOUND('',#1058,.T.);
#687=FACE_OUTER_BOUND('',#1059,.T.);
#688=FACE_OUTER_BOUND('',#1060,.T.);
#689=FACE_OUTER_BOUND('',#1061,.T.);
#690=FACE_OUTER_BOUND('',#1062,.T.);
#691=FACE_OUTER_BOUND('',#1063,.T.);
#692=FACE_OUTER_BOUND('',#1064,.T.);
#693=FACE_OUTER_BOUND('',#1065,.T.);
#694=FACE_OUTER_BOUND('',#1066,.T.);
#695=FACE_OUTER_BOUND('',#1067,.T.);
#696=FACE_OUTER_BOUND('',#1068,.T.);
#697=FACE_OUTER_BOUND('',#1069,.T.);
#698=FACE_OUTER_BOUND('',#1070,.T.);
#699=FACE_OUTER_BOUND('',#1071,.T.);
#700=FACE_OUTER_BOUND('',#1072,.T.);
#701=FACE_OUTER_BOUND('',#1073,.T.);
#702=FACE_OUTER_BOUND('',#1074,.T.);
#703=FACE_OUTER_BOUND('',#1075,.T.);
#704=FACE_OUTER_BOUND('',#1076,.T.);
#705=FACE_OUTER_BOUND('',#1077,.T.);
#706=FACE_OUTER_BOUND('',#1078,.T.);
#707=FACE_OUTER_BOUND('',#1079,.T.);
#708=FACE_OUTER_BOUND('',#1080,.T.);
#709=FACE_OUTER_BOUND('',#1081,.T.);
#710=FACE_OUTER_BOUND('',#1082,.T.);
#711=FACE_OUTER_BOUND('',#1083,.T.);
#712=FACE_OUTER_BOUND('',#1084,.T.);
#713=FACE_OUTER_BOUND('',#1085,.T.);
#714=FACE_OUTER_BOUND('',#1086,.T.);
#715=FACE_OUTER_BOUND('',#1087,.T.);
#716=FACE_OUTER_BOUND('',#1088,.T.);
#717=FACE_OUTER_BOUND('',#1089,.T.);
#718=FACE_OUTER_BOUND('',#1090,.T.);
#719=FACE_OUTER_BOUND('',#1091,.T.);
#720=FACE_OUTER_BOUND('',#1092,.T.);
#721=FACE_OUTER_BOUND('',#1093,.T.);
#722=FACE_OUTER_BOUND('',#1094,.T.);
#723=FACE_OUTER_BOUND('',#1110,.T.);
#724=FACE_OUTER_BOUND('',#1111,.T.);
#725=FACE_OUTER_BOUND('',#1112,.T.);
#726=FACE_OUTER_BOUND('',#1113,.T.);
#727=FACE_OUTER_BOUND('',#1114,.T.);
#728=FACE_OUTER_BOUND('',#1115,.T.);
#729=FACE_OUTER_BOUND('',#1116,.T.);
#730=FACE_OUTER_BOUND('',#1117,.T.);
#731=FACE_OUTER_BOUND('',#1118,.T.);
#732=FACE_OUTER_BOUND('',#1119,.T.);
#733=FACE_OUTER_BOUND('',#1120,.T.);
#734=FACE_OUTER_BOUND('',#1121,.T.);
#735=FACE_OUTER_BOUND('',#1122,.T.);
#736=FACE_OUTER_BOUND('',#1123,.T.);
#737=FACE_OUTER_BOUND('',#1124,.T.);
#738=FACE_OUTER_BOUND('',#1125,.T.);
#739=FACE_OUTER_BOUND('',#1126,.T.);
#740=FACE_OUTER_BOUND('',#1127,.T.);
#741=FACE_OUTER_BOUND('',#1128,.T.);
#742=FACE_OUTER_BOUND('',#1129,.T.);
#743=FACE_OUTER_BOUND('',#1130,.T.);
#744=FACE_OUTER_BOUND('',#1131,.T.);
#745=FACE_OUTER_BOUND('',#1132,.T.);
#746=FACE_OUTER_BOUND('',#1133,.T.);
#747=FACE_OUTER_BOUND('',#1134,.T.);
#748=FACE_OUTER_BOUND('',#1135,.T.);
#749=FACE_OUTER_BOUND('',#1136,.T.);
#750=FACE_OUTER_BOUND('',#1137,.T.);
#751=FACE_OUTER_BOUND('',#1138,.T.);
#752=FACE_OUTER_BOUND('',#1139,.T.);
#753=FACE_OUTER_BOUND('',#1140,.T.);
#754=FACE_OUTER_BOUND('',#1141,.T.);
#755=FACE_OUTER_BOUND('',#1142,.T.);
#756=FACE_OUTER_BOUND('',#1143,.T.);
#757=FACE_OUTER_BOUND('',#1144,.T.);
#758=FACE_OUTER_BOUND('',#1145,.T.);
#759=FACE_OUTER_BOUND('',#1146,.T.);
#760=FACE_OUTER_BOUND('',#1147,.T.);
#761=FACE_OUTER_BOUND('',#1148,.T.);
#762=FACE_OUTER_BOUND('',#1149,.T.);
#763=FACE_OUTER_BOUND('',#1150,.T.);
#764=FACE_OUTER_BOUND('',#1151,.T.);
#765=FACE_OUTER_BOUND('',#1152,.T.);
#766=FACE_OUTER_BOUND('',#1153,.T.);
#767=FACE_OUTER_BOUND('',#1154,.T.);
#768=FACE_OUTER_BOUND('',#1155,.T.);
#769=FACE_OUTER_BOUND('',#1156,.T.);
#770=FACE_OUTER_BOUND('',#1157,.T.);
#771=FACE_OUTER_BOUND('',#1158,.T.);
#772=FACE_OUTER_BOUND('',#1159,.T.);
#773=FACE_OUTER_BOUND('',#1160,.T.);
#774=FACE_OUTER_BOUND('',#1161,.T.);
#775=FACE_OUTER_BOUND('',#1162,.T.);
#776=FACE_OUTER_BOUND('',#1163,.T.);
#777=FACE_OUTER_BOUND('',#1164,.T.);
#778=FACE_OUTER_BOUND('',#1165,.T.);
#779=FACE_OUTER_BOUND('',#1166,.T.);
#780=FACE_OUTER_BOUND('',#1167,.T.);
#781=FACE_OUTER_BOUND('',#1168,.T.);
#782=FACE_OUTER_BOUND('',#1169,.T.);
#783=FACE_OUTER_BOUND('',#1170,.T.);
#784=FACE_OUTER_BOUND('',#1171,.T.);
#785=FACE_OUTER_BOUND('',#1172,.T.);
#786=FACE_OUTER_BOUND('',#1173,.T.);
#787=FACE_OUTER_BOUND('',#1174,.T.);
#788=FACE_OUTER_BOUND('',#1175,.T.);
#789=FACE_OUTER_BOUND('',#1176,.T.);
#790=FACE_OUTER_BOUND('',#1177,.T.);
#791=FACE_OUTER_BOUND('',#1178,.T.);
#792=FACE_OUTER_BOUND('',#1179,.T.);
#793=FACE_OUTER_BOUND('',#1180,.T.);
#794=FACE_OUTER_BOUND('',#1181,.T.);
#795=FACE_OUTER_BOUND('',#1182,.T.);
#796=FACE_OUTER_BOUND('',#1183,.T.);
#797=FACE_OUTER_BOUND('',#1184,.T.);
#798=FACE_OUTER_BOUND('',#1185,.T.);
#799=FACE_OUTER_BOUND('',#1186,.T.);
#800=FACE_OUTER_BOUND('',#1187,.T.);
#801=FACE_OUTER_BOUND('',#1188,.T.);
#802=FACE_OUTER_BOUND('',#1189,.T.);
#803=FACE_OUTER_BOUND('',#1190,.T.);
#804=FACE_OUTER_BOUND('',#1191,.T.);
#805=FACE_OUTER_BOUND('',#1192,.T.);
#806=FACE_OUTER_BOUND('',#1193,.T.);
#807=FACE_OUTER_BOUND('',#1194,.T.);
#808=FACE_OUTER_BOUND('',#1195,.T.);
#809=FACE_OUTER_BOUND('',#1196,.T.);
#810=FACE_OUTER_BOUND('',#1197,.T.);
#811=FACE_OUTER_BOUND('',#1198,.T.);
#812=FACE_OUTER_BOUND('',#1199,.T.);
#813=FACE_OUTER_BOUND('',#1200,.T.);
#814=FACE_OUTER_BOUND('',#1201,.T.);
#815=FACE_OUTER_BOUND('',#1202,.T.);
#816=FACE_OUTER_BOUND('',#1203,.T.);
#817=FACE_OUTER_BOUND('',#1204,.T.);
#818=FACE_OUTER_BOUND('',#1205,.T.);
#819=FACE_OUTER_BOUND('',#1206,.T.);
#820=FACE_OUTER_BOUND('',#1207,.T.);
#821=FACE_OUTER_BOUND('',#1208,.T.);
#822=FACE_OUTER_BOUND('',#1209,.T.);
#823=FACE_OUTER_BOUND('',#1210,.T.);
#824=FACE_OUTER_BOUND('',#1211,.T.);
#825=FACE_OUTER_BOUND('',#1212,.T.);
#826=FACE_OUTER_BOUND('',#1213,.T.);
#827=FACE_OUTER_BOUND('',#1214,.T.);
#828=FACE_OUTER_BOUND('',#1215,.T.);
#829=FACE_OUTER_BOUND('',#1216,.T.);
#830=FACE_OUTER_BOUND('',#1217,.T.);
#831=FACE_OUTER_BOUND('',#1218,.T.);
#832=FACE_OUTER_BOUND('',#1219,.T.);
#833=FACE_OUTER_BOUND('',#1220,.T.);
#834=FACE_OUTER_BOUND('',#1221,.T.);
#835=FACE_OUTER_BOUND('',#1222,.T.);
#836=FACE_OUTER_BOUND('',#1223,.T.);
#837=FACE_OUTER_BOUND('',#1224,.T.);
#838=FACE_OUTER_BOUND('',#1225,.T.);
#839=FACE_OUTER_BOUND('',#1226,.T.);
#840=FACE_OUTER_BOUND('',#1227,.T.);
#841=FACE_OUTER_BOUND('',#1228,.T.);
#842=FACE_OUTER_BOUND('',#1229,.T.);
#843=FACE_OUTER_BOUND('',#1230,.T.);
#844=FACE_OUTER_BOUND('',#1231,.T.);
#845=FACE_OUTER_BOUND('',#1232,.T.);
#846=EDGE_LOOP('',(#4572,#4573,#4574));
#847=EDGE_LOOP('',(#4575,#4576,#4577));
#848=EDGE_LOOP('',(#4578,#4579,#4580));
#849=EDGE_LOOP('',(#4581,#4582,#4583));
#850=EDGE_LOOP('',(#4584,#4585,#4586));
#851=EDGE_LOOP('',(#4587,#4588,#4589));
#852=EDGE_LOOP('',(#4590,#4591,#4592));
#853=EDGE_LOOP('',(#4593,#4594,#4595));
#854=EDGE_LOOP('',(#4596,#4597,#4598));
#855=EDGE_LOOP('',(#4599,#4600,#4601));
#856=EDGE_LOOP('',(#4602,#4603,#4604));
#857=EDGE_LOOP('',(#4605,#4606,#4607));
#858=EDGE_LOOP('',(#4608,#4609,#4610));
#859=EDGE_LOOP('',(#4611,#4612,#4613));
#860=EDGE_LOOP('',(#4614,#4615,#4616));
#861=EDGE_LOOP('',(#4617,#4618,#4619));
#862=EDGE_LOOP('',(#4620,#4621,#4622));
#863=EDGE_LOOP('',(#4623,#4624,#4625));
#864=EDGE_LOOP('',(#4626,#4627,#4628));
#865=EDGE_LOOP('',(#4629,#4630,#4631));
#866=EDGE_LOOP('',(#4632,#4633,#4634));
#867=EDGE_LOOP('',(#4635,#4636,#4637));
#868=EDGE_LOOP('',(#4638,#4639,#4640));
#869=EDGE_LOOP('',(#4641,#4642,#4643));
#870=EDGE_LOOP('',(#4644,#4645,#4646));
#871=EDGE_LOOP('',(#4647,#4648,#4649));
#872=EDGE_LOOP('',(#4650,#4651,#4652));
#873=EDGE_LOOP('',(#4653,#4654,#4655));
#874=EDGE_LOOP('',(#4656,#4657,#4658));
#875=EDGE_LOOP('',(#4659,#4660,#4661));
#876=EDGE_LOOP('',(#4662,#4663,#4664,#4665,#4666,#4667,#4668,#4669,#4670,
#4671));
#877=EDGE_LOOP('',(#4672,#4673,#4674,#4675,#4676,#4677,#4678,#4679,#4680,
#4681));
#878=EDGE_LOOP('',(#4682,#4683,#4684,#4685,#4686,#4687,#4688,#4689,#4690,
#4691));
#879=EDGE_LOOP('',(#4692,#4693,#4694,#4695,#4696,#4697,#4698,#4699,#4700,
#4701));
#880=EDGE_LOOP('',(#4702,#4703,#4704,#4705,#4706,#4707,#4708,#4709,#4710,
#4711));
#881=EDGE_LOOP('',(#4712,#4713,#4714,#4715,#4716,#4717,#4718,#4719,#4720,
#4721));
#882=EDGE_LOOP('',(#4722,#4723,#4724,#4725,#4726,#4727,#4728,#4729,#4730,
#4731));
#883=EDGE_LOOP('',(#4732,#4733,#4734,#4735,#4736,#4737,#4738,#4739,#4740,
#4741));
#884=EDGE_LOOP('',(#4742,#4743,#4744,#4745,#4746,#4747,#4748,#4749,#4750,
#4751));
#885=EDGE_LOOP('',(#4752,#4753,#4754,#4755,#4756,#4757,#4758,#4759,#4760,
#4761));
#886=EDGE_LOOP('',(#4762,#4763,#4764,#4765,#4766,#4767,#4768,#4769,#4770,
#4771));
#887=EDGE_LOOP('',(#4772,#4773,#4774,#4775,#4776,#4777,#4778,#4779,#4780,
#4781));
#888=EDGE_LOOP('',(#4782,#4783,#4784,#4785,#4786,#4787,#4788,#4789,#4790,
#4791));
#889=EDGE_LOOP('',(#4792,#4793,#4794,#4795,#4796,#4797,#4798,#4799,#4800,
#4801));
#890=EDGE_LOOP('',(#4802,#4803,#4804,#4805,#4806,#4807,#4808,#4809,#4810,
#4811));
#891=EDGE_LOOP('',(#4812,#4813,#4814));
#892=EDGE_LOOP('',(#4815,#4816,#4817));
#893=EDGE_LOOP('',(#4818,#4819,#4820,#4821,#4822,#4823,#4824,#4825,#4826,
#4827));
#894=EDGE_LOOP('',(#4828,#4829,#4830,#4831));
#895=EDGE_LOOP('',(#4832,#4833,#4834,#4835));
#896=EDGE_LOOP('',(#4836,#4837,#4838,#4839,#4840,#4841));
#897=EDGE_LOOP('',(#4842,#4843,#4844,#4845));
#898=EDGE_LOOP('',(#4846,#4847,#4848,#4849));
#899=EDGE_LOOP('',(#4850,#4851,#4852,#4853,#4854,#4855,#4856,#4857,#4858,
#4859));
#900=EDGE_LOOP('',(#4860,#4861,#4862,#4863));
#901=EDGE_LOOP('',(#4864,#4865,#4866,#4867));
#902=EDGE_LOOP('',(#4868,#4869,#4870,#4871,#4872,#4873));
#903=EDGE_LOOP('',(#4874,#4875,#4876,#4877));
#904=EDGE_LOOP('',(#4878,#4879,#4880,#4881));
#905=EDGE_LOOP('',(#4882,#4883,#4884,#4885,#4886,#4887,#4888,#4889,#4890,
#4891));
#906=EDGE_LOOP('',(#4892,#4893,#4894,#4895));
#907=EDGE_LOOP('',(#4896,#4897,#4898,#4899));
#908=EDGE_LOOP('',(#4900,#4901,#4902,#4903,#4904,#4905));
#909=EDGE_LOOP('',(#4906,#4907,#4908,#4909));
#910=EDGE_LOOP('',(#4910,#4911,#4912,#4913));
#911=EDGE_LOOP('',(#4914,#4915,#4916,#4917,#4918,#4919,#4920,#4921,#4922,
#4923));
#912=EDGE_LOOP('',(#4924,#4925,#4926,#4927));
#913=EDGE_LOOP('',(#4928,#4929,#4930,#4931));
#914=EDGE_LOOP('',(#4932,#4933,#4934,#4935,#4936,#4937));
#915=EDGE_LOOP('',(#4938,#4939,#4940,#4941));
#916=EDGE_LOOP('',(#4942,#4943,#4944,#4945));
#917=EDGE_LOOP('',(#4946,#4947,#4948,#4949,#4950,#4951,#4952,#4953,#4954,
#4955));
#918=EDGE_LOOP('',(#4956,#4957,#4958,#4959));
#919=EDGE_LOOP('',(#4960,#4961,#4962,#4963));
#920=EDGE_LOOP('',(#4964,#4965,#4966,#4967,#4968,#4969));
#921=EDGE_LOOP('',(#4970,#4971,#4972,#4973));
#922=EDGE_LOOP('',(#4974,#4975,#4976,#4977));
#923=EDGE_LOOP('',(#4978,#4979,#4980,#4981,#4982,#4983,#4984,#4985,#4986,
#4987));
#924=EDGE_LOOP('',(#4988,#4989,#4990,#4991));
#925=EDGE_LOOP('',(#4992,#4993,#4994,#4995));
#926=EDGE_LOOP('',(#4996,#4997,#4998,#4999,#5000,#5001));
#927=EDGE_LOOP('',(#5002,#5003,#5004,#5005));
#928=EDGE_LOOP('',(#5006,#5007,#5008,#5009));
#929=EDGE_LOOP('',(#5010,#5011,#5012,#5013,#5014,#5015,#5016,#5017,#5018,
#5019));
#930=EDGE_LOOP('',(#5020,#5021,#5022,#5023));
#931=EDGE_LOOP('',(#5024,#5025,#5026,#5027));
#932=EDGE_LOOP('',(#5028,#5029,#5030,#5031,#5032,#5033));
#933=EDGE_LOOP('',(#5034,#5035,#5036,#5037));
#934=EDGE_LOOP('',(#5038,#5039,#5040,#5041));
#935=EDGE_LOOP('',(#5042,#5043,#5044,#5045,#5046,#5047,#5048,#5049,#5050,
#5051));
#936=EDGE_LOOP('',(#5052,#5053,#5054,#5055));
#937=EDGE_LOOP('',(#5056,#5057,#5058,#5059));
#938=EDGE_LOOP('',(#5060,#5061,#5062,#5063,#5064,#5065));
#939=EDGE_LOOP('',(#5066,#5067,#5068,#5069));
#940=EDGE_LOOP('',(#5070,#5071,#5072,#5073));
#941=EDGE_LOOP('',(#5074,#5075,#5076,#5077,#5078,#5079,#5080,#5081,#5082,
#5083));
#942=EDGE_LOOP('',(#5084,#5085,#5086,#5087));
#943=EDGE_LOOP('',(#5088,#5089,#5090,#5091));
#944=EDGE_LOOP('',(#5092,#5093,#5094,#5095,#5096,#5097));
#945=EDGE_LOOP('',(#5098,#5099,#5100,#5101));
#946=EDGE_LOOP('',(#5102,#5103,#5104,#5105));
#947=EDGE_LOOP('',(#5106,#5107,#5108,#5109,#5110,#5111,#5112,#5113,#5114,
#5115));
#948=EDGE_LOOP('',(#5116,#5117,#5118,#5119));
#949=EDGE_LOOP('',(#5120,#5121,#5122,#5123));
#950=EDGE_LOOP('',(#5124,#5125,#5126,#5127,#5128,#5129));
#951=EDGE_LOOP('',(#5130,#5131,#5132,#5133));
#952=EDGE_LOOP('',(#5134,#5135,#5136,#5137));
#953=EDGE_LOOP('',(#5138,#5139,#5140,#5141,#5142,#5143,#5144,#5145,#5146,
#5147));
#954=EDGE_LOOP('',(#5148,#5149,#5150,#5151));
#955=EDGE_LOOP('',(#5152,#5153,#5154,#5155));
#956=EDGE_LOOP('',(#5156,#5157,#5158,#5159,#5160,#5161));
#957=EDGE_LOOP('',(#5162,#5163,#5164,#5165));
#958=EDGE_LOOP('',(#5166,#5167,#5168,#5169));
#959=EDGE_LOOP('',(#5170,#5171,#5172,#5173,#5174,#5175,#5176,#5177,#5178,
#5179));
#960=EDGE_LOOP('',(#5180,#5181,#5182,#5183));
#961=EDGE_LOOP('',(#5184,#5185,#5186,#5187));
#962=EDGE_LOOP('',(#5188,#5189,#5190,#5191,#5192,#5193));
#963=EDGE_LOOP('',(#5194,#5195,#5196,#5197));
#964=EDGE_LOOP('',(#5198,#5199,#5200,#5201));
#965=EDGE_LOOP('',(#5202,#5203,#5204,#5205,#5206,#5207,#5208,#5209,#5210,
#5211));
#966=EDGE_LOOP('',(#5212,#5213,#5214,#5215));
#967=EDGE_LOOP('',(#5216,#5217,#5218,#5219));
#968=EDGE_LOOP('',(#5220,#5221,#5222,#5223,#5224,#5225));
#969=EDGE_LOOP('',(#5226,#5227,#5228,#5229));
#970=EDGE_LOOP('',(#5230,#5231,#5232,#5233));
#971=EDGE_LOOP('',(#5234,#5235,#5236,#5237,#5238,#5239,#5240,#5241,#5242,
#5243));
#972=EDGE_LOOP('',(#5244,#5245,#5246,#5247));
#973=EDGE_LOOP('',(#5248,#5249,#5250,#5251));
#974=EDGE_LOOP('',(#5252,#5253,#5254,#5255,#5256,#5257));
#975=EDGE_LOOP('',(#5258,#5259,#5260,#5261));
#976=EDGE_LOOP('',(#5262,#5263,#5264,#5265));
#977=EDGE_LOOP('',(#5266,#5267,#5268,#5269,#5270,#5271,#5272,#5273,#5274,
#5275));
#978=EDGE_LOOP('',(#5276,#5277,#5278,#5279));
#979=EDGE_LOOP('',(#5280,#5281,#5282,#5283));
#980=EDGE_LOOP('',(#5284,#5285,#5286,#5287,#5288,#5289));
#981=EDGE_LOOP('',(#5290,#5291,#5292,#5293));
#982=EDGE_LOOP('',(#5294,#5295,#5296,#5297));
#983=EDGE_LOOP('',(#5298,#5299,#5300,#5301));
#984=EDGE_LOOP('',(#5302,#5303,#5304,#5305));
#985=EDGE_LOOP('',(#5306,#5307,#5308,#5309,#5310,#5311));
#986=EDGE_LOOP('',(#5312,#5313,#5314,#5315));
#987=EDGE_LOOP('',(#5316,#5317,#5318,#5319));
#988=EDGE_LOOP('',(#5320,#5321,#5322,#5323,#5324,#5325,#5326,#5327,#5328,
#5329));
#989=EDGE_LOOP('',(#5330,#5331,#5332,#5333));
#990=EDGE_LOOP('',(#5334,#5335,#5336,#5337,#5338,#5339,#5340,#5341,#5342,
#5343,#5344,#5345,#5346,#5347,#5348,#5349,#5350,#5351,#5352,#5353,#5354,
#5355,#5356,#5357,#5358,#5359,#5360,#5361,#5362,#5363,#5364,#5365,#5366,
#5367,#5368,#5369,#5370,#5371,#5372,#5373,#5374,#5375,#5376,#5377,#5378,
#5379,#5380,#5381,#5382,#5383,#5384,#5385,#5386,#5387,#5388,#5389,#5390,
#5391,#5392,#5393,#5394,#5395,#5396,#5397,#5398,#5399,#5400,#5401,#5402,
#5403,#5404,#5405,#5406,#5407,#5408,#5409,#5410,#5411,#5412,#5413,#5414,
#5415,#5416,#5417,#5418,#5419,#5420,#5421,#5422,#5423,#5424,#5425,#5426,
#5427,#5428,#5429,#5430,#5431,#5432,#5433,#5434,#5435,#5436,#5437,#5438,
#5439,#5440,#5441,#5442,#5443,#5444,#5445,#5446,#5447,#5448,#5449,#5450,
#5451,#5452,#5453,#5454,#5455,#5456,#5457,#5458,#5459,#5460,#5461));
#991=EDGE_LOOP('',(#5462));
#992=EDGE_LOOP('',(#5463,#5464,#5465,#5466));
#993=EDGE_LOOP('',(#5467,#5468,#5469,#5470,#5471,#5472));
#994=EDGE_LOOP('',(#5473,#5474,#5475,#5476));
#995=EDGE_LOOP('',(#5477,#5478,#5479,#5480));
#996=EDGE_LOOP('',(#5481,#5482,#5483,#5484,#5485,#5486));
#997=EDGE_LOOP('',(#5487,#5488,#5489,#5490));
#998=EDGE_LOOP('',(#5491,#5492,#5493,#5494,#5495,#5496,#5497,#5498,#5499,
#5500));
#999=EDGE_LOOP('',(#5501,#5502,#5503,#5504));
#1000=EDGE_LOOP('',(#5505,#5506,#5507,#5508,#5509,#5510));
#1001=EDGE_LOOP('',(#5511,#5512,#5513,#5514));
#1002=EDGE_LOOP('',(#5515,#5516,#5517,#5518));
#1003=EDGE_LOOP('',(#5519,#5520,#5521,#5522,#5523,#5524));
#1004=EDGE_LOOP('',(#5525,#5526,#5527,#5528));
#1005=EDGE_LOOP('',(#5529,#5530,#5531,#5532));
#1006=EDGE_LOOP('',(#5533,#5534,#5535,#5536,#5537,#5538));
#1007=EDGE_LOOP('',(#5539,#5540,#5541,#5542));
#1008=EDGE_LOOP('',(#5543,#5544,#5545,#5546));
#1009=EDGE_LOOP('',(#5547,#5548,#5549,#5550,#5551,#5552));
#1010=EDGE_LOOP('',(#5553,#5554,#5555,#5556));
#1011=EDGE_LOOP('',(#5557,#5558,#5559,#5560));
#1012=EDGE_LOOP('',(#5561,#5562,#5563,#5564,#5565,#5566));
#1013=EDGE_LOOP('',(#5567,#5568,#5569,#5570));
#1014=EDGE_LOOP('',(#5571,#5572,#5573,#5574));
#1015=EDGE_LOOP('',(#5575,#5576,#5577,#5578,#5579,#5580));
#1016=EDGE_LOOP('',(#5581,#5582,#5583,#5584));
#1017=EDGE_LOOP('',(#5585,#5586,#5587,#5588));
#1018=EDGE_LOOP('',(#5589,#5590,#5591,#5592,#5593,#5594));
#1019=EDGE_LOOP('',(#5595,#5596,#5597,#5598));
#1020=EDGE_LOOP('',(#5599,#5600,#5601,#5602));
#1021=EDGE_LOOP('',(#5603,#5604,#5605,#5606,#5607,#5608));
#1022=EDGE_LOOP('',(#5609,#5610,#5611,#5612));
#1023=EDGE_LOOP('',(#5613,#5614,#5615,#5616));
#1024=EDGE_LOOP('',(#5617,#5618,#5619,#5620,#5621,#5622));
#1025=EDGE_LOOP('',(#5623,#5624,#5625,#5626));
#1026=EDGE_LOOP('',(#5627,#5628,#5629,#5630));
#1027=EDGE_LOOP('',(#5631,#5632,#5633,#5634,#5635,#5636));
#1028=EDGE_LOOP('',(#5637,#5638,#5639,#5640));
#1029=EDGE_LOOP('',(#5641,#5642,#5643,#5644));
#1030=EDGE_LOOP('',(#5645,#5646,#5647,#5648,#5649,#5650));
#1031=EDGE_LOOP('',(#5651,#5652,#5653,#5654));
#1032=EDGE_LOOP('',(#5655,#5656,#5657,#5658));
#1033=EDGE_LOOP('',(#5659,#5660,#5661,#5662,#5663,#5664));
#1034=EDGE_LOOP('',(#5665,#5666,#5667,#5668));
#1035=EDGE_LOOP('',(#5669,#5670,#5671,#5672));
#1036=EDGE_LOOP('',(#5673,#5674,#5675,#5676,#5677,#5678));
#1037=EDGE_LOOP('',(#5679,#5680,#5681,#5682));
#1038=EDGE_LOOP('',(#5683,#5684,#5685,#5686));
#1039=EDGE_LOOP('',(#5687,#5688,#5689,#5690,#5691,#5692));
#1040=EDGE_LOOP('',(#5693,#5694,#5695,#5696,#5697));
#1041=EDGE_LOOP('',(#5698,#5699,#5700,#5701,#5702));
#1042=EDGE_LOOP('',(#5703,#5704,#5705,#5706));
#1043=EDGE_LOOP('',(#5707,#5708,#5709,#5710,#5711));
#1044=EDGE_LOOP('',(#5712,#5713,#5714,#5715,#5716));
#1045=EDGE_LOOP('',(#5717,#5718,#5719,#5720));
#1046=EDGE_LOOP('',(#5721,#5722,#5723,#5724,#5725));
#1047=EDGE_LOOP('',(#5726,#5727,#5728,#5729,#5730));
#1048=EDGE_LOOP('',(#5731,#5732,#5733,#5734));
#1049=EDGE_LOOP('',(#5735,#5736,#5737,#5738,#5739));
#1050=EDGE_LOOP('',(#5740,#5741,#5742,#5743,#5744));
#1051=EDGE_LOOP('',(#5745,#5746,#5747,#5748));
#1052=EDGE_LOOP('',(#5749,#5750,#5751,#5752,#5753));
#1053=EDGE_LOOP('',(#5754,#5755,#5756,#5757,#5758));
#1054=EDGE_LOOP('',(#5759,#5760,#5761,#5762));
#1055=EDGE_LOOP('',(#5763,#5764,#5765,#5766,#5767));
#1056=EDGE_LOOP('',(#5768,#5769,#5770,#5771,#5772));
#1057=EDGE_LOOP('',(#5773,#5774,#5775,#5776));
#1058=EDGE_LOOP('',(#5777,#5778,#5779,#5780,#5781));
#1059=EDGE_LOOP('',(#5782,#5783,#5784,#5785,#5786));
#1060=EDGE_LOOP('',(#5787,#5788,#5789,#5790));
#1061=EDGE_LOOP('',(#5791,#5792,#5793,#5794,#5795));
#1062=EDGE_LOOP('',(#5796,#5797,#5798,#5799,#5800));
#1063=EDGE_LOOP('',(#5801,#5802,#5803,#5804));
#1064=EDGE_LOOP('',(#5805,#5806,#5807,#5808,#5809));
#1065=EDGE_LOOP('',(#5810,#5811,#5812,#5813,#5814));
#1066=EDGE_LOOP('',(#5815,#5816,#5817,#5818));
#1067=EDGE_LOOP('',(#5819,#5820,#5821,#5822,#5823));
#1068=EDGE_LOOP('',(#5824,#5825,#5826,#5827,#5828));
#1069=EDGE_LOOP('',(#5829,#5830,#5831,#5832));
#1070=EDGE_LOOP('',(#5833,#5834,#5835,#5836,#5837));
#1071=EDGE_LOOP('',(#5838,#5839,#5840,#5841,#5842));
#1072=EDGE_LOOP('',(#5843,#5844,#5845,#5846));
#1073=EDGE_LOOP('',(#5847,#5848,#5849,#5850,#5851));
#1074=EDGE_LOOP('',(#5852,#5853,#5854,#5855,#5856));
#1075=EDGE_LOOP('',(#5857,#5858,#5859,#5860));
#1076=EDGE_LOOP('',(#5861,#5862,#5863,#5864,#5865));
#1077=EDGE_LOOP('',(#5866,#5867,#5868,#5869,#5870));
#1078=EDGE_LOOP('',(#5871,#5872,#5873,#5874));
#1079=EDGE_LOOP('',(#5875,#5876,#5877,#5878,#5879));
#1080=EDGE_LOOP('',(#5880,#5881,#5882,#5883,#5884));
#1081=EDGE_LOOP('',(#5885,#5886,#5887,#5888));
#1082=EDGE_LOOP('',(#5889,#5890,#5891,#5892,#5893));
#1083=EDGE_LOOP('',(#5894,#5895,#5896,#5897));
#1084=EDGE_LOOP('',(#5898,#5899,#5900,#5901,#5902));
#1085=EDGE_LOOP('',(#5903,#5904,#5905,#5906,#5907));
#1086=EDGE_LOOP('',(#5908,#5909,#5910,#5911));
#1087=EDGE_LOOP('',(#5912,#5913,#5914,#5915,#5916));
#1088=EDGE_LOOP('',(#5917,#5918,#5919,#5920));
#1089=EDGE_LOOP('',(#5921,#5922,#5923,#5924));
#1090=EDGE_LOOP('',(#5925,#5926,#5927,#5928));
#1091=EDGE_LOOP('',(#5929,#5930,#5931,#5932));
#1092=EDGE_LOOP('',(#5933,#5934,#5935,#5936,#5937,#5938));
#1093=EDGE_LOOP('',(#5939,#5940,#5941,#5942,#5943,#5944));
#1094=EDGE_LOOP('',(#5945,#5946,#5947,#5948,#5949,#5950,#5951,#5952,#5953,
#5954));
#1095=EDGE_LOOP('',(#5955,#5956,#5957,#5958));
#1096=EDGE_LOOP('',(#5959,#5960,#5961,#5962));
#1097=EDGE_LOOP('',(#5963,#5964,#5965,#5966));
#1098=EDGE_LOOP('',(#5967,#5968,#5969,#5970));
#1099=EDGE_LOOP('',(#5971,#5972,#5973,#5974));
#1100=EDGE_LOOP('',(#5975,#5976,#5977,#5978));
#1101=EDGE_LOOP('',(#5979,#5980,#5981,#5982));
#1102=EDGE_LOOP('',(#5983,#5984,#5985,#5986));
#1103=EDGE_LOOP('',(#5987,#5988,#5989,#5990));
#1104=EDGE_LOOP('',(#5991,#5992,#5993,#5994));
#1105=EDGE_LOOP('',(#5995,#5996,#5997,#5998));
#1106=EDGE_LOOP('',(#5999,#6000,#6001,#6002));
#1107=EDGE_LOOP('',(#6003,#6004,#6005,#6006));
#1108=EDGE_LOOP('',(#6007,#6008,#6009,#6010));
#1109=EDGE_LOOP('',(#6011,#6012,#6013,#6014));
#1110=EDGE_LOOP('',(#6015,#6016,#6017,#6018));
#1111=EDGE_LOOP('',(#6019,#6020,#6021,#6022));
#1112=EDGE_LOOP('',(#6023,#6024,#6025,#6026));
#1113=EDGE_LOOP('',(#6027,#6028,#6029,#6030));
#1114=EDGE_LOOP('',(#6031,#6032,#6033,#6034,#6035,#6036));
#1115=EDGE_LOOP('',(#6037,#6038,#6039,#6040,#6041,#6042));
#1116=EDGE_LOOP('',(#6043,#6044,#6045,#6046));
#1117=EDGE_LOOP('',(#6047,#6048,#6049,#6050));
#1118=EDGE_LOOP('',(#6051,#6052,#6053,#6054));
#1119=EDGE_LOOP('',(#6055,#6056,#6057,#6058));
#1120=EDGE_LOOP('',(#6059,#6060,#6061,#6062,#6063,#6064));
#1121=EDGE_LOOP('',(#6065,#6066,#6067,#6068,#6069,#6070));
#1122=EDGE_LOOP('',(#6071,#6072,#6073,#6074));
#1123=EDGE_LOOP('',(#6075,#6076,#6077,#6078));
#1124=EDGE_LOOP('',(#6079,#6080,#6081,#6082));
#1125=EDGE_LOOP('',(#6083,#6084,#6085,#6086));
#1126=EDGE_LOOP('',(#6087,#6088,#6089,#6090,#6091,#6092));
#1127=EDGE_LOOP('',(#6093,#6094,#6095,#6096,#6097,#6098));
#1128=EDGE_LOOP('',(#6099,#6100,#6101,#6102));
#1129=EDGE_LOOP('',(#6103,#6104,#6105,#6106));
#1130=EDGE_LOOP('',(#6107,#6108,#6109,#6110));
#1131=EDGE_LOOP('',(#6111,#6112,#6113,#6114));
#1132=EDGE_LOOP('',(#6115,#6116,#6117,#6118,#6119,#6120));
#1133=EDGE_LOOP('',(#6121,#6122,#6123,#6124,#6125,#6126));
#1134=EDGE_LOOP('',(#6127,#6128,#6129,#6130));
#1135=EDGE_LOOP('',(#6131,#6132,#6133,#6134));
#1136=EDGE_LOOP('',(#6135,#6136,#6137,#6138));
#1137=EDGE_LOOP('',(#6139,#6140,#6141,#6142));
#1138=EDGE_LOOP('',(#6143,#6144,#6145,#6146,#6147,#6148));
#1139=EDGE_LOOP('',(#6149,#6150,#6151,#6152,#6153,#6154));
#1140=EDGE_LOOP('',(#6155,#6156,#6157,#6158));
#1141=EDGE_LOOP('',(#6159,#6160,#6161,#6162));
#1142=EDGE_LOOP('',(#6163,#6164,#6165,#6166));
#1143=EDGE_LOOP('',(#6167,#6168,#6169,#6170));
#1144=EDGE_LOOP('',(#6171,#6172,#6173,#6174,#6175,#6176));
#1145=EDGE_LOOP('',(#6177,#6178,#6179,#6180,#6181,#6182));
#1146=EDGE_LOOP('',(#6183,#6184,#6185,#6186));
#1147=EDGE_LOOP('',(#6187,#6188,#6189,#6190));
#1148=EDGE_LOOP('',(#6191,#6192,#6193,#6194));
#1149=EDGE_LOOP('',(#6195,#6196,#6197,#6198));
#1150=EDGE_LOOP('',(#6199,#6200,#6201,#6202,#6203,#6204));
#1151=EDGE_LOOP('',(#6205,#6206,#6207,#6208,#6209,#6210));
#1152=EDGE_LOOP('',(#6211,#6212,#6213,#6214));
#1153=EDGE_LOOP('',(#6215,#6216,#6217,#6218));
#1154=EDGE_LOOP('',(#6219,#6220,#6221,#6222));
#1155=EDGE_LOOP('',(#6223,#6224,#6225,#6226));
#1156=EDGE_LOOP('',(#6227,#6228,#6229,#6230,#6231,#6232));
#1157=EDGE_LOOP('',(#6233,#6234,#6235,#6236,#6237,#6238));
#1158=EDGE_LOOP('',(#6239,#6240,#6241,#6242));
#1159=EDGE_LOOP('',(#6243,#6244,#6245,#6246));
#1160=EDGE_LOOP('',(#6247,#6248,#6249,#6250));
#1161=EDGE_LOOP('',(#6251,#6252,#6253,#6254));
#1162=EDGE_LOOP('',(#6255,#6256,#6257,#6258,#6259,#6260));
#1163=EDGE_LOOP('',(#6261,#6262,#6263,#6264,#6265,#6266));
#1164=EDGE_LOOP('',(#6267,#6268,#6269,#6270));
#1165=EDGE_LOOP('',(#6271,#6272,#6273,#6274));
#1166=EDGE_LOOP('',(#6275,#6276,#6277,#6278));
#1167=EDGE_LOOP('',(#6279,#6280,#6281,#6282));
#1168=EDGE_LOOP('',(#6283,#6284,#6285,#6286,#6287,#6288));
#1169=EDGE_LOOP('',(#6289,#6290,#6291,#6292,#6293,#6294));
#1170=EDGE_LOOP('',(#6295,#6296,#6297,#6298));
#1171=EDGE_LOOP('',(#6299,#6300,#6301,#6302));
#1172=EDGE_LOOP('',(#6303,#6304,#6305,#6306));
#1173=EDGE_LOOP('',(#6307,#6308,#6309,#6310));
#1174=EDGE_LOOP('',(#6311,#6312,#6313,#6314,#6315,#6316));
#1175=EDGE_LOOP('',(#6317,#6318,#6319,#6320,#6321,#6322));
#1176=EDGE_LOOP('',(#6323,#6324,#6325,#6326));
#1177=EDGE_LOOP('',(#6327,#6328,#6329,#6330));
#1178=EDGE_LOOP('',(#6331,#6332,#6333,#6334));
#1179=EDGE_LOOP('',(#6335,#6336,#6337,#6338));
#1180=EDGE_LOOP('',(#6339,#6340,#6341,#6342,#6343,#6344));
#1181=EDGE_LOOP('',(#6345,#6346,#6347,#6348,#6349,#6350));
#1182=EDGE_LOOP('',(#6351,#6352,#6353,#6354));
#1183=EDGE_LOOP('',(#6355,#6356,#6357,#6358));
#1184=EDGE_LOOP('',(#6359,#6360,#6361,#6362));
#1185=EDGE_LOOP('',(#6363,#6364,#6365,#6366));
#1186=EDGE_LOOP('',(#6367,#6368,#6369,#6370,#6371,#6372));
#1187=EDGE_LOOP('',(#6373,#6374,#6375,#6376,#6377,#6378));
#1188=EDGE_LOOP('',(#6379,#6380,#6381,#6382));
#1189=EDGE_LOOP('',(#6383,#6384,#6385,#6386));
#1190=EDGE_LOOP('',(#6387,#6388,#6389,#6390));
#1191=EDGE_LOOP('',(#6391,#6392,#6393,#6394));
#1192=EDGE_LOOP('',(#6395,#6396,#6397,#6398,#6399,#6400));
#1193=EDGE_LOOP('',(#6401,#6402,#6403,#6404,#6405,#6406));
#1194=EDGE_LOOP('',(#6407,#6408,#6409,#6410));
#1195=EDGE_LOOP('',(#6411,#6412,#6413,#6414));
#1196=EDGE_LOOP('',(#6415,#6416,#6417,#6418));
#1197=EDGE_LOOP('',(#6419,#6420,#6421,#6422));
#1198=EDGE_LOOP('',(#6423,#6424,#6425,#6426,#6427,#6428));
#1199=EDGE_LOOP('',(#6429,#6430,#6431,#6432,#6433,#6434));
#1200=EDGE_LOOP('',(#6435,#6436,#6437,#6438,#6439,#6440));
#1201=EDGE_LOOP('',(#6441,#6442,#6443,#6444,#6445,#6446));
#1202=EDGE_LOOP('',(#6447,#6448,#6449,#6450,#6451,#6452));
#1203=EDGE_LOOP('',(#6453,#6454,#6455,#6456,#6457,#6458));
#1204=EDGE_LOOP('',(#6459,#6460,#6461,#6462,#6463,#6464));
#1205=EDGE_LOOP('',(#6465,#6466,#6467,#6468,#6469,#6470));
#1206=EDGE_LOOP('',(#6471,#6472,#6473,#6474,#6475,#6476));
#1207=EDGE_LOOP('',(#6477,#6478,#6479,#6480,#6481,#6482));
#1208=EDGE_LOOP('',(#6483,#6484,#6485,#6486,#6487,#6488));
#1209=EDGE_LOOP('',(#6489,#6490,#6491,#6492,#6493,#6494));
#1210=EDGE_LOOP('',(#6495,#6496,#6497,#6498,#6499,#6500));
#1211=EDGE_LOOP('',(#6501,#6502,#6503,#6504,#6505,#6506));
#1212=EDGE_LOOP('',(#6507,#6508,#6509,#6510,#6511,#6512));
#1213=EDGE_LOOP('',(#6513,#6514,#6515,#6516,#6517,#6518));
#1214=EDGE_LOOP('',(#6519,#6520,#6521,#6522,#6523,#6524));
#1215=EDGE_LOOP('',(#6525,#6526,#6527,#6528,#6529,#6530));
#1216=EDGE_LOOP('',(#6531,#6532,#6533,#6534,#6535,#6536));
#1217=EDGE_LOOP('',(#6537,#6538,#6539,#6540,#6541,#6542));
#1218=EDGE_LOOP('',(#6543,#6544,#6545,#6546,#6547,#6548));
#1219=EDGE_LOOP('',(#6549,#6550,#6551,#6552,#6553,#6554));
#1220=EDGE_LOOP('',(#6555,#6556,#6557,#6558,#6559,#6560));
#1221=EDGE_LOOP('',(#6561,#6562,#6563,#6564,#6565,#6566));
#1222=EDGE_LOOP('',(#6567,#6568,#6569,#6570,#6571,#6572));
#1223=EDGE_LOOP('',(#6573,#6574,#6575,#6576,#6577,#6578));
#1224=EDGE_LOOP('',(#6579,#6580,#6581,#6582,#6583,#6584));
#1225=EDGE_LOOP('',(#6585,#6586,#6587,#6588,#6589,#6590));
#1226=EDGE_LOOP('',(#6591,#6592,#6593,#6594,#6595,#6596));
#1227=EDGE_LOOP('',(#6597,#6598,#6599,#6600,#6601,#6602));
#1228=EDGE_LOOP('',(#6603,#6604,#6605,#6606,#6607,#6608));
#1229=EDGE_LOOP('',(#6609,#6610,#6611,#6612,#6613,#6614));
#1230=EDGE_LOOP('',(#6615,#6616,#6617,#6618,#6619,#6620));
#1231=EDGE_LOOP('',(#6621,#6622,#6623,#6624,#6625,#6626));
#1232=EDGE_LOOP('',(#6627,#6628,#6629,#6630,#6631,#6632,#6633,#6634,#6635,
#6636,#6637,#6638,#6639,#6640,#6641,#6642,#6643,#6644,#6645,#6646,#6647,
#6648,#6649,#6650,#6651,#6652,#6653,#6654,#6655,#6656,#6657,#6658,#6659,
#6660,#6661,#6662,#6663,#6664,#6665,#6666,#6667,#6668,#6669,#6670,#6671,
#6672,#6673,#6674,#6675,#6676,#6677,#6678,#6679,#6680,#6681,#6682,#6683,
#6684,#6685,#6686,#6687,#6688,#6689,#6690,#6691,#6692,#6693,#6694,#6695,
#6696,#6697,#6698,#6699,#6700,#6701,#6702,#6703,#6704,#6705,#6706,#6707,
#6708,#6709,#6710,#6711,#6712,#6713,#6714,#6715,#6716,#6717,#6718,#6719,
#6720,#6721,#6722,#6723,#6724,#6725,#6726,#6727,#6728,#6729,#6730,#6731,
#6732,#6733,#6734,#6735,#6736,#6737,#6738,#6739,#6740,#6741,#6742,#6743,
#6744,#6745,#6746,#6747,#6748,#6749,#6750,#6751,#6752,#6753,#6754));
#1233=EDGE_LOOP('',(#6755));
#1234=LINE('',#9496,#2004);
#1235=LINE('',#9498,#2005);
#1236=LINE('',#9499,#2006);
#1237=LINE('',#9503,#2007);
#1238=LINE('',#9505,#2008);
#1239=LINE('',#9506,#2009);
#1240=LINE('',#9510,#2010);
#1241=LINE('',#9512,#2011);
#1242=LINE('',#9513,#2012);
#1243=LINE('',#9517,#2013);
#1244=LINE('',#9519,#2014);
#1245=LINE('',#9520,#2015);
#1246=LINE('',#9524,#2016);
#1247=LINE('',#9526,#2017);
#1248=LINE('',#9527,#2018);
#1249=LINE('',#9531,#2019);
#1250=LINE('',#9533,#2020);
#1251=LINE('',#9534,#2021);
#1252=LINE('',#9538,#2022);
#1253=LINE('',#9540,#2023);
#1254=LINE('',#9541,#2024);
#1255=LINE('',#9545,#2025);
#1256=LINE('',#9547,#2026);
#1257=LINE('',#9548,#2027);
#1258=LINE('',#9552,#2028);
#1259=LINE('',#9554,#2029);
#1260=LINE('',#9555,#2030);
#1261=LINE('',#9559,#2031);
#1262=LINE('',#9561,#2032);
#1263=LINE('',#9562,#2033);
#1264=LINE('',#9566,#2034);
#1265=LINE('',#9568,#2035);
#1266=LINE('',#9569,#2036);
#1267=LINE('',#9573,#2037);
#1268=LINE('',#9575,#2038);
#1269=LINE('',#9576,#2039);
#1270=LINE('',#9580,#2040);
#1271=LINE('',#9582,#2041);
#1272=LINE('',#9583,#2042);
#1273=LINE('',#9587,#2043);
#1274=LINE('',#9589,#2044);
#1275=LINE('',#9590,#2045);
#1276=LINE('',#9594,#2046);
#1277=LINE('',#9596,#2047);
#1278=LINE('',#9597,#2048);
#1279=LINE('',#9601,#2049);
#1280=LINE('',#9603,#2050);
#1281=LINE('',#9604,#2051);
#1282=LINE('',#9608,#2052);
#1283=LINE('',#9610,#2053);
#1284=LINE('',#9611,#2054);
#1285=LINE('',#9615,#2055);
#1286=LINE('',#9617,#2056);
#1287=LINE('',#9618,#2057);
#1288=LINE('',#9622,#2058);
#1289=LINE('',#9624,#2059);
#1290=LINE('',#9625,#2060);
#1291=LINE('',#9629,#2061);
#1292=LINE('',#9631,#2062);
#1293=LINE('',#9632,#2063);
#1294=LINE('',#9636,#2064);
#1295=LINE('',#9638,#2065);
#1296=LINE('',#9639,#2066);
#1297=LINE('',#9643,#2067);
#1298=LINE('',#9645,#2068);
#1299=LINE('',#9646,#2069);
#1300=LINE('',#9650,#2070);
#1301=LINE('',#9652,#2071);
#1302=LINE('',#9653,#2072);
#1303=LINE('',#9657,#2073);
#1304=LINE('',#9659,#2074);
#1305=LINE('',#9660,#2075);
#1306=LINE('',#9664,#2076);
#1307=LINE('',#9666,#2077);
#1308=LINE('',#9667,#2078);
#1309=LINE('',#9671,#2079);
#1310=LINE('',#9673,#2080);
#1311=LINE('',#9674,#2081);
#1312=LINE('',#9678,#2082);
#1313=LINE('',#9680,#2083);
#1314=LINE('',#9681,#2084);
#1315=LINE('',#9685,#2085);
#1316=LINE('',#9687,#2086);
#1317=LINE('',#9688,#2087);
#1318=LINE('',#9692,#2088);
#1319=LINE('',#9694,#2089);
#1320=LINE('',#9695,#2090);
#1321=LINE('',#9699,#2091);
#1322=LINE('',#9701,#2092);
#1323=LINE('',#9702,#2093);
#1324=LINE('',#9705,#2094);
#1325=LINE('',#9707,#2095);
#1326=LINE('',#9709,#2096);
#1327=LINE('',#9711,#2097);
#1328=LINE('',#9713,#2098);
#1329=LINE('',#9715,#2099);
#1330=LINE('',#9717,#2100);
#1331=LINE('',#9719,#2101);
#1332=LINE('',#9720,#2102);
#1333=LINE('',#9723,#2103);
#1334=LINE('',#9725,#2104);
#1335=LINE('',#9727,#2105);
#1336=LINE('',#9729,#2106);
#1337=LINE('',#9731,#2107);
#1338=LINE('',#9733,#2108);
#1339=LINE('',#9735,#2109);
#1340=LINE('',#9737,#2110);
#1341=LINE('',#9738,#2111);
#1342=LINE('',#9741,#2112);
#1343=LINE('',#9743,#2113);
#1344=LINE('',#9745,#2114);
#1345=LINE('',#9747,#2115);
#1346=LINE('',#9749,#2116);
#1347=LINE('',#9751,#2117);
#1348=LINE('',#9753,#2118);
#1349=LINE('',#9755,#2119);
#1350=LINE('',#9756,#2120);
#1351=LINE('',#9759,#2121);
#1352=LINE('',#9761,#2122);
#1353=LINE('',#9763,#2123);
#1354=LINE('',#9765,#2124);
#1355=LINE('',#9767,#2125);
#1356=LINE('',#9769,#2126);
#1357=LINE('',#9771,#2127);
#1358=LINE('',#9773,#2128);
#1359=LINE('',#9774,#2129);
#1360=LINE('',#9777,#2130);
#1361=LINE('',#9779,#2131);
#1362=LINE('',#9781,#2132);
#1363=LINE('',#9783,#2133);
#1364=LINE('',#9785,#2134);
#1365=LINE('',#9787,#2135);
#1366=LINE('',#9789,#2136);
#1367=LINE('',#9791,#2137);
#1368=LINE('',#9792,#2138);
#1369=LINE('',#9795,#2139);
#1370=LINE('',#9797,#2140);
#1371=LINE('',#9799,#2141);
#1372=LINE('',#9801,#2142);
#1373=LINE('',#9803,#2143);
#1374=LINE('',#9805,#2144);
#1375=LINE('',#9807,#2145);
#1376=LINE('',#9809,#2146);
#1377=LINE('',#9810,#2147);
#1378=LINE('',#9813,#2148);
#1379=LINE('',#9815,#2149);
#1380=LINE('',#9817,#2150);
#1381=LINE('',#9819,#2151);
#1382=LINE('',#9821,#2152);
#1383=LINE('',#9823,#2153);
#1384=LINE('',#9825,#2154);
#1385=LINE('',#9827,#2155);
#1386=LINE('',#9828,#2156);
#1387=LINE('',#9831,#2157);
#1388=LINE('',#9833,#2158);
#1389=LINE('',#9835,#2159);
#1390=LINE('',#9837,#2160);
#1391=LINE('',#9839,#2161);
#1392=LINE('',#9841,#2162);
#1393=LINE('',#9843,#2163);
#1394=LINE('',#9845,#2164);
#1395=LINE('',#9846,#2165);
#1396=LINE('',#9849,#2166);
#1397=LINE('',#9851,#2167);
#1398=LINE('',#9853,#2168);
#1399=LINE('',#9855,#2169);
#1400=LINE('',#9857,#2170);
#1401=LINE('',#9859,#2171);
#1402=LINE('',#9861,#2172);
#1403=LINE('',#9863,#2173);
#1404=LINE('',#9864,#2174);
#1405=LINE('',#9867,#2175);
#1406=LINE('',#9869,#2176);
#1407=LINE('',#9871,#2177);
#1408=LINE('',#9873,#2178);
#1409=LINE('',#9875,#2179);
#1410=LINE('',#9877,#2180);
#1411=LINE('',#9879,#2181);
#1412=LINE('',#9881,#2182);
#1413=LINE('',#9882,#2183);
#1414=LINE('',#9885,#2184);
#1415=LINE('',#9887,#2185);
#1416=LINE('',#9889,#2186);
#1417=LINE('',#9891,#2187);
#1418=LINE('',#9893,#2188);
#1419=LINE('',#9895,#2189);
#1420=LINE('',#9897,#2190);
#1421=LINE('',#9899,#2191);
#1422=LINE('',#9900,#2192);
#1423=LINE('',#9903,#2193);
#1424=LINE('',#9905,#2194);
#1425=LINE('',#9907,#2195);
#1426=LINE('',#9909,#2196);
#1427=LINE('',#9911,#2197);
#1428=LINE('',#9913,#2198);
#1429=LINE('',#9915,#2199);
#1430=LINE('',#9917,#2200);
#1431=LINE('',#9918,#2201);
#1432=LINE('',#9921,#2202);
#1433=LINE('',#9923,#2203);
#1434=LINE('',#9925,#2204);
#1435=LINE('',#9927,#2205);
#1436=LINE('',#9929,#2206);
#1437=LINE('',#9931,#2207);
#1438=LINE('',#9933,#2208);
#1439=LINE('',#9935,#2209);
#1440=LINE('',#9936,#2210);
#1441=LINE('',#9939,#2211);
#1442=LINE('',#9941,#2212);
#1443=LINE('',#9943,#2213);
#1444=LINE('',#9945,#2214);
#1445=LINE('',#9947,#2215);
#1446=LINE('',#9949,#2216);
#1447=LINE('',#9951,#2217);
#1448=LINE('',#9953,#2218);
#1449=LINE('',#9954,#2219);
#1450=LINE('',#9957,#2220);
#1451=LINE('',#9959,#2221);
#1452=LINE('',#9961,#2222);
#1453=LINE('',#9963,#2223);
#1454=LINE('',#9965,#2224);
#1455=LINE('',#9967,#2225);
#1456=LINE('',#9969,#2226);
#1457=LINE('',#9971,#2227);
#1458=LINE('',#9972,#2228);
#1459=LINE('',#9976,#2229);
#1460=LINE('',#9978,#2230);
#1461=LINE('',#9979,#2231);
#1462=LINE('',#9983,#2232);
#1463=LINE('',#9985,#2233);
#1464=LINE('',#9986,#2234);
#1465=LINE('',#9989,#2235);
#1466=LINE('',#9991,#2236);
#1467=LINE('',#9993,#2237);
#1468=LINE('',#9995,#2238);
#1469=LINE('',#9997,#2239);
#1470=LINE('',#9999,#2240);
#1471=LINE('',#10001,#2241);
#1472=LINE('',#10003,#2242);
#1473=LINE('',#10004,#2243);
#1474=LINE('',#10008,#2244);
#1475=LINE('',#10009,#2245);
#1476=LINE('',#10010,#2246);
#1477=LINE('',#10013,#2247);
#1478=LINE('',#10014,#2248);
#1479=LINE('',#10017,#2249);
#1480=LINE('',#10019,#2250);
#1481=LINE('',#10021,#2251);
#1482=LINE('',#10022,#2252);
#1483=LINE('',#10026,#2253);
#1484=LINE('',#10028,#2254);
#1485=LINE('',#10030,#2255);
#1486=LINE('',#10031,#2256);
#1487=LINE('',#10034,#2257);
#1488=LINE('',#10036,#2258);
#1489=LINE('',#10037,#2259);
#1490=LINE('',#10040,#2260);
#1491=LINE('',#10042,#2261);
#1492=LINE('',#10044,#2262);
#1493=LINE('',#10045,#2263);
#1494=LINE('',#10047,#2264);
#1495=LINE('',#10049,#2265);
#1496=LINE('',#10050,#2266);
#1497=LINE('',#10053,#2267);
#1498=LINE('',#10055,#2268);
#1499=LINE('',#10056,#2269);
#1500=LINE('',#10059,#2270);
#1501=LINE('',#10060,#2271);
#1502=LINE('',#10063,#2272);
#1503=LINE('',#10065,#2273);
#1504=LINE('',#10067,#2274);
#1505=LINE('',#10068,#2275);
#1506=LINE('',#10072,#2276);
#1507=LINE('',#10074,#2277);
#1508=LINE('',#10076,#2278);
#1509=LINE('',#10077,#2279);
#1510=LINE('',#10080,#2280);
#1511=LINE('',#10082,#2281);
#1512=LINE('',#10083,#2282);
#1513=LINE('',#10086,#2283);
#1514=LINE('',#10088,#2284);
#1515=LINE('',#10090,#2285);
#1516=LINE('',#10091,#2286);
#1517=LINE('',#10093,#2287);
#1518=LINE('',#10095,#2288);
#1519=LINE('',#10096,#2289);
#1520=LINE('',#10099,#2290);
#1521=LINE('',#10101,#2291);
#1522=LINE('',#10102,#2292);
#1523=LINE('',#10105,#2293);
#1524=LINE('',#10106,#2294);
#1525=LINE('',#10109,#2295);
#1526=LINE('',#10111,#2296);
#1527=LINE('',#10113,#2297);
#1528=LINE('',#10114,#2298);
#1529=LINE('',#10118,#2299);
#1530=LINE('',#10120,#2300);
#1531=LINE('',#10122,#2301);
#1532=LINE('',#10123,#2302);
#1533=LINE('',#10126,#2303);
#1534=LINE('',#10128,#2304);
#1535=LINE('',#10129,#2305);
#1536=LINE('',#10132,#2306);
#1537=LINE('',#10134,#2307);
#1538=LINE('',#10136,#2308);
#1539=LINE('',#10137,#2309);
#1540=LINE('',#10139,#2310);
#1541=LINE('',#10141,#2311);
#1542=LINE('',#10142,#2312);
#1543=LINE('',#10145,#2313);
#1544=LINE('',#10147,#2314);
#1545=LINE('',#10148,#2315);
#1546=LINE('',#10151,#2316);
#1547=LINE('',#10152,#2317);
#1548=LINE('',#10155,#2318);
#1549=LINE('',#10157,#2319);
#1550=LINE('',#10159,#2320);
#1551=LINE('',#10160,#2321);
#1552=LINE('',#10164,#2322);
#1553=LINE('',#10166,#2323);
#1554=LINE('',#10168,#2324);
#1555=LINE('',#10169,#2325);
#1556=LINE('',#10172,#2326);
#1557=LINE('',#10174,#2327);
#1558=LINE('',#10175,#2328);
#1559=LINE('',#10178,#2329);
#1560=LINE('',#10180,#2330);
#1561=LINE('',#10182,#2331);
#1562=LINE('',#10183,#2332);
#1563=LINE('',#10185,#2333);
#1564=LINE('',#10187,#2334);
#1565=LINE('',#10188,#2335);
#1566=LINE('',#10191,#2336);
#1567=LINE('',#10193,#2337);
#1568=LINE('',#10194,#2338);
#1569=LINE('',#10197,#2339);
#1570=LINE('',#10198,#2340);
#1571=LINE('',#10201,#2341);
#1572=LINE('',#10203,#2342);
#1573=LINE('',#10205,#2343);
#1574=LINE('',#10206,#2344);
#1575=LINE('',#10210,#2345);
#1576=LINE('',#10212,#2346);
#1577=LINE('',#10214,#2347);
#1578=LINE('',#10215,#2348);
#1579=LINE('',#10218,#2349);
#1580=LINE('',#10220,#2350);
#1581=LINE('',#10221,#2351);
#1582=LINE('',#10224,#2352);
#1583=LINE('',#10226,#2353);
#1584=LINE('',#10228,#2354);
#1585=LINE('',#10229,#2355);
#1586=LINE('',#10231,#2356);
#1587=LINE('',#10233,#2357);
#1588=LINE('',#10234,#2358);
#1589=LINE('',#10237,#2359);
#1590=LINE('',#10239,#2360);
#1591=LINE('',#10240,#2361);
#1592=LINE('',#10243,#2362);
#1593=LINE('',#10244,#2363);
#1594=LINE('',#10247,#2364);
#1595=LINE('',#10249,#2365);
#1596=LINE('',#10251,#2366);
#1597=LINE('',#10252,#2367);
#1598=LINE('',#10256,#2368);
#1599=LINE('',#10258,#2369);
#1600=LINE('',#10260,#2370);
#1601=LINE('',#10261,#2371);
#1602=LINE('',#10264,#2372);
#1603=LINE('',#10266,#2373);
#1604=LINE('',#10267,#2374);
#1605=LINE('',#10270,#2375);
#1606=LINE('',#10272,#2376);
#1607=LINE('',#10274,#2377);
#1608=LINE('',#10275,#2378);
#1609=LINE('',#10277,#2379);
#1610=LINE('',#10279,#2380);
#1611=LINE('',#10280,#2381);
#1612=LINE('',#10283,#2382);
#1613=LINE('',#10285,#2383);
#1614=LINE('',#10286,#2384);
#1615=LINE('',#10289,#2385);
#1616=LINE('',#10290,#2386);
#1617=LINE('',#10293,#2387);
#1618=LINE('',#10295,#2388);
#1619=LINE('',#10297,#2389);
#1620=LINE('',#10298,#2390);
#1621=LINE('',#10302,#2391);
#1622=LINE('',#10304,#2392);
#1623=LINE('',#10306,#2393);
#1624=LINE('',#10307,#2394);
#1625=LINE('',#10310,#2395);
#1626=LINE('',#10312,#2396);
#1627=LINE('',#10313,#2397);
#1628=LINE('',#10316,#2398);
#1629=LINE('',#10318,#2399);
#1630=LINE('',#10320,#2400);
#1631=LINE('',#10321,#2401);
#1632=LINE('',#10323,#2402);
#1633=LINE('',#10325,#2403);
#1634=LINE('',#10326,#2404);
#1635=LINE('',#10329,#2405);
#1636=LINE('',#10331,#2406);
#1637=LINE('',#10332,#2407);
#1638=LINE('',#10335,#2408);
#1639=LINE('',#10336,#2409);
#1640=LINE('',#10339,#2410);
#1641=LINE('',#10341,#2411);
#1642=LINE('',#10343,#2412);
#1643=LINE('',#10344,#2413);
#1644=LINE('',#10348,#2414);
#1645=LINE('',#10350,#2415);
#1646=LINE('',#10352,#2416);
#1647=LINE('',#10353,#2417);
#1648=LINE('',#10356,#2418);
#1649=LINE('',#10358,#2419);
#1650=LINE('',#10359,#2420);
#1651=LINE('',#10362,#2421);
#1652=LINE('',#10364,#2422);
#1653=LINE('',#10366,#2423);
#1654=LINE('',#10367,#2424);
#1655=LINE('',#10369,#2425);
#1656=LINE('',#10371,#2426);
#1657=LINE('',#10372,#2427);
#1658=LINE('',#10375,#2428);
#1659=LINE('',#10377,#2429);
#1660=LINE('',#10378,#2430);
#1661=LINE('',#10381,#2431);
#1662=LINE('',#10382,#2432);
#1663=LINE('',#10385,#2433);
#1664=LINE('',#10387,#2434);
#1665=LINE('',#10389,#2435);
#1666=LINE('',#10390,#2436);
#1667=LINE('',#10394,#2437);
#1668=LINE('',#10396,#2438);
#1669=LINE('',#10398,#2439);
#1670=LINE('',#10399,#2440);
#1671=LINE('',#10402,#2441);
#1672=LINE('',#10404,#2442);
#1673=LINE('',#10405,#2443);
#1674=LINE('',#10408,#2444);
#1675=LINE('',#10410,#2445);
#1676=LINE('',#10412,#2446);
#1677=LINE('',#10413,#2447);
#1678=LINE('',#10415,#2448);
#1679=LINE('',#10417,#2449);
#1680=LINE('',#10418,#2450);
#1681=LINE('',#10421,#2451);
#1682=LINE('',#10423,#2452);
#1683=LINE('',#10424,#2453);
#1684=LINE('',#10427,#2454);
#1685=LINE('',#10428,#2455);
#1686=LINE('',#10431,#2456);
#1687=LINE('',#10433,#2457);
#1688=LINE('',#10435,#2458);
#1689=LINE('',#10436,#2459);
#1690=LINE('',#10440,#2460);
#1691=LINE('',#10442,#2461);
#1692=LINE('',#10444,#2462);
#1693=LINE('',#10445,#2463);
#1694=LINE('',#10448,#2464);
#1695=LINE('',#10450,#2465);
#1696=LINE('',#10451,#2466);
#1697=LINE('',#10454,#2467);
#1698=LINE('',#10456,#2468);
#1699=LINE('',#10458,#2469);
#1700=LINE('',#10459,#2470);
#1701=LINE('',#10461,#2471);
#1702=LINE('',#10463,#2472);
#1703=LINE('',#10464,#2473);
#1704=LINE('',#10467,#2474);
#1705=LINE('',#10469,#2475);
#1706=LINE('',#10470,#2476);
#1707=LINE('',#10473,#2477);
#1708=LINE('',#10474,#2478);
#1709=LINE('',#10477,#2479);
#1710=LINE('',#10479,#2480);
#1711=LINE('',#10481,#2481);
#1712=LINE('',#10482,#2482);
#1713=LINE('',#10486,#2483);
#1714=LINE('',#10488,#2484);
#1715=LINE('',#10490,#2485);
#1716=LINE('',#10491,#2486);
#1717=LINE('',#10494,#2487);
#1718=LINE('',#10496,#2488);
#1719=LINE('',#10497,#2489);
#1720=LINE('',#10500,#2490);
#1721=LINE('',#10502,#2491);
#1722=LINE('',#10504,#2492);
#1723=LINE('',#10505,#2493);
#1724=LINE('',#10507,#2494);
#1725=LINE('',#10509,#2495);
#1726=LINE('',#10510,#2496);
#1727=LINE('',#10513,#2497);
#1728=LINE('',#10515,#2498);
#1729=LINE('',#10516,#2499);
#1730=LINE('',#10519,#2500);
#1731=LINE('',#10520,#2501);
#1732=LINE('',#10523,#2502);
#1733=LINE('',#10525,#2503);
#1734=LINE('',#10527,#2504);
#1735=LINE('',#10528,#2505);
#1736=LINE('',#10532,#2506);
#1737=LINE('',#10534,#2507);
#1738=LINE('',#10536,#2508);
#1739=LINE('',#10537,#2509);
#1740=LINE('',#10540,#2510);
#1741=LINE('',#10542,#2511);
#1742=LINE('',#10543,#2512);
#1743=LINE('',#10546,#2513);
#1744=LINE('',#10548,#2514);
#1745=LINE('',#10550,#2515);
#1746=LINE('',#10551,#2516);
#1747=LINE('',#10553,#2517);
#1748=LINE('',#10555,#2518);
#1749=LINE('',#10556,#2519);
#1750=LINE('',#10559,#2520);
#1751=LINE('',#10561,#2521);
#1752=LINE('',#10562,#2522);
#1753=LINE('',#10565,#2523);
#1754=LINE('',#10566,#2524);
#1755=LINE('',#10569,#2525);
#1756=LINE('',#10571,#2526);
#1757=LINE('',#10573,#2527);
#1758=LINE('',#10574,#2528);
#1759=LINE('',#10578,#2529);
#1760=LINE('',#10580,#2530);
#1761=LINE('',#10582,#2531);
#1762=LINE('',#10583,#2532);
#1763=LINE('',#10586,#2533);
#1764=LINE('',#10588,#2534);
#1765=LINE('',#10589,#2535);
#1766=LINE('',#10592,#2536);
#1767=LINE('',#10594,#2537);
#1768=LINE('',#10596,#2538);
#1769=LINE('',#10597,#2539);
#1770=LINE('',#10599,#2540);
#1771=LINE('',#10601,#2541);
#1772=LINE('',#10602,#2542);
#1773=LINE('',#10605,#2543);
#1774=LINE('',#10607,#2544);
#1775=LINE('',#10608,#2545);
#1776=LINE('',#10611,#2546);
#1777=LINE('',#10612,#2547);
#1778=LINE('',#10615,#2548);
#1779=LINE('',#10617,#2549);
#1780=LINE('',#10619,#2550);
#1781=LINE('',#10620,#2551);
#1782=LINE('',#10624,#2552);
#1783=LINE('',#10626,#2553);
#1784=LINE('',#10628,#2554);
#1785=LINE('',#10629,#2555);
#1786=LINE('',#10632,#2556);
#1787=LINE('',#10634,#2557);
#1788=LINE('',#10635,#2558);
#1789=LINE('',#10638,#2559);
#1790=LINE('',#10640,#2560);
#1791=LINE('',#10642,#2561);
#1792=LINE('',#10643,#2562);
#1793=LINE('',#10645,#2563);
#1794=LINE('',#10647,#2564);
#1795=LINE('',#10648,#2565);
#1796=LINE('',#10652,#2566);
#1797=LINE('',#10654,#2567);
#1798=LINE('',#10656,#2568);
#1799=LINE('',#10657,#2569);
#1800=LINE('',#10660,#2570);
#1801=LINE('',#10662,#2571);
#1802=LINE('',#10663,#2572);
#1803=LINE('',#10666,#2573);
#1804=LINE('',#10668,#2574);
#1805=LINE('',#10670,#2575);
#1806=LINE('',#10671,#2576);
#1807=LINE('',#10675,#2577);
#1808=LINE('',#10676,#2578);
#1809=LINE('',#10677,#2579);
#1810=LINE('',#10680,#2580);
#1811=LINE('',#10681,#2581);
#1812=LINE('',#10684,#2582);
#1813=LINE('',#10686,#2583);
#1814=LINE('',#10687,#2584);
#1815=LINE('',#10690,#2585);
#1816=LINE('',#10691,#2586);
#1817=LINE('',#10694,#2587);
#1818=LINE('',#10696,#2588);
#1819=LINE('',#10698,#2589);
#1820=LINE('',#10699,#2590);
#1821=LINE('',#10703,#2591);
#1822=LINE('',#10705,#2592);
#1823=LINE('',#10707,#2593);
#1824=LINE('',#10708,#2594);
#1825=LINE('',#10711,#2595);
#1826=LINE('',#10713,#2596);
#1827=LINE('',#10714,#2597);
#1828=LINE('',#10717,#2598);
#1829=LINE('',#10719,#2599);
#1830=LINE('',#10721,#2600);
#1831=LINE('',#10722,#2601);
#1832=LINE('',#10724,#2602);
#1833=LINE('',#10726,#2603);
#1834=LINE('',#10727,#2604);
#1835=LINE('',#10729,#2605);
#1836=LINE('',#10734,#2606);
#1837=LINE('',#10735,#2607);
#1838=LINE('',#10737,#2608);
#1839=LINE('',#10741,#2609);
#1840=LINE('',#10742,#2610);
#1841=LINE('',#10744,#2611);
#1842=LINE('',#10748,#2612);
#1843=LINE('',#10749,#2613);
#1844=LINE('',#10751,#2614);
#1845=LINE('',#10755,#2615);
#1846=LINE('',#10756,#2616);
#1847=LINE('',#10758,#2617);
#1848=LINE('',#10762,#2618);
#1849=LINE('',#10763,#2619);
#1850=LINE('',#10765,#2620);
#1851=LINE('',#10769,#2621);
#1852=LINE('',#10770,#2622);
#1853=LINE('',#10772,#2623);
#1854=LINE('',#10776,#2624);
#1855=LINE('',#10777,#2625);
#1856=LINE('',#10779,#2626);
#1857=LINE('',#10783,#2627);
#1858=LINE('',#10784,#2628);
#1859=LINE('',#10786,#2629);
#1860=LINE('',#10790,#2630);
#1861=LINE('',#10791,#2631);
#1862=LINE('',#10793,#2632);
#1863=LINE('',#10797,#2633);
#1864=LINE('',#10798,#2634);
#1865=LINE('',#10800,#2635);
#1866=LINE('',#10804,#2636);
#1867=LINE('',#10805,#2637);
#1868=LINE('',#10807,#2638);
#1869=LINE('',#10811,#2639);
#1870=LINE('',#10812,#2640);
#1871=LINE('',#10814,#2641);
#1872=LINE('',#10818,#2642);
#1873=LINE('',#10819,#2643);
#1874=LINE('',#10821,#2644);
#1875=LINE('',#10825,#2645);
#1876=LINE('',#10826,#2646);
#1877=LINE('',#10830,#2647);
#1878=LINE('',#10831,#2648);
#1879=LINE('',#10835,#2649);
#1880=LINE('',#10836,#2650);
#1881=LINE('',#10838,#2651);
#1882=LINE('',#10842,#2652);
#1883=LINE('',#10843,#2653);
#1884=LINE('',#10848,#2654);
#1885=LINE('',#10851,#2655);
#1886=LINE('',#10852,#2656);
#1887=LINE('',#10855,#2657);
#1888=LINE('',#10858,#2658);
#1889=LINE('',#10859,#2659);
#1890=LINE('',#10861,#2660);
#1891=LINE('',#10864,#2661);
#1892=LINE('',#10866,#2662);
#1893=LINE('',#10867,#2663);
#1894=LINE('',#10869,#2664);
#1895=LINE('',#10870,#2665);
#1896=LINE('',#10872,#2666);
#1897=LINE('',#10875,#2667);
#1898=LINE('',#10876,#2668);
#1899=LINE('',#10879,#2669);
#1900=LINE('',#10882,#2670);
#1901=LINE('',#10883,#2671);
#1902=LINE('',#10886,#2672);
#1903=LINE('',#10889,#2673);
#1904=LINE('',#10890,#2674);
#1905=LINE('',#10893,#2675);
#1906=LINE('',#10896,#2676);
#1907=LINE('',#10897,#2677);
#1908=LINE('',#10900,#2678);
#1909=LINE('',#10903,#2679);
#1910=LINE('',#10904,#2680);
#1911=LINE('',#10907,#2681);
#1912=LINE('',#10910,#2682);
#1913=LINE('',#10911,#2683);
#1914=LINE('',#10914,#2684);
#1915=LINE('',#10917,#2685);
#1916=LINE('',#10918,#2686);
#1917=LINE('',#10921,#2687);
#1918=LINE('',#10924,#2688);
#1919=LINE('',#10925,#2689);
#1920=LINE('',#10928,#2690);
#1921=LINE('',#10931,#2691);
#1922=LINE('',#10932,#2692);
#1923=LINE('',#10935,#2693);
#1924=LINE('',#10938,#2694);
#1925=LINE('',#10939,#2695);
#1926=LINE('',#10942,#2696);
#1927=LINE('',#10945,#2697);
#1928=LINE('',#10946,#2698);
#1929=LINE('',#10949,#2699);
#1930=LINE('',#10952,#2700);
#1931=LINE('',#10953,#2701);
#1932=LINE('',#10956,#2702);
#1933=LINE('',#10959,#2703);
#1934=LINE('',#10960,#2704);
#1935=LINE('',#10963,#2705);
#1936=LINE('',#10966,#2706);
#1937=LINE('',#10967,#2707);
#1938=LINE('',#11277,#2708);
#1939=LINE('',#11278,#2709);
#1940=LINE('',#11280,#2710);
#1941=LINE('',#11283,#2711);
#1942=LINE('',#11295,#2712);
#1943=LINE('',#11699,#2713);
#1944=LINE('',#11700,#2714);
#1945=LINE('',#11702,#2715);
#1946=LINE('',#11816,#2716);
#1947=LINE('',#11817,#2717);
#1948=LINE('',#11819,#2718);
#1949=LINE('',#11933,#2719);
#1950=LINE('',#11934,#2720);
#1951=LINE('',#11936,#2721);
#1952=LINE('',#12050,#2722);
#1953=LINE('',#12051,#2723);
#1954=LINE('',#12053,#2724);
#1955=LINE('',#12167,#2725);
#1956=LINE('',#12168,#2726);
#1957=LINE('',#12170,#2727);
#1958=LINE('',#12284,#2728);
#1959=LINE('',#12285,#2729);
#1960=LINE('',#12287,#2730);
#1961=LINE('',#12401,#2731);
#1962=LINE('',#12402,#2732);
#1963=LINE('',#12404,#2733);
#1964=LINE('',#12518,#2734);
#1965=LINE('',#12519,#2735);
#1966=LINE('',#12521,#2736);
#1967=LINE('',#12635,#2737);
#1968=LINE('',#12636,#2738);
#1969=LINE('',#12638,#2739);
#1970=LINE('',#12752,#2740);
#1971=LINE('',#12753,#2741);
#1972=LINE('',#12755,#2742);
#1973=LINE('',#12869,#2743);
#1974=LINE('',#12870,#2744);
#1975=LINE('',#12872,#2745);
#1976=LINE('',#12986,#2746);
#1977=LINE('',#12987,#2747);
#1978=LINE('',#12989,#2748);
#1979=LINE('',#13103,#2749);
#1980=LINE('',#13104,#2750);
#1981=LINE('',#13106,#2751);
#1982=LINE('',#13220,#2752);
#1983=LINE('',#13221,#2753);
#1984=LINE('',#13223,#2754);
#1985=LINE('',#13337,#2755);
#1986=LINE('',#13338,#2756);
#1987=LINE('',#13340,#2757);
#1988=LINE('',#13342,#2758);
#1989=LINE('',#13345,#2759);
#1990=LINE('',#13348,#2760);
#1991=LINE('',#13351,#2761);
#1992=LINE('',#13354,#2762);
#1993=LINE('',#13357,#2763);
#1994=LINE('',#13360,#2764);
#1995=LINE('',#13363,#2765);
#1996=LINE('',#13366,#2766);
#1997=LINE('',#13369,#2767);
#1998=LINE('',#13372,#2768);
#1999=LINE('',#13375,#2769);
#2000=LINE('',#13378,#2770);
#2001=LINE('',#13381,#2771);
#2002=LINE('',#13384,#2772);
#2003=LINE('',#13387,#2773);
#2004=VECTOR('',#7845,10.);
#2005=VECTOR('',#7846,10.);
#2006=VECTOR('',#7847,10.);
#2007=VECTOR('',#7850,10.);
#2008=VECTOR('',#7851,10.);
#2009=VECTOR('',#7852,10.);
#2010=VECTOR('',#7855,10.);
#2011=VECTOR('',#7856,10.);
#2012=VECTOR('',#7857,10.);
#2013=VECTOR('',#7860,10.);
#2014=VECTOR('',#7861,10.);
#2015=VECTOR('',#7862,10.);
#2016=VECTOR('',#7865,10.);
#2017=VECTOR('',#7866,10.);
#2018=VECTOR('',#7867,10.);
#2019=VECTOR('',#7870,10.);
#2020=VECTOR('',#7871,10.);
#2021=VECTOR('',#7872,10.);
#2022=VECTOR('',#7875,10.);
#2023=VECTOR('',#7876,10.);
#2024=VECTOR('',#7877,10.);
#2025=VECTOR('',#7880,10.);
#2026=VECTOR('',#7881,10.);
#2027=VECTOR('',#7882,10.);
#2028=VECTOR('',#7885,10.);
#2029=VECTOR('',#7886,10.);
#2030=VECTOR('',#7887,10.);
#2031=VECTOR('',#7890,10.);
#2032=VECTOR('',#7891,10.);
#2033=VECTOR('',#7892,10.);
#2034=VECTOR('',#7895,10.);
#2035=VECTOR('',#7896,10.);
#2036=VECTOR('',#7897,10.);
#2037=VECTOR('',#7900,10.);
#2038=VECTOR('',#7901,10.);
#2039=VECTOR('',#7902,10.);
#2040=VECTOR('',#7905,10.);
#2041=VECTOR('',#7906,10.);
#2042=VECTOR('',#7907,10.);
#2043=VECTOR('',#7910,10.);
#2044=VECTOR('',#7911,10.);
#2045=VECTOR('',#7912,10.);
#2046=VECTOR('',#7915,10.);
#2047=VECTOR('',#7916,10.);
#2048=VECTOR('',#7917,10.);
#2049=VECTOR('',#7920,10.);
#2050=VECTOR('',#7921,10.);
#2051=VECTOR('',#7922,10.);
#2052=VECTOR('',#7925,10.);
#2053=VECTOR('',#7926,10.);
#2054=VECTOR('',#7927,10.);
#2055=VECTOR('',#7930,10.);
#2056=VECTOR('',#7931,10.);
#2057=VECTOR('',#7932,10.);
#2058=VECTOR('',#7935,10.);
#2059=VECTOR('',#7936,10.);
#2060=VECTOR('',#7937,10.);
#2061=VECTOR('',#7940,10.);
#2062=VECTOR('',#7941,10.);
#2063=VECTOR('',#7942,10.);
#2064=VECTOR('',#7945,10.);
#2065=VECTOR('',#7946,10.);
#2066=VECTOR('',#7947,10.);
#2067=VECTOR('',#7950,10.);
#2068=VECTOR('',#7951,10.);
#2069=VECTOR('',#7952,10.);
#2070=VECTOR('',#7955,10.);
#2071=VECTOR('',#7956,10.);
#2072=VECTOR('',#7957,10.);
#2073=VECTOR('',#7960,10.);
#2074=VECTOR('',#7961,10.);
#2075=VECTOR('',#7962,10.);
#2076=VECTOR('',#7965,10.);
#2077=VECTOR('',#7966,10.);
#2078=VECTOR('',#7967,10.);
#2079=VECTOR('',#7970,10.);
#2080=VECTOR('',#7971,10.);
#2081=VECTOR('',#7972,10.);
#2082=VECTOR('',#7975,10.);
#2083=VECTOR('',#7976,10.);
#2084=VECTOR('',#7977,10.);
#2085=VECTOR('',#7980,10.);
#2086=VECTOR('',#7981,10.);
#2087=VECTOR('',#7982,10.);
#2088=VECTOR('',#7985,10.);
#2089=VECTOR('',#7986,10.);
#2090=VECTOR('',#7987,10.);
#2091=VECTOR('',#7990,10.);
#2092=VECTOR('',#7991,10.);
#2093=VECTOR('',#7992,10.);
#2094=VECTOR('',#7995,10.);
#2095=VECTOR('',#7996,10.);
#2096=VECTOR('',#7997,10.);
#2097=VECTOR('',#7998,10.);
#2098=VECTOR('',#7999,10.);
#2099=VECTOR('',#8000,10.);
#2100=VECTOR('',#8001,10.);
#2101=VECTOR('',#8002,10.);
#2102=VECTOR('',#8003,10.);
#2103=VECTOR('',#8006,10.);
#2104=VECTOR('',#8007,10.);
#2105=VECTOR('',#8008,10.);
#2106=VECTOR('',#8009,10.);
#2107=VECTOR('',#8010,10.);
#2108=VECTOR('',#8011,10.);
#2109=VECTOR('',#8012,10.);
#2110=VECTOR('',#8013,10.);
#2111=VECTOR('',#8014,10.);
#2112=VECTOR('',#8017,10.);
#2113=VECTOR('',#8018,10.);
#2114=VECTOR('',#8019,10.);
#2115=VECTOR('',#8020,10.);
#2116=VECTOR('',#8021,10.);
#2117=VECTOR('',#8022,10.);
#2118=VECTOR('',#8023,10.);
#2119=VECTOR('',#8024,10.);
#2120=VECTOR('',#8025,10.);
#2121=VECTOR('',#8028,10.);
#2122=VECTOR('',#8029,10.);
#2123=VECTOR('',#8030,10.);
#2124=VECTOR('',#8031,10.);
#2125=VECTOR('',#8032,10.);
#2126=VECTOR('',#8033,10.);
#2127=VECTOR('',#8034,10.);
#2128=VECTOR('',#8035,10.);
#2129=VECTOR('',#8036,10.);
#2130=VECTOR('',#8039,10.);
#2131=VECTOR('',#8040,10.);
#2132=VECTOR('',#8041,10.);
#2133=VECTOR('',#8042,10.);
#2134=VECTOR('',#8043,10.);
#2135=VECTOR('',#8044,10.);
#2136=VECTOR('',#8045,10.);
#2137=VECTOR('',#8046,10.);
#2138=VECTOR('',#8047,10.);
#2139=VECTOR('',#8050,10.);
#2140=VECTOR('',#8051,10.);
#2141=VECTOR('',#8052,10.);
#2142=VECTOR('',#8053,10.);
#2143=VECTOR('',#8054,10.);
#2144=VECTOR('',#8055,10.);
#2145=VECTOR('',#8056,10.);
#2146=VECTOR('',#8057,10.);
#2147=VECTOR('',#8058,10.);
#2148=VECTOR('',#8061,10.);
#2149=VECTOR('',#8062,10.);
#2150=VECTOR('',#8063,10.);
#2151=VECTOR('',#8064,10.);
#2152=VECTOR('',#8065,10.);
#2153=VECTOR('',#8066,10.);
#2154=VECTOR('',#8067,10.);
#2155=VECTOR('',#8068,10.);
#2156=VECTOR('',#8069,10.);
#2157=VECTOR('',#8072,10.);
#2158=VECTOR('',#8073,10.);
#2159=VECTOR('',#8074,10.);
#2160=VECTOR('',#8075,10.);
#2161=VECTOR('',#8076,10.);
#2162=VECTOR('',#8077,10.);
#2163=VECTOR('',#8078,10.);
#2164=VECTOR('',#8079,10.);
#2165=VECTOR('',#8080,10.);
#2166=VECTOR('',#8083,10.);
#2167=VECTOR('',#8084,10.);
#2168=VECTOR('',#8085,10.);
#2169=VECTOR('',#8086,10.);
#2170=VECTOR('',#8087,10.);
#2171=VECTOR('',#8088,10.);
#2172=VECTOR('',#8089,10.);
#2173=VECTOR('',#8090,10.);
#2174=VECTOR('',#8091,10.);
#2175=VECTOR('',#8094,10.);
#2176=VECTOR('',#8095,10.);
#2177=VECTOR('',#8096,10.);
#2178=VECTOR('',#8097,10.);
#2179=VECTOR('',#8098,10.);
#2180=VECTOR('',#8099,10.);
#2181=VECTOR('',#8100,10.);
#2182=VECTOR('',#8101,10.);
#2183=VECTOR('',#8102,10.);
#2184=VECTOR('',#8105,10.);
#2185=VECTOR('',#8106,10.);
#2186=VECTOR('',#8107,10.);
#2187=VECTOR('',#8108,10.);
#2188=VECTOR('',#8109,10.);
#2189=VECTOR('',#8110,10.);
#2190=VECTOR('',#8111,10.);
#2191=VECTOR('',#8112,10.);
#2192=VECTOR('',#8113,10.);
#2193=VECTOR('',#8116,10.);
#2194=VECTOR('',#8117,10.);
#2195=VECTOR('',#8118,10.);
#2196=VECTOR('',#8119,10.);
#2197=VECTOR('',#8120,10.);
#2198=VECTOR('',#8121,10.);
#2199=VECTOR('',#8122,10.);
#2200=VECTOR('',#8123,10.);
#2201=VECTOR('',#8124,10.);
#2202=VECTOR('',#8127,10.);
#2203=VECTOR('',#8128,10.);
#2204=VECTOR('',#8129,10.);
#2205=VECTOR('',#8130,10.);
#2206=VECTOR('',#8131,10.);
#2207=VECTOR('',#8132,10.);
#2208=VECTOR('',#8133,10.);
#2209=VECTOR('',#8134,10.);
#2210=VECTOR('',#8135,10.);
#2211=VECTOR('',#8138,10.);
#2212=VECTOR('',#8139,10.);
#2213=VECTOR('',#8140,10.);
#2214=VECTOR('',#8141,10.);
#2215=VECTOR('',#8142,10.);
#2216=VECTOR('',#8143,10.);
#2217=VECTOR('',#8144,10.);
#2218=VECTOR('',#8145,10.);
#2219=VECTOR('',#8146,10.);
#2220=VECTOR('',#8149,10.);
#2221=VECTOR('',#8150,10.);
#2222=VECTOR('',#8151,10.);
#2223=VECTOR('',#8152,10.);
#2224=VECTOR('',#8153,10.);
#2225=VECTOR('',#8154,10.);
#2226=VECTOR('',#8155,10.);
#2227=VECTOR('',#8156,10.);
#2228=VECTOR('',#8157,10.);
#2229=VECTOR('',#8160,10.);
#2230=VECTOR('',#8161,10.);
#2231=VECTOR('',#8162,10.);
#2232=VECTOR('',#8165,10.);
#2233=VECTOR('',#8166,10.);
#2234=VECTOR('',#8167,10.);
#2235=VECTOR('',#8170,10.);
#2236=VECTOR('',#8171,10.);
#2237=VECTOR('',#8172,10.);
#2238=VECTOR('',#8173,10.);
#2239=VECTOR('',#8174,10.);
#2240=VECTOR('',#8175,10.);
#2241=VECTOR('',#8176,10.);
#2242=VECTOR('',#8177,10.);
#2243=VECTOR('',#8178,10.);
#2244=VECTOR('',#8181,10.);
#2245=VECTOR('',#8182,10.);
#2246=VECTOR('',#8183,10.);
#2247=VECTOR('',#8186,10.);
#2248=VECTOR('',#8187,10.);
#2249=VECTOR('',#8190,10.);
#2250=VECTOR('',#8191,10.);
#2251=VECTOR('',#8192,10.);
#2252=VECTOR('',#8193,10.);
#2253=VECTOR('',#8196,10.);
#2254=VECTOR('',#8197,10.);
#2255=VECTOR('',#8198,10.);
#2256=VECTOR('',#8199,10.);
#2257=VECTOR('',#8202,10.);
#2258=VECTOR('',#8203,10.);
#2259=VECTOR('',#8204,10.);
#2260=VECTOR('',#8207,10.);
#2261=VECTOR('',#8208,10.);
#2262=VECTOR('',#8209,10.);
#2263=VECTOR('',#8210,10.);
#2264=VECTOR('',#8211,10.);
#2265=VECTOR('',#8212,10.);
#2266=VECTOR('',#8213,10.);
#2267=VECTOR('',#8216,10.);
#2268=VECTOR('',#8217,10.);
#2269=VECTOR('',#8218,10.);
#2270=VECTOR('',#8221,10.);
#2271=VECTOR('',#8222,10.);
#2272=VECTOR('',#8225,10.);
#2273=VECTOR('',#8226,10.);
#2274=VECTOR('',#8227,10.);
#2275=VECTOR('',#8228,10.);
#2276=VECTOR('',#8231,10.);
#2277=VECTOR('',#8232,10.);
#2278=VECTOR('',#8233,10.);
#2279=VECTOR('',#8234,10.);
#2280=VECTOR('',#8237,10.);
#2281=VECTOR('',#8238,10.);
#2282=VECTOR('',#8239,10.);
#2283=VECTOR('',#8242,10.);
#2284=VECTOR('',#8243,10.);
#2285=VECTOR('',#8244,10.);
#2286=VECTOR('',#8245,10.);
#2287=VECTOR('',#8246,10.);
#2288=VECTOR('',#8247,10.);
#2289=VECTOR('',#8248,10.);
#2290=VECTOR('',#8251,10.);
#2291=VECTOR('',#8252,10.);
#2292=VECTOR('',#8253,10.);
#2293=VECTOR('',#8256,10.);
#2294=VECTOR('',#8257,10.);
#2295=VECTOR('',#8260,10.);
#2296=VECTOR('',#8261,10.);
#2297=VECTOR('',#8262,10.);
#2298=VECTOR('',#8263,10.);
#2299=VECTOR('',#8266,10.);
#2300=VECTOR('',#8267,10.);
#2301=VECTOR('',#8268,10.);
#2302=VECTOR('',#8269,10.);
#2303=VECTOR('',#8272,10.);
#2304=VECTOR('',#8273,10.);
#2305=VECTOR('',#8274,10.);
#2306=VECTOR('',#8277,10.);
#2307=VECTOR('',#8278,10.);
#2308=VECTOR('',#8279,10.);
#2309=VECTOR('',#8280,10.);
#2310=VECTOR('',#8281,10.);
#2311=VECTOR('',#8282,10.);
#2312=VECTOR('',#8283,10.);
#2313=VECTOR('',#8286,10.);
#2314=VECTOR('',#8287,10.);
#2315=VECTOR('',#8288,10.);
#2316=VECTOR('',#8291,10.);
#2317=VECTOR('',#8292,10.);
#2318=VECTOR('',#8295,10.);
#2319=VECTOR('',#8296,10.);
#2320=VECTOR('',#8297,10.);
#2321=VECTOR('',#8298,10.);
#2322=VECTOR('',#8301,10.);
#2323=VECTOR('',#8302,10.);
#2324=VECTOR('',#8303,10.);
#2325=VECTOR('',#8304,10.);
#2326=VECTOR('',#8307,10.);
#2327=VECTOR('',#8308,10.);
#2328=VECTOR('',#8309,10.);
#2329=VECTOR('',#8312,10.);
#2330=VECTOR('',#8313,10.);
#2331=VECTOR('',#8314,10.);
#2332=VECTOR('',#8315,10.);
#2333=VECTOR('',#8316,10.);
#2334=VECTOR('',#8317,10.);
#2335=VECTOR('',#8318,10.);
#2336=VECTOR('',#8321,10.);
#2337=VECTOR('',#8322,10.);
#2338=VECTOR('',#8323,10.);
#2339=VECTOR('',#8326,10.);
#2340=VECTOR('',#8327,10.);
#2341=VECTOR('',#8330,10.);
#2342=VECTOR('',#8331,10.);
#2343=VECTOR('',#8332,10.);
#2344=VECTOR('',#8333,10.);
#2345=VECTOR('',#8336,10.);
#2346=VECTOR('',#8337,10.);
#2347=VECTOR('',#8338,10.);
#2348=VECTOR('',#8339,10.);
#2349=VECTOR('',#8342,10.);
#2350=VECTOR('',#8343,10.);
#2351=VECTOR('',#8344,10.);
#2352=VECTOR('',#8347,10.);
#2353=VECTOR('',#8348,10.);
#2354=VECTOR('',#8349,10.);
#2355=VECTOR('',#8350,10.);
#2356=VECTOR('',#8351,10.);
#2357=VECTOR('',#8352,10.);
#2358=VECTOR('',#8353,10.);
#2359=VECTOR('',#8356,10.);
#2360=VECTOR('',#8357,10.);
#2361=VECTOR('',#8358,10.);
#2362=VECTOR('',#8361,10.);
#2363=VECTOR('',#8362,10.);
#2364=VECTOR('',#8365,10.);
#2365=VECTOR('',#8366,10.);
#2366=VECTOR('',#8367,10.);
#2367=VECTOR('',#8368,10.);
#2368=VECTOR('',#8371,10.);
#2369=VECTOR('',#8372,10.);
#2370=VECTOR('',#8373,10.);
#2371=VECTOR('',#8374,10.);
#2372=VECTOR('',#8377,10.);
#2373=VECTOR('',#8378,10.);
#2374=VECTOR('',#8379,10.);
#2375=VECTOR('',#8382,10.);
#2376=VECTOR('',#8383,10.);
#2377=VECTOR('',#8384,10.);
#2378=VECTOR('',#8385,10.);
#2379=VECTOR('',#8386,10.);
#2380=VECTOR('',#8387,10.);
#2381=VECTOR('',#8388,10.);
#2382=VECTOR('',#8391,10.);
#2383=VECTOR('',#8392,10.);
#2384=VECTOR('',#8393,10.);
#2385=VECTOR('',#8396,10.);
#2386=VECTOR('',#8397,10.);
#2387=VECTOR('',#8400,10.);
#2388=VECTOR('',#8401,10.);
#2389=VECTOR('',#8402,10.);
#2390=VECTOR('',#8403,10.);
#2391=VECTOR('',#8406,10.);
#2392=VECTOR('',#8407,10.);
#2393=VECTOR('',#8408,10.);
#2394=VECTOR('',#8409,10.);
#2395=VECTOR('',#8412,10.);
#2396=VECTOR('',#8413,10.);
#2397=VECTOR('',#8414,10.);
#2398=VECTOR('',#8417,10.);
#2399=VECTOR('',#8418,10.);
#2400=VECTOR('',#8419,10.);
#2401=VECTOR('',#8420,10.);
#2402=VECTOR('',#8421,10.);
#2403=VECTOR('',#8422,10.);
#2404=VECTOR('',#8423,10.);
#2405=VECTOR('',#8426,10.);
#2406=VECTOR('',#8427,10.);
#2407=VECTOR('',#8428,10.);
#2408=VECTOR('',#8431,10.);
#2409=VECTOR('',#8432,10.);
#2410=VECTOR('',#8435,10.);
#2411=VECTOR('',#8436,10.);
#2412=VECTOR('',#8437,10.);
#2413=VECTOR('',#8438,10.);
#2414=VECTOR('',#8441,10.);
#2415=VECTOR('',#8442,10.);
#2416=VECTOR('',#8443,10.);
#2417=VECTOR('',#8444,10.);
#2418=VECTOR('',#8447,10.);
#2419=VECTOR('',#8448,10.);
#2420=VECTOR('',#8449,10.);
#2421=VECTOR('',#8452,10.);
#2422=VECTOR('',#8453,10.);
#2423=VECTOR('',#8454,10.);
#2424=VECTOR('',#8455,10.);
#2425=VECTOR('',#8456,10.);
#2426=VECTOR('',#8457,10.);
#2427=VECTOR('',#8458,10.);
#2428=VECTOR('',#8461,10.);
#2429=VECTOR('',#8462,10.);
#2430=VECTOR('',#8463,10.);
#2431=VECTOR('',#8466,10.);
#2432=VECTOR('',#8467,10.);
#2433=VECTOR('',#8470,10.);
#2434=VECTOR('',#8471,10.);
#2435=VECTOR('',#8472,10.);
#2436=VECTOR('',#8473,10.);
#2437=VECTOR('',#8476,10.);
#2438=VECTOR('',#8477,10.);
#2439=VECTOR('',#8478,10.);
#2440=VECTOR('',#8479,10.);
#2441=VECTOR('',#8482,10.);
#2442=VECTOR('',#8483,10.);
#2443=VECTOR('',#8484,10.);
#2444=VECTOR('',#8487,10.);
#2445=VECTOR('',#8488,10.);
#2446=VECTOR('',#8489,10.);
#2447=VECTOR('',#8490,10.);
#2448=VECTOR('',#8491,10.);
#2449=VECTOR('',#8492,10.);
#2450=VECTOR('',#8493,10.);
#2451=VECTOR('',#8496,10.);
#2452=VECTOR('',#8497,10.);
#2453=VECTOR('',#8498,10.);
#2454=VECTOR('',#8501,10.);
#2455=VECTOR('',#8502,10.);
#2456=VECTOR('',#8505,10.);
#2457=VECTOR('',#8506,10.);
#2458=VECTOR('',#8507,10.);
#2459=VECTOR('',#8508,10.);
#2460=VECTOR('',#8511,10.);
#2461=VECTOR('',#8512,10.);
#2462=VECTOR('',#8513,10.);
#2463=VECTOR('',#8514,10.);
#2464=VECTOR('',#8517,10.);
#2465=VECTOR('',#8518,10.);
#2466=VECTOR('',#8519,10.);
#2467=VECTOR('',#8522,10.);
#2468=VECTOR('',#8523,10.);
#2469=VECTOR('',#8524,10.);
#2470=VECTOR('',#8525,10.);
#2471=VECTOR('',#8526,10.);
#2472=VECTOR('',#8527,10.);
#2473=VECTOR('',#8528,10.);
#2474=VECTOR('',#8531,10.);
#2475=VECTOR('',#8532,10.);
#2476=VECTOR('',#8533,10.);
#2477=VECTOR('',#8536,10.);
#2478=VECTOR('',#8537,10.);
#2479=VECTOR('',#8540,10.);
#2480=VECTOR('',#8541,10.);
#2481=VECTOR('',#8542,10.);
#2482=VECTOR('',#8543,10.);
#2483=VECTOR('',#8546,10.);
#2484=VECTOR('',#8547,10.);
#2485=VECTOR('',#8548,10.);
#2486=VECTOR('',#8549,10.);
#2487=VECTOR('',#8552,10.);
#2488=VECTOR('',#8553,10.);
#2489=VECTOR('',#8554,10.);
#2490=VECTOR('',#8557,10.);
#2491=VECTOR('',#8558,10.);
#2492=VECTOR('',#8559,10.);
#2493=VECTOR('',#8560,10.);
#2494=VECTOR('',#8561,10.);
#2495=VECTOR('',#8562,10.);
#2496=VECTOR('',#8563,10.);
#2497=VECTOR('',#8566,10.);
#2498=VECTOR('',#8567,10.);
#2499=VECTOR('',#8568,10.);
#2500=VECTOR('',#8571,10.);
#2501=VECTOR('',#8572,10.);
#2502=VECTOR('',#8575,10.);
#2503=VECTOR('',#8576,10.);
#2504=VECTOR('',#8577,10.);
#2505=VECTOR('',#8578,10.);
#2506=VECTOR('',#8581,10.);
#2507=VECTOR('',#8582,10.);
#2508=VECTOR('',#8583,10.);
#2509=VECTOR('',#8584,10.);
#2510=VECTOR('',#8587,10.);
#2511=VECTOR('',#8588,10.);
#2512=VECTOR('',#8589,10.);
#2513=VECTOR('',#8592,10.);
#2514=VECTOR('',#8593,10.);
#2515=VECTOR('',#8594,10.);
#2516=VECTOR('',#8595,10.);
#2517=VECTOR('',#8596,10.);
#2518=VECTOR('',#8597,10.);
#2519=VECTOR('',#8598,10.);
#2520=VECTOR('',#8601,10.);
#2521=VECTOR('',#8602,10.);
#2522=VECTOR('',#8603,10.);
#2523=VECTOR('',#8606,10.);
#2524=VECTOR('',#8607,10.);
#2525=VECTOR('',#8610,10.);
#2526=VECTOR('',#8611,10.);
#2527=VECTOR('',#8612,10.);
#2528=VECTOR('',#8613,10.);
#2529=VECTOR('',#8616,10.);
#2530=VECTOR('',#8617,10.);
#2531=VECTOR('',#8618,10.);
#2532=VECTOR('',#8619,10.);
#2533=VECTOR('',#8622,10.);
#2534=VECTOR('',#8623,10.);
#2535=VECTOR('',#8624,10.);
#2536=VECTOR('',#8627,10.);
#2537=VECTOR('',#8628,10.);
#2538=VECTOR('',#8629,10.);
#2539=VECTOR('',#8630,10.);
#2540=VECTOR('',#8631,10.);
#2541=VECTOR('',#8632,10.);
#2542=VECTOR('',#8633,10.);
#2543=VECTOR('',#8636,10.);
#2544=VECTOR('',#8637,10.);
#2545=VECTOR('',#8638,10.);
#2546=VECTOR('',#8641,10.);
#2547=VECTOR('',#8642,10.);
#2548=VECTOR('',#8645,10.);
#2549=VECTOR('',#8646,10.);
#2550=VECTOR('',#8647,10.);
#2551=VECTOR('',#8648,10.);
#2552=VECTOR('',#8651,10.);
#2553=VECTOR('',#8652,10.);
#2554=VECTOR('',#8653,10.);
#2555=VECTOR('',#8654,10.);
#2556=VECTOR('',#8657,10.);
#2557=VECTOR('',#8658,10.);
#2558=VECTOR('',#8659,10.);
#2559=VECTOR('',#8662,10.);
#2560=VECTOR('',#8663,10.);
#2561=VECTOR('',#8664,10.);
#2562=VECTOR('',#8665,10.);
#2563=VECTOR('',#8666,10.);
#2564=VECTOR('',#8667,10.);
#2565=VECTOR('',#8668,10.);
#2566=VECTOR('',#8671,10.);
#2567=VECTOR('',#8672,10.);
#2568=VECTOR('',#8673,10.);
#2569=VECTOR('',#8674,10.);
#2570=VECTOR('',#8677,10.);
#2571=VECTOR('',#8678,10.);
#2572=VECTOR('',#8679,10.);
#2573=VECTOR('',#8682,10.);
#2574=VECTOR('',#8683,10.);
#2575=VECTOR('',#8684,10.);
#2576=VECTOR('',#8685,10.);
#2577=VECTOR('',#8688,10.);
#2578=VECTOR('',#8689,10.);
#2579=VECTOR('',#8690,10.);
#2580=VECTOR('',#8693,10.);
#2581=VECTOR('',#8694,10.);
#2582=VECTOR('',#8697,10.);
#2583=VECTOR('',#8698,10.);
#2584=VECTOR('',#8699,10.);
#2585=VECTOR('',#8702,10.);
#2586=VECTOR('',#8703,10.);
#2587=VECTOR('',#8706,10.);
#2588=VECTOR('',#8707,10.);
#2589=VECTOR('',#8708,10.);
#2590=VECTOR('',#8709,10.);
#2591=VECTOR('',#8712,10.);
#2592=VECTOR('',#8713,10.);
#2593=VECTOR('',#8714,10.);
#2594=VECTOR('',#8715,10.);
#2595=VECTOR('',#8718,10.);
#2596=VECTOR('',#8719,10.);
#2597=VECTOR('',#8720,10.);
#2598=VECTOR('',#8723,10.);
#2599=VECTOR('',#8724,10.);
#2600=VECTOR('',#8725,10.);
#2601=VECTOR('',#8726,10.);
#2602=VECTOR('',#8727,10.);
#2603=VECTOR('',#8728,10.);
#2604=VECTOR('',#8729,10.);
#2605=VECTOR('',#8732,10.);
#2606=VECTOR('',#8737,10.);
#2607=VECTOR('',#8738,10.);
#2608=VECTOR('',#8741,10.);
#2609=VECTOR('',#8744,10.);
#2610=VECTOR('',#8745,10.);
#2611=VECTOR('',#8748,10.);
#2612=VECTOR('',#8751,10.);
#2613=VECTOR('',#8752,10.);
#2614=VECTOR('',#8755,10.);
#2615=VECTOR('',#8758,10.);
#2616=VECTOR('',#8759,10.);
#2617=VECTOR('',#8762,10.);
#2618=VECTOR('',#8765,10.);
#2619=VECTOR('',#8766,10.);
#2620=VECTOR('',#8769,10.);
#2621=VECTOR('',#8772,10.);
#2622=VECTOR('',#8773,10.);
#2623=VECTOR('',#8776,10.);
#2624=VECTOR('',#8779,10.);
#2625=VECTOR('',#8780,10.);
#2626=VECTOR('',#8783,10.);
#2627=VECTOR('',#8786,10.);
#2628=VECTOR('',#8787,10.);
#2629=VECTOR('',#8790,10.);
#2630=VECTOR('',#8793,10.);
#2631=VECTOR('',#8794,10.);
#2632=VECTOR('',#8797,10.);
#2633=VECTOR('',#8800,10.);
#2634=VECTOR('',#8801,10.);
#2635=VECTOR('',#8804,10.);
#2636=VECTOR('',#8807,10.);
#2637=VECTOR('',#8808,10.);
#2638=VECTOR('',#8811,10.);
#2639=VECTOR('',#8814,10.);
#2640=VECTOR('',#8815,10.);
#2641=VECTOR('',#8818,10.);
#2642=VECTOR('',#8821,10.);
#2643=VECTOR('',#8822,10.);
#2644=VECTOR('',#8825,10.);
#2645=VECTOR('',#8828,10.);
#2646=VECTOR('',#8829,10.);
#2647=VECTOR('',#8832,10.);
#2648=VECTOR('',#8833,10.);
#2649=VECTOR('',#8836,10.);
#2650=VECTOR('',#8837,10.);
#2651=VECTOR('',#8840,10.);
#2652=VECTOR('',#8843,10.);
#2653=VECTOR('',#8844,10.);
#2654=VECTOR('',#8851,10.);
#2655=VECTOR('',#8854,10.);
#2656=VECTOR('',#8855,10.);
#2657=VECTOR('',#8860,10.);
#2658=VECTOR('',#8863,10.);
#2659=VECTOR('',#8864,10.);
#2660=VECTOR('',#8867,10.);
#2661=VECTOR('',#8870,10.);
#2662=VECTOR('',#8871,10.);
#2663=VECTOR('',#8872,10.);
#2664=VECTOR('',#8873,10.);
#2665=VECTOR('',#8874,10.);
#2666=VECTOR('',#8877,10.);
#2667=VECTOR('',#8880,10.);
#2668=VECTOR('',#8881,10.);
#2669=VECTOR('',#8886,10.);
#2670=VECTOR('',#8889,10.);
#2671=VECTOR('',#8890,10.);
#2672=VECTOR('',#8895,10.);
#2673=VECTOR('',#8898,10.);
#2674=VECTOR('',#8899,10.);
#2675=VECTOR('',#8904,10.);
#2676=VECTOR('',#8907,10.);
#2677=VECTOR('',#8908,10.);
#2678=VECTOR('',#8913,10.);
#2679=VECTOR('',#8916,10.);
#2680=VECTOR('',#8917,10.);
#2681=VECTOR('',#8922,10.);
#2682=VECTOR('',#8925,10.);
#2683=VECTOR('',#8926,10.);
#2684=VECTOR('',#8931,10.);
#2685=VECTOR('',#8934,10.);
#2686=VECTOR('',#8935,10.);
#2687=VECTOR('',#8940,10.);
#2688=VECTOR('',#8943,10.);
#2689=VECTOR('',#8944,10.);
#2690=VECTOR('',#8949,10.);
#2691=VECTOR('',#8952,10.);
#2692=VECTOR('',#8953,10.);
#2693=VECTOR('',#8958,10.);
#2694=VECTOR('',#8961,10.);
#2695=VECTOR('',#8962,10.);
#2696=VECTOR('',#8967,10.);
#2697=VECTOR('',#8970,10.);
#2698=VECTOR('',#8971,10.);
#2699=VECTOR('',#8976,10.);
#2700=VECTOR('',#8979,10.);
#2701=VECTOR('',#8980,10.);
#2702=VECTOR('',#8985,10.);
#2703=VECTOR('',#8988,10.);
#2704=VECTOR('',#8989,10.);
#2705=VECTOR('',#8994,10.);
#2706=VECTOR('',#8997,10.);
#2707=VECTOR('',#8998,10.);
#2708=VECTOR('',#9289,10.);
#2709=VECTOR('',#9290,10.);
#2710=VECTOR('',#9293,10.);
#2711=VECTOR('',#9296,31.5);
#2712=VECTOR('',#9297,31.5);
#2713=VECTOR('',#9302,10.);
#2714=VECTOR('',#9303,10.);
#2715=VECTOR('',#9306,10.);
#2716=VECTOR('',#9309,10.);
#2717=VECTOR('',#9310,10.);
#2718=VECTOR('',#9313,10.);
#2719=VECTOR('',#9316,10.);
#2720=VECTOR('',#9317,10.);
#2721=VECTOR('',#9320,10.);
#2722=VECTOR('',#9323,10.);
#2723=VECTOR('',#9324,10.);
#2724=VECTOR('',#9327,10.);
#2725=VECTOR('',#9330,10.);
#2726=VECTOR('',#9331,10.);
#2727=VECTOR('',#9334,10.);
#2728=VECTOR('',#9337,10.);
#2729=VECTOR('',#9338,10.);
#2730=VECTOR('',#9341,10.);
#2731=VECTOR('',#9344,10.);
#2732=VECTOR('',#9345,10.);
#2733=VECTOR('',#9348,10.);
#2734=VECTOR('',#9351,10.);
#2735=VECTOR('',#9352,10.);
#2736=VECTOR('',#9355,10.);
#2737=VECTOR('',#9358,10.);
#2738=VECTOR('',#9359,10.);
#2739=VECTOR('',#9362,10.);
#2740=VECTOR('',#9365,10.);
#2741=VECTOR('',#9366,10.);
#2742=VECTOR('',#9369,10.);
#2743=VECTOR('',#9372,10.);
#2744=VECTOR('',#9373,10.);
#2745=VECTOR('',#9376,10.);
#2746=VECTOR('',#9379,10.);
#2747=VECTOR('',#9380,10.);
#2748=VECTOR('',#9383,10.);
#2749=VECTOR('',#9386,10.);
#2750=VECTOR('',#9387,10.);
#2751=VECTOR('',#9390,10.);
#2752=VECTOR('',#9393,10.);
#2753=VECTOR('',#9394,10.);
#2754=VECTOR('',#9397,10.);
#2755=VECTOR('',#9400,10.);
#2756=VECTOR('',#9401,10.);
#2757=VECTOR('',#9404,10.);
#2758=VECTOR('',#9407,10.);
#2759=VECTOR('',#9412,10.);
#2760=VECTOR('',#9417,10.);
#2761=VECTOR('',#9422,10.);
#2762=VECTOR('',#9427,10.);
#2763=VECTOR('',#9432,10.);
#2764=VECTOR('',#9437,10.);
#2765=VECTOR('',#9442,10.);
#2766=VECTOR('',#9447,10.);
#2767=VECTOR('',#9452,10.);
#2768=VECTOR('',#9457,10.);
#2769=VECTOR('',#9462,10.);
#2770=VECTOR('',#9467,10.);
#2771=VECTOR('',#9472,10.);
#2772=VECTOR('',#9477,10.);
#2773=VECTOR('',#9482,10.);
#2774=VERTEX_POINT('',#9494);
#2775=VERTEX_POINT('',#9495);
#2776=VERTEX_POINT('',#9497);
#2777=VERTEX_POINT('',#9501);
#2778=VERTEX_POINT('',#9502);
#2779=VERTEX_POINT('',#9504);
#2780=VERTEX_POINT('',#9508);
#2781=VERTEX_POINT('',#9509);
#2782=VERTEX_POINT('',#9511);
#2783=VERTEX_POINT('',#9515);
#2784=VERTEX_POINT('',#9516);
#2785=VERTEX_POINT('',#9518);
#2786=VERTEX_POINT('',#9522);
#2787=VERTEX_POINT('',#9523);
#2788=VERTEX_POINT('',#9525);
#2789=VERTEX_POINT('',#9529);
#2790=VERTEX_POINT('',#9530);
#2791=VERTEX_POINT('',#9532);
#2792=VERTEX_POINT('',#9536);
#2793=VERTEX_POINT('',#9537);
#2794=VERTEX_POINT('',#9539);
#2795=VERTEX_POINT('',#9543);
#2796=VERTEX_POINT('',#9544);
#2797=VERTEX_POINT('',#9546);
#2798=VERTEX_POINT('',#9550);
#2799=VERTEX_POINT('',#9551);
#2800=VERTEX_POINT('',#9553);
#2801=VERTEX_POINT('',#9557);
#2802=VERTEX_POINT('',#9558);
#2803=VERTEX_POINT('',#9560);
#2804=VERTEX_POINT('',#9564);
#2805=VERTEX_POINT('',#9565);
#2806=VERTEX_POINT('',#9567);
#2807=VERTEX_POINT('',#9571);
#2808=VERTEX_POINT('',#9572);
#2809=VERTEX_POINT('',#9574);
#2810=VERTEX_POINT('',#9578);
#2811=VERTEX_POINT('',#9579);
#2812=VERTEX_POINT('',#9581);
#2813=VERTEX_POINT('',#9585);
#2814=VERTEX_POINT('',#9586);
#2815=VERTEX_POINT('',#9588);
#2816=VERTEX_POINT('',#9592);
#2817=VERTEX_POINT('',#9593);
#2818=VERTEX_POINT('',#9595);
#2819=VERTEX_POINT('',#9599);
#2820=VERTEX_POINT('',#9600);
#2821=VERTEX_POINT('',#9602);
#2822=VERTEX_POINT('',#9606);
#2823=VERTEX_POINT('',#9607);
#2824=VERTEX_POINT('',#9609);
#2825=VERTEX_POINT('',#9613);
#2826=VERTEX_POINT('',#9614);
#2827=VERTEX_POINT('',#9616);
#2828=VERTEX_POINT('',#9620);
#2829=VERTEX_POINT('',#9621);
#2830=VERTEX_POINT('',#9623);
#2831=VERTEX_POINT('',#9627);
#2832=VERTEX_POINT('',#9628);
#2833=VERTEX_POINT('',#9630);
#2834=VERTEX_POINT('',#9634);
#2835=VERTEX_POINT('',#9635);
#2836=VERTEX_POINT('',#9637);
#2837=VERTEX_POINT('',#9641);
#2838=VERTEX_POINT('',#9642);
#2839=VERTEX_POINT('',#9644);
#2840=VERTEX_POINT('',#9648);
#2841=VERTEX_POINT('',#9649);
#2842=VERTEX_POINT('',#9651);
#2843=VERTEX_POINT('',#9655);
#2844=VERTEX_POINT('',#9656);
#2845=VERTEX_POINT('',#9658);
#2846=VERTEX_POINT('',#9662);
#2847=VERTEX_POINT('',#9663);
#2848=VERTEX_POINT('',#9665);
#2849=VERTEX_POINT('',#9669);
#2850=VERTEX_POINT('',#9670);
#2851=VERTEX_POINT('',#9672);
#2852=VERTEX_POINT('',#9676);
#2853=VERTEX_POINT('',#9677);
#2854=VERTEX_POINT('',#9679);
#2855=VERTEX_POINT('',#9683);
#2856=VERTEX_POINT('',#9684);
#2857=VERTEX_POINT('',#9686);
#2858=VERTEX_POINT('',#9690);
#2859=VERTEX_POINT('',#9691);
#2860=VERTEX_POINT('',#9693);
#2861=VERTEX_POINT('',#9697);
#2862=VERTEX_POINT('',#9698);
#2863=VERTEX_POINT('',#9700);
#2864=VERTEX_POINT('',#9704);
#2865=VERTEX_POINT('',#9706);
#2866=VERTEX_POINT('',#9708);
#2867=VERTEX_POINT('',#9710);
#2868=VERTEX_POINT('',#9712);
#2869=VERTEX_POINT('',#9714);
#2870=VERTEX_POINT('',#9716);
#2871=VERTEX_POINT('',#9718);
#2872=VERTEX_POINT('',#9722);
#2873=VERTEX_POINT('',#9724);
#2874=VERTEX_POINT('',#9726);
#2875=VERTEX_POINT('',#9728);
#2876=VERTEX_POINT('',#9730);
#2877=VERTEX_POINT('',#9732);
#2878=VERTEX_POINT('',#9734);
#2879=VERTEX_POINT('',#9736);
#2880=VERTEX_POINT('',#9740);
#2881=VERTEX_POINT('',#9742);
#2882=VERTEX_POINT('',#9744);
#2883=VERTEX_POINT('',#9746);
#2884=VERTEX_POINT('',#9748);
#2885=VERTEX_POINT('',#9750);
#2886=VERTEX_POINT('',#9752);
#2887=VERTEX_POINT('',#9754);
#2888=VERTEX_POINT('',#9758);
#2889=VERTEX_POINT('',#9760);
#2890=VERTEX_POINT('',#9762);
#2891=VERTEX_POINT('',#9764);
#2892=VERTEX_POINT('',#9766);
#2893=VERTEX_POINT('',#9768);
#2894=VERTEX_POINT('',#9770);
#2895=VERTEX_POINT('',#9772);
#2896=VERTEX_POINT('',#9776);
#2897=VERTEX_POINT('',#9778);
#2898=VERTEX_POINT('',#9780);
#2899=VERTEX_POINT('',#9782);
#2900=VERTEX_POINT('',#9784);
#2901=VERTEX_POINT('',#9786);
#2902=VERTEX_POINT('',#9788);
#2903=VERTEX_POINT('',#9790);
#2904=VERTEX_POINT('',#9794);
#2905=VERTEX_POINT('',#9796);
#2906=VERTEX_POINT('',#9798);
#2907=VERTEX_POINT('',#9800);
#2908=VERTEX_POINT('',#9802);
#2909=VERTEX_POINT('',#9804);
#2910=VERTEX_POINT('',#9806);
#2911=VERTEX_POINT('',#9808);
#2912=VERTEX_POINT('',#9812);
#2913=VERTEX_POINT('',#9814);
#2914=VERTEX_POINT('',#9816);
#2915=VERTEX_POINT('',#9818);
#2916=VERTEX_POINT('',#9820);
#2917=VERTEX_POINT('',#9822);
#2918=VERTEX_POINT('',#9824);
#2919=VERTEX_POINT('',#9826);
#2920=VERTEX_POINT('',#9830);
#2921=VERTEX_POINT('',#9832);
#2922=VERTEX_POINT('',#9834);
#2923=VERTEX_POINT('',#9836);
#2924=VERTEX_POINT('',#9838);
#2925=VERTEX_POINT('',#9840);
#2926=VERTEX_POINT('',#9842);
#2927=VERTEX_POINT('',#9844);
#2928=VERTEX_POINT('',#9848);
#2929=VERTEX_POINT('',#9850);
#2930=VERTEX_POINT('',#9852);
#2931=VERTEX_POINT('',#9854);
#2932=VERTEX_POINT('',#9856);
#2933=VERTEX_POINT('',#9858);
#2934=VERTEX_POINT('',#9860);
#2935=VERTEX_POINT('',#9862);
#2936=VERTEX_POINT('',#9866);
#2937=VERTEX_POINT('',#9868);
#2938=VERTEX_POINT('',#9870);
#2939=VERTEX_POINT('',#9872);
#2940=VERTEX_POINT('',#9874);
#2941=VERTEX_POINT('',#9876);
#2942=VERTEX_POINT('',#9878);
#2943=VERTEX_POINT('',#9880);
#2944=VERTEX_POINT('',#9884);
#2945=VERTEX_POINT('',#9886);
#2946=VERTEX_POINT('',#9888);
#2947=VERTEX_POINT('',#9890);
#2948=VERTEX_POINT('',#9892);
#2949=VERTEX_POINT('',#9894);
#2950=VERTEX_POINT('',#9896);
#2951=VERTEX_POINT('',#9898);
#2952=VERTEX_POINT('',#9902);
#2953=VERTEX_POINT('',#9904);
#2954=VERTEX_POINT('',#9906);
#2955=VERTEX_POINT('',#9908);
#2956=VERTEX_POINT('',#9910);
#2957=VERTEX_POINT('',#9912);
#2958=VERTEX_POINT('',#9914);
#2959=VERTEX_POINT('',#9916);
#2960=VERTEX_POINT('',#9920);
#2961=VERTEX_POINT('',#9922);
#2962=VERTEX_POINT('',#9924);
#2963=VERTEX_POINT('',#9926);
#2964=VERTEX_POINT('',#9928);
#2965=VERTEX_POINT('',#9930);
#2966=VERTEX_POINT('',#9932);
#2967=VERTEX_POINT('',#9934);
#2968=VERTEX_POINT('',#9938);
#2969=VERTEX_POINT('',#9940);
#2970=VERTEX_POINT('',#9942);
#2971=VERTEX_POINT('',#9944);
#2972=VERTEX_POINT('',#9946);
#2973=VERTEX_POINT('',#9948);
#2974=VERTEX_POINT('',#9950);
#2975=VERTEX_POINT('',#9952);
#2976=VERTEX_POINT('',#9956);
#2977=VERTEX_POINT('',#9958);
#2978=VERTEX_POINT('',#9960);
#2979=VERTEX_POINT('',#9962);
#2980=VERTEX_POINT('',#9964);
#2981=VERTEX_POINT('',#9966);
#2982=VERTEX_POINT('',#9968);
#2983=VERTEX_POINT('',#9970);
#2984=VERTEX_POINT('',#9974);
#2985=VERTEX_POINT('',#9975);
#2986=VERTEX_POINT('',#9977);
#2987=VERTEX_POINT('',#9981);
#2988=VERTEX_POINT('',#9982);
#2989=VERTEX_POINT('',#9984);
#2990=VERTEX_POINT('',#9988);
#2991=VERTEX_POINT('',#9990);
#2992=VERTEX_POINT('',#9992);
#2993=VERTEX_POINT('',#9994);
#2994=VERTEX_POINT('',#9996);
#2995=VERTEX_POINT('',#9998);
#2996=VERTEX_POINT('',#10000);
#2997=VERTEX_POINT('',#10002);
#2998=VERTEX_POINT('',#10006);
#2999=VERTEX_POINT('',#10007);
#3000=VERTEX_POINT('',#10012);
#3001=VERTEX_POINT('',#10016);
#3002=VERTEX_POINT('',#10018);
#3003=VERTEX_POINT('',#10020);
#3004=VERTEX_POINT('',#10024);
#3005=VERTEX_POINT('',#10025);
#3006=VERTEX_POINT('',#10027);
#3007=VERTEX_POINT('',#10029);
#3008=VERTEX_POINT('',#10033);
#3009=VERTEX_POINT('',#10035);
#3010=VERTEX_POINT('',#10039);
#3011=VERTEX_POINT('',#10041);
#3012=VERTEX_POINT('',#10043);
#3013=VERTEX_POINT('',#10046);
#3014=VERTEX_POINT('',#10048);
#3015=VERTEX_POINT('',#10052);
#3016=VERTEX_POINT('',#10054);
#3017=VERTEX_POINT('',#10058);
#3018=VERTEX_POINT('',#10062);
#3019=VERTEX_POINT('',#10064);
#3020=VERTEX_POINT('',#10066);
#3021=VERTEX_POINT('',#10070);
#3022=VERTEX_POINT('',#10071);
#3023=VERTEX_POINT('',#10073);
#3024=VERTEX_POINT('',#10075);
#3025=VERTEX_POINT('',#10079);
#3026=VERTEX_POINT('',#10081);
#3027=VERTEX_POINT('',#10085);
#3028=VERTEX_POINT('',#10087);
#3029=VERTEX_POINT('',#10089);
#3030=VERTEX_POINT('',#10092);
#3031=VERTEX_POINT('',#10094);
#3032=VERTEX_POINT('',#10098);
#3033=VERTEX_POINT('',#10100);
#3034=VERTEX_POINT('',#10104);
#3035=VERTEX_POINT('',#10108);
#3036=VERTEX_POINT('',#10110);
#3037=VERTEX_POINT('',#10112);
#3038=VERTEX_POINT('',#10116);
#3039=VERTEX_POINT('',#10117);
#3040=VERTEX_POINT('',#10119);
#3041=VERTEX_POINT('',#10121);
#3042=VERTEX_POINT('',#10125);
#3043=VERTEX_POINT('',#10127);
#3044=VERTEX_POINT('',#10131);
#3045=VERTEX_POINT('',#10133);
#3046=VERTEX_POINT('',#10135);
#3047=VERTEX_POINT('',#10138);
#3048=VERTEX_POINT('',#10140);
#3049=VERTEX_POINT('',#10144);
#3050=VERTEX_POINT('',#10146);
#3051=VERTEX_POINT('',#10150);
#3052=VERTEX_POINT('',#10154);
#3053=VERTEX_POINT('',#10156);
#3054=VERTEX_POINT('',#10158);
#3055=VERTEX_POINT('',#10162);
#3056=VERTEX_POINT('',#10163);
#3057=VERTEX_POINT('',#10165);
#3058=VERTEX_POINT('',#10167);
#3059=VERTEX_POINT('',#10171);
#3060=VERTEX_POINT('',#10173);
#3061=VERTEX_POINT('',#10177);
#3062=VERTEX_POINT('',#10179);
#3063=VERTEX_POINT('',#10181);
#3064=VERTEX_POINT('',#10184);
#3065=VERTEX_POINT('',#10186);
#3066=VERTEX_POINT('',#10190);
#3067=VERTEX_POINT('',#10192);
#3068=VERTEX_POINT('',#10196);
#3069=VERTEX_POINT('',#10200);
#3070=VERTEX_POINT('',#10202);
#3071=VERTEX_POINT('',#10204);
#3072=VERTEX_POINT('',#10208);
#3073=VERTEX_POINT('',#10209);
#3074=VERTEX_POINT('',#10211);
#3075=VERTEX_POINT('',#10213);
#3076=VERTEX_POINT('',#10217);
#3077=VERTEX_POINT('',#10219);
#3078=VERTEX_POINT('',#10223);
#3079=VERTEX_POINT('',#10225);
#3080=VERTEX_POINT('',#10227);
#3081=VERTEX_POINT('',#10230);
#3082=VERTEX_POINT('',#10232);
#3083=VERTEX_POINT('',#10236);
#3084=VERTEX_POINT('',#10238);
#3085=VERTEX_POINT('',#10242);
#3086=VERTEX_POINT('',#10246);
#3087=VERTEX_POINT('',#10248);
#3088=VERTEX_POINT('',#10250);
#3089=VERTEX_POINT('',#10254);
#3090=VERTEX_POINT('',#10255);
#3091=VERTEX_POINT('',#10257);
#3092=VERTEX_POINT('',#10259);
#3093=VERTEX_POINT('',#10263);
#3094=VERTEX_POINT('',#10265);
#3095=VERTEX_POINT('',#10269);
#3096=VERTEX_POINT('',#10271);
#3097=VERTEX_POINT('',#10273);
#3098=VERTEX_POINT('',#10276);
#3099=VERTEX_POINT('',#10278);
#3100=VERTEX_POINT('',#10282);
#3101=VERTEX_POINT('',#10284);
#3102=VERTEX_POINT('',#10288);
#3103=VERTEX_POINT('',#10292);
#3104=VERTEX_POINT('',#10294);
#3105=VERTEX_POINT('',#10296);
#3106=VERTEX_POINT('',#10300);
#3107=VERTEX_POINT('',#10301);
#3108=VERTEX_POINT('',#10303);
#3109=VERTEX_POINT('',#10305);
#3110=VERTEX_POINT('',#10309);
#3111=VERTEX_POINT('',#10311);
#3112=VERTEX_POINT('',#10315);
#3113=VERTEX_POINT('',#10317);
#3114=VERTEX_POINT('',#10319);
#3115=VERTEX_POINT('',#10322);
#3116=VERTEX_POINT('',#10324);
#3117=VERTEX_POINT('',#10328);
#3118=VERTEX_POINT('',#10330);
#3119=VERTEX_POINT('',#10334);
#3120=VERTEX_POINT('',#10338);
#3121=VERTEX_POINT('',#10340);
#3122=VERTEX_POINT('',#10342);
#3123=VERTEX_POINT('',#10346);
#3124=VERTEX_POINT('',#10347);
#3125=VERTEX_POINT('',#10349);
#3126=VERTEX_POINT('',#10351);
#3127=VERTEX_POINT('',#10355);
#3128=VERTEX_POINT('',#10357);
#3129=VERTEX_POINT('',#10361);
#3130=VERTEX_POINT('',#10363);
#3131=VERTEX_POINT('',#10365);
#3132=VERTEX_POINT('',#10368);
#3133=VERTEX_POINT('',#10370);
#3134=VERTEX_POINT('',#10374);
#3135=VERTEX_POINT('',#10376);
#3136=VERTEX_POINT('',#10380);
#3137=VERTEX_POINT('',#10384);
#3138=VERTEX_POINT('',#10386);
#3139=VERTEX_POINT('',#10388);
#3140=VERTEX_POINT('',#10392);
#3141=VERTEX_POINT('',#10393);
#3142=VERTEX_POINT('',#10395);
#3143=VERTEX_POINT('',#10397);
#3144=VERTEX_POINT('',#10401);
#3145=VERTEX_POINT('',#10403);
#3146=VERTEX_POINT('',#10407);
#3147=VERTEX_POINT('',#10409);
#3148=VERTEX_POINT('',#10411);
#3149=VERTEX_POINT('',#10414);
#3150=VERTEX_POINT('',#10416);
#3151=VERTEX_POINT('',#10420);
#3152=VERTEX_POINT('',#10422);
#3153=VERTEX_POINT('',#10426);
#3154=VERTEX_POINT('',#10430);
#3155=VERTEX_POINT('',#10432);
#3156=VERTEX_POINT('',#10434);
#3157=VERTEX_POINT('',#10438);
#3158=VERTEX_POINT('',#10439);
#3159=VERTEX_POINT('',#10441);
#3160=VERTEX_POINT('',#10443);
#3161=VERTEX_POINT('',#10447);
#3162=VERTEX_POINT('',#10449);
#3163=VERTEX_POINT('',#10453);
#3164=VERTEX_POINT('',#10455);
#3165=VERTEX_POINT('',#10457);
#3166=VERTEX_POINT('',#10460);
#3167=VERTEX_POINT('',#10462);
#3168=VERTEX_POINT('',#10466);
#3169=VERTEX_POINT('',#10468);
#3170=VERTEX_POINT('',#10472);
#3171=VERTEX_POINT('',#10476);
#3172=VERTEX_POINT('',#10478);
#3173=VERTEX_POINT('',#10480);
#3174=VERTEX_POINT('',#10484);
#3175=VERTEX_POINT('',#10485);
#3176=VERTEX_POINT('',#10487);
#3177=VERTEX_POINT('',#10489);
#3178=VERTEX_POINT('',#10493);
#3179=VERTEX_POINT('',#10495);
#3180=VERTEX_POINT('',#10499);
#3181=VERTEX_POINT('',#10501);
#3182=VERTEX_POINT('',#10503);
#3183=VERTEX_POINT('',#10506);
#3184=VERTEX_POINT('',#10508);
#3185=VERTEX_POINT('',#10512);
#3186=VERTEX_POINT('',#10514);
#3187=VERTEX_POINT('',#10518);
#3188=VERTEX_POINT('',#10522);
#3189=VERTEX_POINT('',#10524);
#3190=VERTEX_POINT('',#10526);
#3191=VERTEX_POINT('',#10530);
#3192=VERTEX_POINT('',#10531);
#3193=VERTEX_POINT('',#10533);
#3194=VERTEX_POINT('',#10535);
#3195=VERTEX_POINT('',#10539);
#3196=VERTEX_POINT('',#10541);
#3197=VERTEX_POINT('',#10545);
#3198=VERTEX_POINT('',#10547);
#3199=VERTEX_POINT('',#10549);
#3200=VERTEX_POINT('',#10552);
#3201=VERTEX_POINT('',#10554);
#3202=VERTEX_POINT('',#10558);
#3203=VERTEX_POINT('',#10560);
#3204=VERTEX_POINT('',#10564);
#3205=VERTEX_POINT('',#10568);
#3206=VERTEX_POINT('',#10570);
#3207=VERTEX_POINT('',#10572);
#3208=VERTEX_POINT('',#10576);
#3209=VERTEX_POINT('',#10577);
#3210=VERTEX_POINT('',#10579);
#3211=VERTEX_POINT('',#10581);
#3212=VERTEX_POINT('',#10585);
#3213=VERTEX_POINT('',#10587);
#3214=VERTEX_POINT('',#10591);
#3215=VERTEX_POINT('',#10593);
#3216=VERTEX_POINT('',#10595);
#3217=VERTEX_POINT('',#10598);
#3218=VERTEX_POINT('',#10600);
#3219=VERTEX_POINT('',#10604);
#3220=VERTEX_POINT('',#10606);
#3221=VERTEX_POINT('',#10610);
#3222=VERTEX_POINT('',#10614);
#3223=VERTEX_POINT('',#10616);
#3224=VERTEX_POINT('',#10618);
#3225=VERTEX_POINT('',#10622);
#3226=VERTEX_POINT('',#10623);
#3227=VERTEX_POINT('',#10625);
#3228=VERTEX_POINT('',#10627);
#3229=VERTEX_POINT('',#10631);
#3230=VERTEX_POINT('',#10633);
#3231=VERTEX_POINT('',#10637);
#3232=VERTEX_POINT('',#10639);
#3233=VERTEX_POINT('',#10641);
#3234=VERTEX_POINT('',#10644);
#3235=VERTEX_POINT('',#10646);
#3236=VERTEX_POINT('',#10650);
#3237=VERTEX_POINT('',#10651);
#3238=VERTEX_POINT('',#10653);
#3239=VERTEX_POINT('',#10655);
#3240=VERTEX_POINT('',#10659);
#3241=VERTEX_POINT('',#10661);
#3242=VERTEX_POINT('',#10665);
#3243=VERTEX_POINT('',#10667);
#3244=VERTEX_POINT('',#10669);
#3245=VERTEX_POINT('',#10673);
#3246=VERTEX_POINT('',#10674);
#3247=VERTEX_POINT('',#10679);
#3248=VERTEX_POINT('',#10683);
#3249=VERTEX_POINT('',#10685);
#3250=VERTEX_POINT('',#10689);
#3251=VERTEX_POINT('',#10693);
#3252=VERTEX_POINT('',#10695);
#3253=VERTEX_POINT('',#10697);
#3254=VERTEX_POINT('',#10701);
#3255=VERTEX_POINT('',#10702);
#3256=VERTEX_POINT('',#10704);
#3257=VERTEX_POINT('',#10706);
#3258=VERTEX_POINT('',#10710);
#3259=VERTEX_POINT('',#10712);
#3260=VERTEX_POINT('',#10716);
#3261=VERTEX_POINT('',#10718);
#3262=VERTEX_POINT('',#10720);
#3263=VERTEX_POINT('',#10723);
#3264=VERTEX_POINT('',#10725);
#3265=VERTEX_POINT('',#10731);
#3266=VERTEX_POINT('',#10733);
#3267=VERTEX_POINT('',#10738);
#3268=VERTEX_POINT('',#10740);
#3269=VERTEX_POINT('',#10745);
#3270=VERTEX_POINT('',#10747);
#3271=VERTEX_POINT('',#10752);
#3272=VERTEX_POINT('',#10754);
#3273=VERTEX_POINT('',#10759);
#3274=VERTEX_POINT('',#10761);
#3275=VERTEX_POINT('',#10766);
#3276=VERTEX_POINT('',#10768);
#3277=VERTEX_POINT('',#10773);
#3278=VERTEX_POINT('',#10775);
#3279=VERTEX_POINT('',#10780);
#3280=VERTEX_POINT('',#10782);
#3281=VERTEX_POINT('',#10787);
#3282=VERTEX_POINT('',#10789);
#3283=VERTEX_POINT('',#10794);
#3284=VERTEX_POINT('',#10796);
#3285=VERTEX_POINT('',#10801);
#3286=VERTEX_POINT('',#10803);
#3287=VERTEX_POINT('',#10808);
#3288=VERTEX_POINT('',#10810);
#3289=VERTEX_POINT('',#10815);
#3290=VERTEX_POINT('',#10817);
#3291=VERTEX_POINT('',#10822);
#3292=VERTEX_POINT('',#10824);
#3293=VERTEX_POINT('',#10827);
#3294=VERTEX_POINT('',#10829);
#3295=VERTEX_POINT('',#10832);
#3296=VERTEX_POINT('',#10834);
#3297=VERTEX_POINT('',#10839);
#3298=VERTEX_POINT('',#10841);
#3299=VERTEX_POINT('',#10845);
#3300=VERTEX_POINT('',#10850);
#3301=VERTEX_POINT('',#10857);
#3302=VERTEX_POINT('',#10863);
#3303=VERTEX_POINT('',#10865);
#3304=VERTEX_POINT('',#10868);
#3305=VERTEX_POINT('',#10874);
#3306=VERTEX_POINT('',#10881);
#3307=VERTEX_POINT('',#10888);
#3308=VERTEX_POINT('',#10895);
#3309=VERTEX_POINT('',#10902);
#3310=VERTEX_POINT('',#10909);
#3311=VERTEX_POINT('',#10916);
#3312=VERTEX_POINT('',#10923);
#3313=VERTEX_POINT('',#10930);
#3314=VERTEX_POINT('',#10937);
#3315=VERTEX_POINT('',#10944);
#3316=VERTEX_POINT('',#10951);
#3317=VERTEX_POINT('',#10958);
#3318=VERTEX_POINT('',#10965);
#3319=VERTEX_POINT('',#10969);
#3320=VERTEX_POINT('',#10973);
#3321=VERTEX_POINT('',#10980);
#3322=VERTEX_POINT('',#10984);
#3323=VERTEX_POINT('',#10991);
#3324=VERTEX_POINT('',#10995);
#3325=VERTEX_POINT('',#11002);
#3326=VERTEX_POINT('',#11006);
#3327=VERTEX_POINT('',#11013);
#3328=VERTEX_POINT('',#11017);
#3329=VERTEX_POINT('',#11024);
#3330=VERTEX_POINT('',#11028);
#3331=VERTEX_POINT('',#11035);
#3332=VERTEX_POINT('',#11039);
#3333=VERTEX_POINT('',#11046);
#3334=VERTEX_POINT('',#11050);
#3335=VERTEX_POINT('',#11057);
#3336=VERTEX_POINT('',#11061);
#3337=VERTEX_POINT('',#11068);
#3338=VERTEX_POINT('',#11072);
#3339=VERTEX_POINT('',#11079);
#3340=VERTEX_POINT('',#11083);
#3341=VERTEX_POINT('',#11090);
#3342=VERTEX_POINT('',#11094);
#3343=VERTEX_POINT('',#11101);
#3344=VERTEX_POINT('',#11105);
#3345=VERTEX_POINT('',#11112);
#3346=VERTEX_POINT('',#11116);
#3347=VERTEX_POINT('',#11123);
#3348=VERTEX_POINT('',#11129);
#3349=VERTEX_POINT('',#11135);
#3350=VERTEX_POINT('',#11141);
#3351=VERTEX_POINT('',#11160);
#3352=VERTEX_POINT('',#11161);
#3353=VERTEX_POINT('',#11166);
#3354=VERTEX_POINT('',#11174);
#3355=VERTEX_POINT('',#11202);
#3356=VERTEX_POINT('',#11207);
#3357=VERTEX_POINT('',#11235);
#3358=VERTEX_POINT('',#11240);
#3359=VERTEX_POINT('',#11282);
#3360=VERTEX_POINT('',#11284);
#3361=VERTEX_POINT('',#11289);
#3362=VERTEX_POINT('',#11294);
#3363=VERTEX_POINT('',#11297);
#3364=VERTEX_POINT('',#11306);
#3365=VERTEX_POINT('',#11307);
#3366=VERTEX_POINT('',#11312);
#3367=VERTEX_POINT('',#11317);
#3368=VERTEX_POINT('',#11326);
#3369=VERTEX_POINT('',#11327);
#3370=VERTEX_POINT('',#11332);
#3371=VERTEX_POINT('',#11337);
#3372=VERTEX_POINT('',#11346);
#3373=VERTEX_POINT('',#11347);
#3374=VERTEX_POINT('',#11352);
#3375=VERTEX_POINT('',#11357);
#3376=VERTEX_POINT('',#11366);
#3377=VERTEX_POINT('',#11367);
#3378=VERTEX_POINT('',#11372);
#3379=VERTEX_POINT('',#11377);
#3380=VERTEX_POINT('',#11386);
#3381=VERTEX_POINT('',#11387);
#3382=VERTEX_POINT('',#11392);
#3383=VERTEX_POINT('',#11397);
#3384=VERTEX_POINT('',#11406);
#3385=VERTEX_POINT('',#11407);
#3386=VERTEX_POINT('',#11412);
#3387=VERTEX_POINT('',#11417);
#3388=VERTEX_POINT('',#11426);
#3389=VERTEX_POINT('',#11427);
#3390=VERTEX_POINT('',#11432);
#3391=VERTEX_POINT('',#11437);
#3392=VERTEX_POINT('',#11446);
#3393=VERTEX_POINT('',#11447);
#3394=VERTEX_POINT('',#11452);
#3395=VERTEX_POINT('',#11457);
#3396=VERTEX_POINT('',#11466);
#3397=VERTEX_POINT('',#11467);
#3398=VERTEX_POINT('',#11472);
#3399=VERTEX_POINT('',#11477);
#3400=VERTEX_POINT('',#11486);
#3401=VERTEX_POINT('',#11487);
#3402=VERTEX_POINT('',#11492);
#3403=VERTEX_POINT('',#11497);
#3404=VERTEX_POINT('',#11506);
#3405=VERTEX_POINT('',#11507);
#3406=VERTEX_POINT('',#11512);
#3407=VERTEX_POINT('',#11517);
#3408=VERTEX_POINT('',#11526);
#3409=VERTEX_POINT('',#11527);
#3410=VERTEX_POINT('',#11532);
#3411=VERTEX_POINT('',#11537);
#3412=VERTEX_POINT('',#11546);
#3413=VERTEX_POINT('',#11547);
#3414=VERTEX_POINT('',#11552);
#3415=VERTEX_POINT('',#11557);
#3416=VERTEX_POINT('',#11566);
#3417=VERTEX_POINT('',#11567);
#3418=VERTEX_POINT('',#11572);
#3419=VERTEX_POINT('',#11577);
#3420=VERTEX_POINT('',#11602);
#3421=VERTEX_POINT('',#11610);
#3422=VERTEX_POINT('',#11638);
#3423=VERTEX_POINT('',#11666);
#3424=VERTEX_POINT('',#11719);
#3425=VERTEX_POINT('',#11727);
#3426=VERTEX_POINT('',#11755);
#3427=VERTEX_POINT('',#11783);
#3428=VERTEX_POINT('',#11836);
#3429=VERTEX_POINT('',#11844);
#3430=VERTEX_POINT('',#11872);
#3431=VERTEX_POINT('',#11900);
#3432=VERTEX_POINT('',#11953);
#3433=VERTEX_POINT('',#11961);
#3434=VERTEX_POINT('',#11989);
#3435=VERTEX_POINT('',#12017);
#3436=VERTEX_POINT('',#12070);
#3437=VERTEX_POINT('',#12078);
#3438=VERTEX_POINT('',#12106);
#3439=VERTEX_POINT('',#12134);
#3440=VERTEX_POINT('',#12187);
#3441=VERTEX_POINT('',#12195);
#3442=VERTEX_POINT('',#12223);
#3443=VERTEX_POINT('',#12251);
#3444=VERTEX_POINT('',#12304);
#3445=VERTEX_POINT('',#12312);
#3446=VERTEX_POINT('',#12340);
#3447=VERTEX_POINT('',#12368);
#3448=VERTEX_POINT('',#12421);
#3449=VERTEX_POINT('',#12429);
#3450=VERTEX_POINT('',#12457);
#3451=VERTEX_POINT('',#12485);
#3452=VERTEX_POINT('',#12538);
#3453=VERTEX_POINT('',#12546);
#3454=VERTEX_POINT('',#12574);
#3455=VERTEX_POINT('',#12602);
#3456=VERTEX_POINT('',#12655);
#3457=VERTEX_POINT('',#12663);
#3458=VERTEX_POINT('',#12691);
#3459=VERTEX_POINT('',#12719);
#3460=VERTEX_POINT('',#12772);
#3461=VERTEX_POINT('',#12780);
#3462=VERTEX_POINT('',#12808);
#3463=VERTEX_POINT('',#12836);
#3464=VERTEX_POINT('',#12889);
#3465=VERTEX_POINT('',#12897);
#3466=VERTEX_POINT('',#12925);
#3467=VERTEX_POINT('',#12953);
#3468=VERTEX_POINT('',#13006);
#3469=VERTEX_POINT('',#13014);
#3470=VERTEX_POINT('',#13042);
#3471=VERTEX_POINT('',#13070);
#3472=VERTEX_POINT('',#13123);
#3473=VERTEX_POINT('',#13131);
#3474=VERTEX_POINT('',#13159);
#3475=VERTEX_POINT('',#13187);
#3476=VERTEX_POINT('',#13240);
#3477=VERTEX_POINT('',#13248);
#3478=VERTEX_POINT('',#13276);
#3479=VERTEX_POINT('',#13304);
#3480=EDGE_CURVE('',#2774,#2775,#1234,.T.);
#3481=EDGE_CURVE('',#2776,#2774,#1235,.T.);
#3482=EDGE_CURVE('',#2775,#2776,#1236,.T.);
#3483=EDGE_CURVE('',#2777,#2778,#1237,.T.);
#3484=EDGE_CURVE('',#2779,#2777,#1238,.T.);
#3485=EDGE_CURVE('',#2778,#2779,#1239,.T.);
#3486=EDGE_CURVE('',#2780,#2781,#1240,.T.);
#3487=EDGE_CURVE('',#2782,#2780,#1241,.T.);
#3488=EDGE_CURVE('',#2781,#2782,#1242,.T.);
#3489=EDGE_CURVE('',#2783,#2784,#1243,.T.);
#3490=EDGE_CURVE('',#2785,#2783,#1244,.T.);
#3491=EDGE_CURVE('',#2784,#2785,#1245,.T.);
#3492=EDGE_CURVE('',#2786,#2787,#1246,.T.);
#3493=EDGE_CURVE('',#2788,#2786,#1247,.T.);
#3494=EDGE_CURVE('',#2787,#2788,#1248,.T.);
#3495=EDGE_CURVE('',#2789,#2790,#1249,.T.);
#3496=EDGE_CURVE('',#2791,#2789,#1250,.T.);
#3497=EDGE_CURVE('',#2790,#2791,#1251,.T.);
#3498=EDGE_CURVE('',#2792,#2793,#1252,.T.);
#3499=EDGE_CURVE('',#2794,#2792,#1253,.T.);
#3500=EDGE_CURVE('',#2793,#2794,#1254,.T.);
#3501=EDGE_CURVE('',#2795,#2796,#1255,.T.);
#3502=EDGE_CURVE('',#2797,#2795,#1256,.T.);
#3503=EDGE_CURVE('',#2796,#2797,#1257,.T.);
#3504=EDGE_CURVE('',#2798,#2799,#1258,.T.);
#3505=EDGE_CURVE('',#2800,#2798,#1259,.T.);
#3506=EDGE_CURVE('',#2799,#2800,#1260,.T.);
#3507=EDGE_CURVE('',#2801,#2802,#1261,.T.);
#3508=EDGE_CURVE('',#2803,#2801,#1262,.T.);
#3509=EDGE_CURVE('',#2802,#2803,#1263,.T.);
#3510=EDGE_CURVE('',#2804,#2805,#1264,.T.);
#3511=EDGE_CURVE('',#2806,#2804,#1265,.T.);
#3512=EDGE_CURVE('',#2805,#2806,#1266,.T.);
#3513=EDGE_CURVE('',#2807,#2808,#1267,.T.);
#3514=EDGE_CURVE('',#2809,#2807,#1268,.T.);
#3515=EDGE_CURVE('',#2808,#2809,#1269,.T.);
#3516=EDGE_CURVE('',#2810,#2811,#1270,.T.);
#3517=EDGE_CURVE('',#2812,#2810,#1271,.T.);
#3518=EDGE_CURVE('',#2811,#2812,#1272,.T.);
#3519=EDGE_CURVE('',#2813,#2814,#1273,.T.);
#3520=EDGE_CURVE('',#2815,#2813,#1274,.T.);
#3521=EDGE_CURVE('',#2814,#2815,#1275,.T.);
#3522=EDGE_CURVE('',#2816,#2817,#1276,.T.);
#3523=EDGE_CURVE('',#2818,#2816,#1277,.T.);
#3524=EDGE_CURVE('',#2817,#2818,#1278,.T.);
#3525=EDGE_CURVE('',#2819,#2820,#1279,.T.);
#3526=EDGE_CURVE('',#2821,#2819,#1280,.T.);
#3527=EDGE_CURVE('',#2820,#2821,#1281,.T.);
#3528=EDGE_CURVE('',#2822,#2823,#1282,.T.);
#3529=EDGE_CURVE('',#2824,#2822,#1283,.T.);
#3530=EDGE_CURVE('',#2823,#2824,#1284,.T.);
#3531=EDGE_CURVE('',#2825,#2826,#1285,.T.);
#3532=EDGE_CURVE('',#2827,#2825,#1286,.T.);
#3533=EDGE_CURVE('',#2826,#2827,#1287,.T.);
#3534=EDGE_CURVE('',#2828,#2829,#1288,.T.);
#3535=EDGE_CURVE('',#2830,#2828,#1289,.T.);
#3536=EDGE_CURVE('',#2829,#2830,#1290,.T.);
#3537=EDGE_CURVE('',#2831,#2832,#1291,.T.);
#3538=EDGE_CURVE('',#2833,#2831,#1292,.T.);
#3539=EDGE_CURVE('',#2832,#2833,#1293,.T.);
#3540=EDGE_CURVE('',#2834,#2835,#1294,.T.);
#3541=EDGE_CURVE('',#2836,#2834,#1295,.T.);
#3542=EDGE_CURVE('',#2835,#2836,#1296,.T.);
#3543=EDGE_CURVE('',#2837,#2838,#1297,.T.);
#3544=EDGE_CURVE('',#2839,#2837,#1298,.T.);
#3545=EDGE_CURVE('',#2838,#2839,#1299,.T.);
#3546=EDGE_CURVE('',#2840,#2841,#1300,.T.);
#3547=EDGE_CURVE('',#2842,#2840,#1301,.T.);
#3548=EDGE_CURVE('',#2841,#2842,#1302,.T.);
#3549=EDGE_CURVE('',#2843,#2844,#1303,.T.);
#3550=EDGE_CURVE('',#2845,#2843,#1304,.T.);
#3551=EDGE_CURVE('',#2844,#2845,#1305,.T.);
#3552=EDGE_CURVE('',#2846,#2847,#1306,.T.);
#3553=EDGE_CURVE('',#2848,#2846,#1307,.T.);
#3554=EDGE_CURVE('',#2847,#2848,#1308,.T.);
#3555=EDGE_CURVE('',#2849,#2850,#1309,.T.);
#3556=EDGE_CURVE('',#2851,#2849,#1310,.T.);
#3557=EDGE_CURVE('',#2850,#2851,#1311,.T.);
#3558=EDGE_CURVE('',#2852,#2853,#1312,.T.);
#3559=EDGE_CURVE('',#2854,#2852,#1313,.T.);
#3560=EDGE_CURVE('',#2853,#2854,#1314,.T.);
#3561=EDGE_CURVE('',#2855,#2856,#1315,.T.);
#3562=EDGE_CURVE('',#2857,#2855,#1316,.T.);
#3563=EDGE_CURVE('',#2856,#2857,#1317,.T.);
#3564=EDGE_CURVE('',#2858,#2859,#1318,.T.);
#3565=EDGE_CURVE('',#2860,#2858,#1319,.T.);
#3566=EDGE_CURVE('',#2859,#2860,#1320,.T.);
#3567=EDGE_CURVE('',#2861,#2862,#1321,.T.);
#3568=EDGE_CURVE('',#2863,#2861,#1322,.T.);
#3569=EDGE_CURVE('',#2862,#2863,#1323,.T.);
#3570=EDGE_CURVE('',#2864,#2777,#1324,.T.);
#3571=EDGE_CURVE('',#2778,#2865,#1325,.T.);
#3572=EDGE_CURVE('',#2866,#2865,#1326,.T.);
#3573=EDGE_CURVE('',#2867,#2866,#1327,.T.);
#3574=EDGE_CURVE('',#2868,#2867,#1328,.T.);
#3575=EDGE_CURVE('',#2868,#2869,#1329,.T.);
#3576=EDGE_CURVE('',#2870,#2869,#1330,.T.);
#3577=EDGE_CURVE('',#2870,#2871,#1331,.T.);
#3578=EDGE_CURVE('',#2864,#2871,#1332,.T.);
#3579=EDGE_CURVE('',#2872,#2783,#1333,.T.);
#3580=EDGE_CURVE('',#2784,#2873,#1334,.T.);
#3581=EDGE_CURVE('',#2874,#2873,#1335,.T.);
#3582=EDGE_CURVE('',#2875,#2874,#1336,.T.);
#3583=EDGE_CURVE('',#2876,#2875,#1337,.T.);
#3584=EDGE_CURVE('',#2876,#2877,#1338,.T.);
#3585=EDGE_CURVE('',#2878,#2877,#1339,.T.);
#3586=EDGE_CURVE('',#2878,#2879,#1340,.T.);
#3587=EDGE_CURVE('',#2872,#2879,#1341,.T.);
#3588=EDGE_CURVE('',#2880,#2789,#1342,.T.);
#3589=EDGE_CURVE('',#2790,#2881,#1343,.T.);
#3590=EDGE_CURVE('',#2882,#2881,#1344,.T.);
#3591=EDGE_CURVE('',#2883,#2882,#1345,.T.);
#3592=EDGE_CURVE('',#2884,#2883,#1346,.T.);
#3593=EDGE_CURVE('',#2884,#2885,#1347,.T.);
#3594=EDGE_CURVE('',#2886,#2885,#1348,.T.);
#3595=EDGE_CURVE('',#2886,#2887,#1349,.T.);
#3596=EDGE_CURVE('',#2880,#2887,#1350,.T.);
#3597=EDGE_CURVE('',#2888,#2795,#1351,.T.);
#3598=EDGE_CURVE('',#2796,#2889,#1352,.T.);
#3599=EDGE_CURVE('',#2890,#2889,#1353,.T.);
#3600=EDGE_CURVE('',#2891,#2890,#1354,.T.);
#3601=EDGE_CURVE('',#2892,#2891,#1355,.T.);
#3602=EDGE_CURVE('',#2892,#2893,#1356,.T.);
#3603=EDGE_CURVE('',#2894,#2893,#1357,.T.);
#3604=EDGE_CURVE('',#2894,#2895,#1358,.T.);
#3605=EDGE_CURVE('',#2888,#2895,#1359,.T.);
#3606=EDGE_CURVE('',#2896,#2801,#1360,.T.);
#3607=EDGE_CURVE('',#2802,#2897,#1361,.T.);
#3608=EDGE_CURVE('',#2898,#2897,#1362,.T.);
#3609=EDGE_CURVE('',#2899,#2898,#1363,.T.);
#3610=EDGE_CURVE('',#2900,#2899,#1364,.T.);
#3611=EDGE_CURVE('',#2900,#2901,#1365,.T.);
#3612=EDGE_CURVE('',#2902,#2901,#1366,.T.);
#3613=EDGE_CURVE('',#2902,#2903,#1367,.T.);
#3614=EDGE_CURVE('',#2896,#2903,#1368,.T.);
#3615=EDGE_CURVE('',#2904,#2807,#1369,.T.);
#3616=EDGE_CURVE('',#2808,#2905,#1370,.T.);
#3617=EDGE_CURVE('',#2906,#2905,#1371,.T.);
#3618=EDGE_CURVE('',#2907,#2906,#1372,.T.);
#3619=EDGE_CURVE('',#2908,#2907,#1373,.T.);
#3620=EDGE_CURVE('',#2908,#2909,#1374,.T.);
#3621=EDGE_CURVE('',#2910,#2909,#1375,.T.);
#3622=EDGE_CURVE('',#2910,#2911,#1376,.T.);
#3623=EDGE_CURVE('',#2904,#2911,#1377,.T.);
#3624=EDGE_CURVE('',#2912,#2813,#1378,.T.);
#3625=EDGE_CURVE('',#2814,#2913,#1379,.T.);
#3626=EDGE_CURVE('',#2914,#2913,#1380,.T.);
#3627=EDGE_CURVE('',#2915,#2914,#1381,.T.);
#3628=EDGE_CURVE('',#2916,#2915,#1382,.T.);
#3629=EDGE_CURVE('',#2916,#2917,#1383,.T.);
#3630=EDGE_CURVE('',#2918,#2917,#1384,.T.);
#3631=EDGE_CURVE('',#2918,#2919,#1385,.T.);
#3632=EDGE_CURVE('',#2912,#2919,#1386,.T.);
#3633=EDGE_CURVE('',#2920,#2819,#1387,.T.);
#3634=EDGE_CURVE('',#2820,#2921,#1388,.T.);
#3635=EDGE_CURVE('',#2922,#2921,#1389,.T.);
#3636=EDGE_CURVE('',#2923,#2922,#1390,.T.);
#3637=EDGE_CURVE('',#2924,#2923,#1391,.T.);
#3638=EDGE_CURVE('',#2924,#2925,#1392,.T.);
#3639=EDGE_CURVE('',#2926,#2925,#1393,.T.);
#3640=EDGE_CURVE('',#2926,#2927,#1394,.T.);
#3641=EDGE_CURVE('',#2920,#2927,#1395,.T.);
#3642=EDGE_CURVE('',#2928,#2825,#1396,.T.);
#3643=EDGE_CURVE('',#2826,#2929,#1397,.T.);
#3644=EDGE_CURVE('',#2930,#2929,#1398,.T.);
#3645=EDGE_CURVE('',#2931,#2930,#1399,.T.);
#3646=EDGE_CURVE('',#2932,#2931,#1400,.T.);
#3647=EDGE_CURVE('',#2932,#2933,#1401,.T.);
#3648=EDGE_CURVE('',#2934,#2933,#1402,.T.);
#3649=EDGE_CURVE('',#2934,#2935,#1403,.T.);
#3650=EDGE_CURVE('',#2928,#2935,#1404,.T.);
#3651=EDGE_CURVE('',#2936,#2831,#1405,.T.);
#3652=EDGE_CURVE('',#2832,#2937,#1406,.T.);
#3653=EDGE_CURVE('',#2938,#2937,#1407,.T.);
#3654=EDGE_CURVE('',#2939,#2938,#1408,.T.);
#3655=EDGE_CURVE('',#2940,#2939,#1409,.T.);
#3656=EDGE_CURVE('',#2940,#2941,#1410,.T.);
#3657=EDGE_CURVE('',#2942,#2941,#1411,.T.);
#3658=EDGE_CURVE('',#2942,#2943,#1412,.T.);
#3659=EDGE_CURVE('',#2936,#2943,#1413,.T.);
#3660=EDGE_CURVE('',#2944,#2837,#1414,.T.);
#3661=EDGE_CURVE('',#2838,#2945,#1415,.T.);
#3662=EDGE_CURVE('',#2946,#2945,#1416,.T.);
#3663=EDGE_CURVE('',#2947,#2946,#1417,.T.);
#3664=EDGE_CURVE('',#2948,#2947,#1418,.T.);
#3665=EDGE_CURVE('',#2948,#2949,#1419,.T.);
#3666=EDGE_CURVE('',#2950,#2949,#1420,.T.);
#3667=EDGE_CURVE('',#2950,#2951,#1421,.T.);
#3668=EDGE_CURVE('',#2944,#2951,#1422,.T.);
#3669=EDGE_CURVE('',#2952,#2843,#1423,.T.);
#3670=EDGE_CURVE('',#2844,#2953,#1424,.T.);
#3671=EDGE_CURVE('',#2954,#2953,#1425,.T.);
#3672=EDGE_CURVE('',#2955,#2954,#1426,.T.);
#3673=EDGE_CURVE('',#2956,#2955,#1427,.T.);
#3674=EDGE_CURVE('',#2956,#2957,#1428,.T.);
#3675=EDGE_CURVE('',#2958,#2957,#1429,.T.);
#3676=EDGE_CURVE('',#2958,#2959,#1430,.T.);
#3677=EDGE_CURVE('',#2952,#2959,#1431,.T.);
#3678=EDGE_CURVE('',#2960,#2849,#1432,.T.);
#3679=EDGE_CURVE('',#2850,#2961,#1433,.T.);
#3680=EDGE_CURVE('',#2962,#2961,#1434,.T.);
#3681=EDGE_CURVE('',#2963,#2962,#1435,.T.);
#3682=EDGE_CURVE('',#2964,#2963,#1436,.T.);
#3683=EDGE_CURVE('',#2964,#2965,#1437,.T.);
#3684=EDGE_CURVE('',#2966,#2965,#1438,.T.);
#3685=EDGE_CURVE('',#2966,#2967,#1439,.T.);
#3686=EDGE_CURVE('',#2960,#2967,#1440,.T.);
#3687=EDGE_CURVE('',#2968,#2855,#1441,.T.);
#3688=EDGE_CURVE('',#2856,#2969,#1442,.T.);
#3689=EDGE_CURVE('',#2970,#2969,#1443,.T.);
#3690=EDGE_CURVE('',#2971,#2970,#1444,.T.);
#3691=EDGE_CURVE('',#2972,#2971,#1445,.T.);
#3692=EDGE_CURVE('',#2972,#2973,#1446,.T.);
#3693=EDGE_CURVE('',#2974,#2973,#1447,.T.);
#3694=EDGE_CURVE('',#2974,#2975,#1448,.T.);
#3695=EDGE_CURVE('',#2968,#2975,#1449,.T.);
#3696=EDGE_CURVE('',#2976,#2861,#1450,.T.);
#3697=EDGE_CURVE('',#2862,#2977,#1451,.T.);
#3698=EDGE_CURVE('',#2978,#2977,#1452,.T.);
#3699=EDGE_CURVE('',#2978,#2979,#1453,.T.);
#3700=EDGE_CURVE('',#2980,#2979,#1454,.T.);
#3701=EDGE_CURVE('',#2981,#2980,#1455,.T.);
#3702=EDGE_CURVE('',#2982,#2981,#1456,.T.);
#3703=EDGE_CURVE('',#2982,#2983,#1457,.T.);
#3704=EDGE_CURVE('',#2976,#2983,#1458,.T.);
#3705=EDGE_CURVE('',#2984,#2985,#1459,.T.);
#3706=EDGE_CURVE('',#2986,#2984,#1460,.T.);
#3707=EDGE_CURVE('',#2985,#2986,#1461,.T.);
#3708=EDGE_CURVE('',#2987,#2988,#1462,.T.);
#3709=EDGE_CURVE('',#2989,#2987,#1463,.T.);
#3710=EDGE_CURVE('',#2988,#2989,#1464,.T.);
#3711=EDGE_CURVE('',#2990,#2987,#1465,.T.);
#3712=EDGE_CURVE('',#2988,#2991,#1466,.T.);
#3713=EDGE_CURVE('',#2992,#2991,#1467,.T.);
#3714=EDGE_CURVE('',#2993,#2992,#1468,.T.);
#3715=EDGE_CURVE('',#2994,#2993,#1469,.T.);
#3716=EDGE_CURVE('',#2994,#2995,#1470,.T.);
#3717=EDGE_CURVE('',#2996,#2995,#1471,.T.);
#3718=EDGE_CURVE('',#2996,#2997,#1472,.T.);
#3719=EDGE_CURVE('',#2990,#2997,#1473,.T.);
#3720=EDGE_CURVE('',#2998,#2999,#1474,.T.);
#3721=EDGE_CURVE('',#2999,#2868,#1475,.T.);
#3722=EDGE_CURVE('',#2867,#2998,#1476,.T.);
#3723=EDGE_CURVE('',#2999,#3000,#1477,.T.);
#3724=EDGE_CURVE('',#2869,#3000,#1478,.T.);
#3725=EDGE_CURVE('',#2998,#3001,#1479,.T.);
#3726=EDGE_CURVE('',#3002,#3001,#1480,.T.);
#3727=EDGE_CURVE('',#3002,#3003,#1481,.T.);
#3728=EDGE_CURVE('',#3000,#3003,#1482,.T.);
#3729=EDGE_CURVE('',#3004,#3005,#1483,.T.);
#3730=EDGE_CURVE('',#3005,#3006,#1484,.T.);
#3731=EDGE_CURVE('',#3006,#3007,#1485,.T.);
#3732=EDGE_CURVE('',#3007,#3004,#1486,.T.);
#3733=EDGE_CURVE('',#3007,#3008,#1487,.T.);
#3734=EDGE_CURVE('',#3009,#3008,#1488,.T.);
#3735=EDGE_CURVE('',#3004,#3009,#1489,.T.);
#3736=EDGE_CURVE('',#2775,#3010,#1490,.T.);
#3737=EDGE_CURVE('',#3011,#3010,#1491,.T.);
#3738=EDGE_CURVE('',#3011,#3012,#1492,.T.);
#3739=EDGE_CURVE('',#3008,#3012,#1493,.T.);
#3740=EDGE_CURVE('',#3006,#3013,#1494,.T.);
#3741=EDGE_CURVE('',#3014,#3013,#1495,.T.);
#3742=EDGE_CURVE('',#3014,#2774,#1496,.T.);
#3743=EDGE_CURVE('',#2875,#3015,#1497,.T.);
#3744=EDGE_CURVE('',#3015,#3016,#1498,.T.);
#3745=EDGE_CURVE('',#3016,#2876,#1499,.T.);
#3746=EDGE_CURVE('',#3016,#3017,#1500,.T.);
#3747=EDGE_CURVE('',#2877,#3017,#1501,.T.);
#3748=EDGE_CURVE('',#3015,#3018,#1502,.T.);
#3749=EDGE_CURVE('',#3019,#3018,#1503,.T.);
#3750=EDGE_CURVE('',#3019,#3020,#1504,.T.);
#3751=EDGE_CURVE('',#3017,#3020,#1505,.T.);
#3752=EDGE_CURVE('',#3021,#3022,#1506,.T.);
#3753=EDGE_CURVE('',#3022,#3023,#1507,.T.);
#3754=EDGE_CURVE('',#3023,#3024,#1508,.T.);
#3755=EDGE_CURVE('',#3024,#3021,#1509,.T.);
#3756=EDGE_CURVE('',#3024,#3025,#1510,.T.);
#3757=EDGE_CURVE('',#3026,#3025,#1511,.T.);
#3758=EDGE_CURVE('',#3021,#3026,#1512,.T.);
#3759=EDGE_CURVE('',#2781,#3027,#1513,.T.);
#3760=EDGE_CURVE('',#3028,#3027,#1514,.T.);
#3761=EDGE_CURVE('',#3028,#3029,#1515,.T.);
#3762=EDGE_CURVE('',#3025,#3029,#1516,.T.);
#3763=EDGE_CURVE('',#3023,#3030,#1517,.T.);
#3764=EDGE_CURVE('',#3031,#3030,#1518,.T.);
#3765=EDGE_CURVE('',#3031,#2780,#1519,.T.);
#3766=EDGE_CURVE('',#2883,#3032,#1520,.T.);
#3767=EDGE_CURVE('',#3032,#3033,#1521,.T.);
#3768=EDGE_CURVE('',#3033,#2884,#1522,.T.);
#3769=EDGE_CURVE('',#3033,#3034,#1523,.T.);
#3770=EDGE_CURVE('',#2885,#3034,#1524,.T.);
#3771=EDGE_CURVE('',#3032,#3035,#1525,.T.);
#3772=EDGE_CURVE('',#3036,#3035,#1526,.T.);
#3773=EDGE_CURVE('',#3036,#3037,#1527,.T.);
#3774=EDGE_CURVE('',#3034,#3037,#1528,.T.);
#3775=EDGE_CURVE('',#3038,#3039,#1529,.T.);
#3776=EDGE_CURVE('',#3039,#3040,#1530,.T.);
#3777=EDGE_CURVE('',#3040,#3041,#1531,.T.);
#3778=EDGE_CURVE('',#3041,#3038,#1532,.T.);
#3779=EDGE_CURVE('',#3041,#3042,#1533,.T.);
#3780=EDGE_CURVE('',#3043,#3042,#1534,.T.);
#3781=EDGE_CURVE('',#3038,#3043,#1535,.T.);
#3782=EDGE_CURVE('',#2787,#3044,#1536,.T.);
#3783=EDGE_CURVE('',#3045,#3044,#1537,.T.);
#3784=EDGE_CURVE('',#3045,#3046,#1538,.T.);
#3785=EDGE_CURVE('',#3042,#3046,#1539,.T.);
#3786=EDGE_CURVE('',#3040,#3047,#1540,.T.);
#3787=EDGE_CURVE('',#3048,#3047,#1541,.T.);
#3788=EDGE_CURVE('',#3048,#2786,#1542,.T.);
#3789=EDGE_CURVE('',#2891,#3049,#1543,.T.);
#3790=EDGE_CURVE('',#3049,#3050,#1544,.T.);
#3791=EDGE_CURVE('',#3050,#2892,#1545,.T.);
#3792=EDGE_CURVE('',#3050,#3051,#1546,.T.);
#3793=EDGE_CURVE('',#2893,#3051,#1547,.T.);
#3794=EDGE_CURVE('',#3049,#3052,#1548,.T.);
#3795=EDGE_CURVE('',#3053,#3052,#1549,.T.);
#3796=EDGE_CURVE('',#3053,#3054,#1550,.T.);
#3797=EDGE_CURVE('',#3051,#3054,#1551,.T.);
#3798=EDGE_CURVE('',#3055,#3056,#1552,.T.);
#3799=EDGE_CURVE('',#3056,#3057,#1553,.T.);
#3800=EDGE_CURVE('',#3057,#3058,#1554,.T.);
#3801=EDGE_CURVE('',#3058,#3055,#1555,.T.);
#3802=EDGE_CURVE('',#3058,#3059,#1556,.T.);
#3803=EDGE_CURVE('',#3060,#3059,#1557,.T.);
#3804=EDGE_CURVE('',#3055,#3060,#1558,.T.);
#3805=EDGE_CURVE('',#2793,#3061,#1559,.T.);
#3806=EDGE_CURVE('',#3062,#3061,#1560,.T.);
#3807=EDGE_CURVE('',#3062,#3063,#1561,.T.);
#3808=EDGE_CURVE('',#3059,#3063,#1562,.T.);
#3809=EDGE_CURVE('',#3057,#3064,#1563,.T.);
#3810=EDGE_CURVE('',#3065,#3064,#1564,.T.);
#3811=EDGE_CURVE('',#3065,#2792,#1565,.T.);
#3812=EDGE_CURVE('',#2899,#3066,#1566,.T.);
#3813=EDGE_CURVE('',#3066,#3067,#1567,.T.);
#3814=EDGE_CURVE('',#3067,#2900,#1568,.T.);
#3815=EDGE_CURVE('',#3067,#3068,#1569,.T.);
#3816=EDGE_CURVE('',#2901,#3068,#1570,.T.);
#3817=EDGE_CURVE('',#3066,#3069,#1571,.T.);
#3818=EDGE_CURVE('',#3070,#3069,#1572,.T.);
#3819=EDGE_CURVE('',#3070,#3071,#1573,.T.);
#3820=EDGE_CURVE('',#3068,#3071,#1574,.T.);
#3821=EDGE_CURVE('',#3072,#3073,#1575,.T.);
#3822=EDGE_CURVE('',#3073,#3074,#1576,.T.);
#3823=EDGE_CURVE('',#3074,#3075,#1577,.T.);
#3824=EDGE_CURVE('',#3075,#3072,#1578,.T.);
#3825=EDGE_CURVE('',#3075,#3076,#1579,.T.);
#3826=EDGE_CURVE('',#3077,#3076,#1580,.T.);
#3827=EDGE_CURVE('',#3072,#3077,#1581,.T.);
#3828=EDGE_CURVE('',#2799,#3078,#1582,.T.);
#3829=EDGE_CURVE('',#3079,#3078,#1583,.T.);
#3830=EDGE_CURVE('',#3079,#3080,#1584,.T.);
#3831=EDGE_CURVE('',#3076,#3080,#1585,.T.);
#3832=EDGE_CURVE('',#3074,#3081,#1586,.T.);
#3833=EDGE_CURVE('',#3082,#3081,#1587,.T.);
#3834=EDGE_CURVE('',#3082,#2798,#1588,.T.);
#3835=EDGE_CURVE('',#2907,#3083,#1589,.T.);
#3836=EDGE_CURVE('',#3083,#3084,#1590,.T.);
#3837=EDGE_CURVE('',#3084,#2908,#1591,.T.);
#3838=EDGE_CURVE('',#3084,#3085,#1592,.T.);
#3839=EDGE_CURVE('',#2909,#3085,#1593,.T.);
#3840=EDGE_CURVE('',#3083,#3086,#1594,.T.);
#3841=EDGE_CURVE('',#3087,#3086,#1595,.T.);
#3842=EDGE_CURVE('',#3087,#3088,#1596,.T.);
#3843=EDGE_CURVE('',#3085,#3088,#1597,.T.);
#3844=EDGE_CURVE('',#3089,#3090,#1598,.T.);
#3845=EDGE_CURVE('',#3090,#3091,#1599,.T.);
#3846=EDGE_CURVE('',#3091,#3092,#1600,.T.);
#3847=EDGE_CURVE('',#3092,#3089,#1601,.T.);
#3848=EDGE_CURVE('',#3092,#3093,#1602,.T.);
#3849=EDGE_CURVE('',#3094,#3093,#1603,.T.);
#3850=EDGE_CURVE('',#3089,#3094,#1604,.T.);
#3851=EDGE_CURVE('',#2805,#3095,#1605,.T.);
#3852=EDGE_CURVE('',#3096,#3095,#1606,.T.);
#3853=EDGE_CURVE('',#3096,#3097,#1607,.T.);
#3854=EDGE_CURVE('',#3093,#3097,#1608,.T.);
#3855=EDGE_CURVE('',#3091,#3098,#1609,.T.);
#3856=EDGE_CURVE('',#3099,#3098,#1610,.T.);
#3857=EDGE_CURVE('',#3099,#2804,#1611,.T.);
#3858=EDGE_CURVE('',#2915,#3100,#1612,.T.);
#3859=EDGE_CURVE('',#3100,#3101,#1613,.T.);
#3860=EDGE_CURVE('',#3101,#2916,#1614,.T.);
#3861=EDGE_CURVE('',#3101,#3102,#1615,.T.);
#3862=EDGE_CURVE('',#2917,#3102,#1616,.T.);
#3863=EDGE_CURVE('',#3100,#3103,#1617,.T.);
#3864=EDGE_CURVE('',#3104,#3103,#1618,.T.);
#3865=EDGE_CURVE('',#3104,#3105,#1619,.T.);
#3866=EDGE_CURVE('',#3102,#3105,#1620,.T.);
#3867=EDGE_CURVE('',#3106,#3107,#1621,.T.);
#3868=EDGE_CURVE('',#3107,#3108,#1622,.T.);
#3869=EDGE_CURVE('',#3108,#3109,#1623,.T.);
#3870=EDGE_CURVE('',#3109,#3106,#1624,.T.);
#3871=EDGE_CURVE('',#3109,#3110,#1625,.T.);
#3872=EDGE_CURVE('',#3111,#3110,#1626,.T.);
#3873=EDGE_CURVE('',#3106,#3111,#1627,.T.);
#3874=EDGE_CURVE('',#2811,#3112,#1628,.T.);
#3875=EDGE_CURVE('',#3113,#3112,#1629,.T.);
#3876=EDGE_CURVE('',#3113,#3114,#1630,.T.);
#3877=EDGE_CURVE('',#3110,#3114,#1631,.T.);
#3878=EDGE_CURVE('',#3108,#3115,#1632,.T.);
#3879=EDGE_CURVE('',#3116,#3115,#1633,.T.);
#3880=EDGE_CURVE('',#3116,#2810,#1634,.T.);
#3881=EDGE_CURVE('',#2923,#3117,#1635,.T.);
#3882=EDGE_CURVE('',#3117,#3118,#1636,.T.);
#3883=EDGE_CURVE('',#3118,#2924,#1637,.T.);
#3884=EDGE_CURVE('',#3118,#3119,#1638,.T.);
#3885=EDGE_CURVE('',#2925,#3119,#1639,.T.);
#3886=EDGE_CURVE('',#3117,#3120,#1640,.T.);
#3887=EDGE_CURVE('',#3121,#3120,#1641,.T.);
#3888=EDGE_CURVE('',#3121,#3122,#1642,.T.);
#3889=EDGE_CURVE('',#3119,#3122,#1643,.T.);
#3890=EDGE_CURVE('',#3123,#3124,#1644,.T.);
#3891=EDGE_CURVE('',#3124,#3125,#1645,.T.);
#3892=EDGE_CURVE('',#3125,#3126,#1646,.T.);
#3893=EDGE_CURVE('',#3126,#3123,#1647,.T.);
#3894=EDGE_CURVE('',#3126,#3127,#1648,.T.);
#3895=EDGE_CURVE('',#3128,#3127,#1649,.T.);
#3896=EDGE_CURVE('',#3123,#3128,#1650,.T.);
#3897=EDGE_CURVE('',#2817,#3129,#1651,.T.);
#3898=EDGE_CURVE('',#3130,#3129,#1652,.T.);
#3899=EDGE_CURVE('',#3130,#3131,#1653,.T.);
#3900=EDGE_CURVE('',#3127,#3131,#1654,.T.);
#3901=EDGE_CURVE('',#3125,#3132,#1655,.T.);
#3902=EDGE_CURVE('',#3133,#3132,#1656,.T.);
#3903=EDGE_CURVE('',#3133,#2816,#1657,.T.);
#3904=EDGE_CURVE('',#2931,#3134,#1658,.T.);
#3905=EDGE_CURVE('',#3134,#3135,#1659,.T.);
#3906=EDGE_CURVE('',#3135,#2932,#1660,.T.);
#3907=EDGE_CURVE('',#3135,#3136,#1661,.T.);
#3908=EDGE_CURVE('',#2933,#3136,#1662,.T.);
#3909=EDGE_CURVE('',#3134,#3137,#1663,.T.);
#3910=EDGE_CURVE('',#3138,#3137,#1664,.T.);
#3911=EDGE_CURVE('',#3138,#3139,#1665,.T.);
#3912=EDGE_CURVE('',#3136,#3139,#1666,.T.);
#3913=EDGE_CURVE('',#3140,#3141,#1667,.T.);
#3914=EDGE_CURVE('',#3141,#3142,#1668,.T.);
#3915=EDGE_CURVE('',#3142,#3143,#1669,.T.);
#3916=EDGE_CURVE('',#3143,#3140,#1670,.T.);
#3917=EDGE_CURVE('',#3143,#3144,#1671,.T.);
#3918=EDGE_CURVE('',#3145,#3144,#1672,.T.);
#3919=EDGE_CURVE('',#3140,#3145,#1673,.T.);
#3920=EDGE_CURVE('',#2823,#3146,#1674,.T.);
#3921=EDGE_CURVE('',#3147,#3146,#1675,.T.);
#3922=EDGE_CURVE('',#3147,#3148,#1676,.T.);
#3923=EDGE_CURVE('',#3144,#3148,#1677,.T.);
#3924=EDGE_CURVE('',#3142,#3149,#1678,.T.);
#3925=EDGE_CURVE('',#3150,#3149,#1679,.T.);
#3926=EDGE_CURVE('',#3150,#2822,#1680,.T.);
#3927=EDGE_CURVE('',#2939,#3151,#1681,.T.);
#3928=EDGE_CURVE('',#3151,#3152,#1682,.T.);
#3929=EDGE_CURVE('',#3152,#2940,#1683,.T.);
#3930=EDGE_CURVE('',#3152,#3153,#1684,.T.);
#3931=EDGE_CURVE('',#2941,#3153,#1685,.T.);
#3932=EDGE_CURVE('',#3151,#3154,#1686,.T.);
#3933=EDGE_CURVE('',#3155,#3154,#1687,.T.);
#3934=EDGE_CURVE('',#3155,#3156,#1688,.T.);
#3935=EDGE_CURVE('',#3153,#3156,#1689,.T.);
#3936=EDGE_CURVE('',#3157,#3158,#1690,.T.);
#3937=EDGE_CURVE('',#3158,#3159,#1691,.T.);
#3938=EDGE_CURVE('',#3159,#3160,#1692,.T.);
#3939=EDGE_CURVE('',#3160,#3157,#1693,.T.);
#3940=EDGE_CURVE('',#3160,#3161,#1694,.T.);
#3941=EDGE_CURVE('',#3162,#3161,#1695,.T.);
#3942=EDGE_CURVE('',#3157,#3162,#1696,.T.);
#3943=EDGE_CURVE('',#2829,#3163,#1697,.T.);
#3944=EDGE_CURVE('',#3164,#3163,#1698,.T.);
#3945=EDGE_CURVE('',#3164,#3165,#1699,.T.);
#3946=EDGE_CURVE('',#3161,#3165,#1700,.T.);
#3947=EDGE_CURVE('',#3159,#3166,#1701,.T.);
#3948=EDGE_CURVE('',#3167,#3166,#1702,.T.);
#3949=EDGE_CURVE('',#3167,#2828,#1703,.T.);
#3950=EDGE_CURVE('',#2947,#3168,#1704,.T.);
#3951=EDGE_CURVE('',#3168,#3169,#1705,.T.);
#3952=EDGE_CURVE('',#3169,#2948,#1706,.T.);
#3953=EDGE_CURVE('',#3169,#3170,#1707,.T.);
#3954=EDGE_CURVE('',#2949,#3170,#1708,.T.);
#3955=EDGE_CURVE('',#3168,#3171,#1709,.T.);
#3956=EDGE_CURVE('',#3172,#3171,#1710,.T.);
#3957=EDGE_CURVE('',#3172,#3173,#1711,.T.);
#3958=EDGE_CURVE('',#3170,#3173,#1712,.T.);
#3959=EDGE_CURVE('',#3174,#3175,#1713,.T.);
#3960=EDGE_CURVE('',#3175,#3176,#1714,.T.);
#3961=EDGE_CURVE('',#3176,#3177,#1715,.T.);
#3962=EDGE_CURVE('',#3177,#3174,#1716,.T.);
#3963=EDGE_CURVE('',#3177,#3178,#1717,.T.);
#3964=EDGE_CURVE('',#3179,#3178,#1718,.T.);
#3965=EDGE_CURVE('',#3174,#3179,#1719,.T.);
#3966=EDGE_CURVE('',#2835,#3180,#1720,.T.);
#3967=EDGE_CURVE('',#3181,#3180,#1721,.T.);
#3968=EDGE_CURVE('',#3181,#3182,#1722,.T.);
#3969=EDGE_CURVE('',#3178,#3182,#1723,.T.);
#3970=EDGE_CURVE('',#3176,#3183,#1724,.T.);
#3971=EDGE_CURVE('',#3184,#3183,#1725,.T.);
#3972=EDGE_CURVE('',#3184,#2834,#1726,.T.);
#3973=EDGE_CURVE('',#2955,#3185,#1727,.T.);
#3974=EDGE_CURVE('',#3185,#3186,#1728,.T.);
#3975=EDGE_CURVE('',#3186,#2956,#1729,.T.);
#3976=EDGE_CURVE('',#3186,#3187,#1730,.T.);
#3977=EDGE_CURVE('',#2957,#3187,#1731,.T.);
#3978=EDGE_CURVE('',#3185,#3188,#1732,.T.);
#3979=EDGE_CURVE('',#3189,#3188,#1733,.T.);
#3980=EDGE_CURVE('',#3189,#3190,#1734,.T.);
#3981=EDGE_CURVE('',#3187,#3190,#1735,.T.);
#3982=EDGE_CURVE('',#3191,#3192,#1736,.T.);
#3983=EDGE_CURVE('',#3192,#3193,#1737,.T.);
#3984=EDGE_CURVE('',#3193,#3194,#1738,.T.);
#3985=EDGE_CURVE('',#3194,#3191,#1739,.T.);
#3986=EDGE_CURVE('',#3194,#3195,#1740,.T.);
#3987=EDGE_CURVE('',#3196,#3195,#1741,.T.);
#3988=EDGE_CURVE('',#3191,#3196,#1742,.T.);
#3989=EDGE_CURVE('',#2841,#3197,#1743,.T.);
#3990=EDGE_CURVE('',#3198,#3197,#1744,.T.);
#3991=EDGE_CURVE('',#3198,#3199,#1745,.T.);
#3992=EDGE_CURVE('',#3195,#3199,#1746,.T.);
#3993=EDGE_CURVE('',#3193,#3200,#1747,.T.);
#3994=EDGE_CURVE('',#3201,#3200,#1748,.T.);
#3995=EDGE_CURVE('',#3201,#2840,#1749,.T.);
#3996=EDGE_CURVE('',#2963,#3202,#1750,.T.);
#3997=EDGE_CURVE('',#3202,#3203,#1751,.T.);
#3998=EDGE_CURVE('',#3203,#2964,#1752,.T.);
#3999=EDGE_CURVE('',#3203,#3204,#1753,.T.);
#4000=EDGE_CURVE('',#2965,#3204,#1754,.T.);
#4001=EDGE_CURVE('',#3202,#3205,#1755,.T.);
#4002=EDGE_CURVE('',#3206,#3205,#1756,.T.);
#4003=EDGE_CURVE('',#3206,#3207,#1757,.T.);
#4004=EDGE_CURVE('',#3204,#3207,#1758,.T.);
#4005=EDGE_CURVE('',#3208,#3209,#1759,.T.);
#4006=EDGE_CURVE('',#3209,#3210,#1760,.T.);
#4007=EDGE_CURVE('',#3210,#3211,#1761,.T.);
#4008=EDGE_CURVE('',#3211,#3208,#1762,.T.);
#4009=EDGE_CURVE('',#3211,#3212,#1763,.T.);
#4010=EDGE_CURVE('',#3213,#3212,#1764,.T.);
#4011=EDGE_CURVE('',#3208,#3213,#1765,.T.);
#4012=EDGE_CURVE('',#2847,#3214,#1766,.T.);
#4013=EDGE_CURVE('',#3215,#3214,#1767,.T.);
#4014=EDGE_CURVE('',#3215,#3216,#1768,.T.);
#4015=EDGE_CURVE('',#3212,#3216,#1769,.T.);
#4016=EDGE_CURVE('',#3210,#3217,#1770,.T.);
#4017=EDGE_CURVE('',#3218,#3217,#1771,.T.);
#4018=EDGE_CURVE('',#3218,#2846,#1772,.T.);
#4019=EDGE_CURVE('',#2971,#3219,#1773,.T.);
#4020=EDGE_CURVE('',#3219,#3220,#1774,.T.);
#4021=EDGE_CURVE('',#3220,#2972,#1775,.T.);
#4022=EDGE_CURVE('',#3220,#3221,#1776,.T.);
#4023=EDGE_CURVE('',#2973,#3221,#1777,.T.);
#4024=EDGE_CURVE('',#3219,#3222,#1778,.T.);
#4025=EDGE_CURVE('',#3223,#3222,#1779,.T.);
#4026=EDGE_CURVE('',#3223,#3224,#1780,.T.);
#4027=EDGE_CURVE('',#3221,#3224,#1781,.T.);
#4028=EDGE_CURVE('',#3225,#3226,#1782,.T.);
#4029=EDGE_CURVE('',#3226,#3227,#1783,.T.);
#4030=EDGE_CURVE('',#3227,#3228,#1784,.T.);
#4031=EDGE_CURVE('',#3228,#3225,#1785,.T.);
#4032=EDGE_CURVE('',#3228,#3229,#1786,.T.);
#4033=EDGE_CURVE('',#3230,#3229,#1787,.T.);
#4034=EDGE_CURVE('',#3225,#3230,#1788,.T.);
#4035=EDGE_CURVE('',#2853,#3231,#1789,.T.);
#4036=EDGE_CURVE('',#3232,#3231,#1790,.T.);
#4037=EDGE_CURVE('',#3232,#3233,#1791,.T.);
#4038=EDGE_CURVE('',#3229,#3233,#1792,.T.);
#4039=EDGE_CURVE('',#3227,#3234,#1793,.T.);
#4040=EDGE_CURVE('',#3235,#3234,#1794,.T.);
#4041=EDGE_CURVE('',#3235,#2852,#1795,.T.);
#4042=EDGE_CURVE('',#3236,#3237,#1796,.T.);
#4043=EDGE_CURVE('',#3237,#3238,#1797,.T.);
#4044=EDGE_CURVE('',#3238,#3239,#1798,.T.);
#4045=EDGE_CURVE('',#3239,#3236,#1799,.T.);
#4046=EDGE_CURVE('',#3239,#3240,#1800,.T.);
#4047=EDGE_CURVE('',#3241,#3240,#1801,.T.);
#4048=EDGE_CURVE('',#3236,#3241,#1802,.T.);
#4049=EDGE_CURVE('',#3238,#3242,#1803,.T.);
#4050=EDGE_CURVE('',#3243,#3242,#1804,.T.);
#4051=EDGE_CURVE('',#3243,#3244,#1805,.T.);
#4052=EDGE_CURVE('',#3240,#3244,#1806,.T.);
#4053=EDGE_CURVE('',#3245,#3246,#1807,.T.);
#4054=EDGE_CURVE('',#3246,#2982,#1808,.T.);
#4055=EDGE_CURVE('',#2981,#3245,#1809,.T.);
#4056=EDGE_CURVE('',#3247,#2980,#1810,.T.);
#4057=EDGE_CURVE('',#3245,#3247,#1811,.T.);
#4058=EDGE_CURVE('',#2993,#3248,#1812,.T.);
#4059=EDGE_CURVE('',#3248,#3249,#1813,.T.);
#4060=EDGE_CURVE('',#3249,#2994,#1814,.T.);
#4061=EDGE_CURVE('',#3249,#3250,#1815,.T.);
#4062=EDGE_CURVE('',#2995,#3250,#1816,.T.);
#4063=EDGE_CURVE('',#3248,#3251,#1817,.T.);
#4064=EDGE_CURVE('',#3252,#3251,#1818,.T.);
#4065=EDGE_CURVE('',#3252,#3253,#1819,.T.);
#4066=EDGE_CURVE('',#3250,#3253,#1820,.T.);
#4067=EDGE_CURVE('',#3254,#3255,#1821,.T.);
#4068=EDGE_CURVE('',#3255,#3256,#1822,.T.);
#4069=EDGE_CURVE('',#3256,#3257,#1823,.T.);
#4070=EDGE_CURVE('',#3257,#3254,#1824,.T.);
#4071=EDGE_CURVE('',#3257,#3258,#1825,.T.);
#4072=EDGE_CURVE('',#3259,#3258,#1826,.T.);
#4073=EDGE_CURVE('',#3254,#3259,#1827,.T.);
#4074=EDGE_CURVE('',#2985,#3260,#1828,.T.);
#4075=EDGE_CURVE('',#3261,#3260,#1829,.T.);
#4076=EDGE_CURVE('',#3261,#3262,#1830,.T.);
#4077=EDGE_CURVE('',#3258,#3262,#1831,.T.);
#4078=EDGE_CURVE('',#3256,#3263,#1832,.T.);
#4079=EDGE_CURVE('',#3264,#3263,#1833,.T.);
#4080=EDGE_CURVE('',#3264,#2984,#1834,.T.);
#4081=EDGE_CURVE('',#3207,#2966,#1835,.T.);
#4082=EDGE_CURVE('',#3206,#3265,#409,.T.);
#4083=EDGE_CURVE('',#3266,#3265,#1836,.T.);
#4084=EDGE_CURVE('',#3199,#3266,#1837,.T.);
#4085=EDGE_CURVE('',#3198,#2959,#410,.T.);
#4086=EDGE_CURVE('',#3190,#2958,#1838,.T.);
#4087=EDGE_CURVE('',#3189,#3267,#411,.T.);
#4088=EDGE_CURVE('',#3268,#3267,#1839,.T.);
#4089=EDGE_CURVE('',#3182,#3268,#1840,.T.);
#4090=EDGE_CURVE('',#3181,#2951,#412,.T.);
#4091=EDGE_CURVE('',#3173,#2950,#1841,.T.);
#4092=EDGE_CURVE('',#3172,#3269,#413,.T.);
#4093=EDGE_CURVE('',#3270,#3269,#1842,.T.);
#4094=EDGE_CURVE('',#3165,#3270,#1843,.T.);
#4095=EDGE_CURVE('',#3164,#2943,#414,.T.);
#4096=EDGE_CURVE('',#3156,#2942,#1844,.T.);
#4097=EDGE_CURVE('',#3155,#3271,#415,.T.);
#4098=EDGE_CURVE('',#3272,#3271,#1845,.T.);
#4099=EDGE_CURVE('',#3148,#3272,#1846,.T.);
#4100=EDGE_CURVE('',#3147,#2935,#416,.T.);
#4101=EDGE_CURVE('',#3139,#2934,#1847,.T.);
#4102=EDGE_CURVE('',#3138,#3273,#417,.T.);
#4103=EDGE_CURVE('',#3274,#3273,#1848,.T.);
#4104=EDGE_CURVE('',#3131,#3274,#1849,.T.);
#4105=EDGE_CURVE('',#3130,#2927,#418,.T.);
#4106=EDGE_CURVE('',#3122,#2926,#1850,.T.);
#4107=EDGE_CURVE('',#3121,#3275,#419,.T.);
#4108=EDGE_CURVE('',#3276,#3275,#1851,.T.);
#4109=EDGE_CURVE('',#3114,#3276,#1852,.T.);
#4110=EDGE_CURVE('',#3113,#2919,#420,.T.);
#4111=EDGE_CURVE('',#3105,#2918,#1853,.T.);
#4112=EDGE_CURVE('',#3104,#3277,#421,.T.);
#4113=EDGE_CURVE('',#3278,#3277,#1854,.T.);
#4114=EDGE_CURVE('',#3097,#3278,#1855,.T.);
#4115=EDGE_CURVE('',#3096,#2911,#422,.T.);
#4116=EDGE_CURVE('',#3088,#2910,#1856,.T.);
#4117=EDGE_CURVE('',#3087,#3279,#423,.T.);
#4118=EDGE_CURVE('',#3280,#3279,#1857,.T.);
#4119=EDGE_CURVE('',#3080,#3280,#1858,.T.);
#4120=EDGE_CURVE('',#3079,#2903,#424,.T.);
#4121=EDGE_CURVE('',#3071,#2902,#1859,.T.);
#4122=EDGE_CURVE('',#3070,#3281,#425,.T.);
#4123=EDGE_CURVE('',#3282,#3281,#1860,.T.);
#4124=EDGE_CURVE('',#3063,#3282,#1861,.T.);
#4125=EDGE_CURVE('',#3062,#2895,#426,.T.);
#4126=EDGE_CURVE('',#3054,#2894,#1862,.T.);
#4127=EDGE_CURVE('',#3053,#3283,#427,.T.);
#4128=EDGE_CURVE('',#3284,#3283,#1863,.T.);
#4129=EDGE_CURVE('',#3046,#3284,#1864,.T.);
#4130=EDGE_CURVE('',#3045,#2887,#428,.T.);
#4131=EDGE_CURVE('',#3037,#2886,#1865,.T.);
#4132=EDGE_CURVE('',#3036,#3285,#429,.T.);
#4133=EDGE_CURVE('',#3286,#3285,#1866,.T.);
#4134=EDGE_CURVE('',#3029,#3286,#1867,.T.);
#4135=EDGE_CURVE('',#3028,#2879,#430,.T.);
#4136=EDGE_CURVE('',#3020,#2878,#1868,.T.);
#4137=EDGE_CURVE('',#3019,#3287,#431,.T.);
#4138=EDGE_CURVE('',#3288,#3287,#1869,.T.);
#4139=EDGE_CURVE('',#3012,#3288,#1870,.T.);
#4140=EDGE_CURVE('',#3011,#2871,#432,.T.);
#4141=EDGE_CURVE('',#3003,#2870,#1871,.T.);
#4142=EDGE_CURVE('',#3002,#3289,#433,.T.);
#4143=EDGE_CURVE('',#3290,#3289,#1872,.T.);
#4144=EDGE_CURVE('',#3262,#3290,#1873,.T.);
#4145=EDGE_CURVE('',#3261,#2997,#434,.T.);
#4146=EDGE_CURVE('',#3253,#2996,#1874,.T.);
#4147=EDGE_CURVE('',#3252,#3291,#435,.T.);
#4148=EDGE_CURVE('',#3292,#3291,#1875,.T.);
#4149=EDGE_CURVE('',#2979,#3292,#1876,.T.);
#4150=EDGE_CURVE('',#2978,#3293,#436,.T.);
#4151=EDGE_CURVE('',#3294,#3293,#1877,.T.);
#4152=EDGE_CURVE('',#3244,#3294,#1878,.T.);
#4153=EDGE_CURVE('',#3243,#3295,#437,.T.);
#4154=EDGE_CURVE('',#3296,#3295,#1879,.T.);
#4155=EDGE_CURVE('',#3233,#3296,#1880,.T.);
#4156=EDGE_CURVE('',#3232,#2975,#438,.T.);
#4157=EDGE_CURVE('',#3224,#2974,#1881,.T.);
#4158=EDGE_CURVE('',#3223,#3297,#439,.T.);
#4159=EDGE_CURVE('',#3298,#3297,#1882,.T.);
#4160=EDGE_CURVE('',#3216,#3298,#1883,.T.);
#4161=EDGE_CURVE('',#3215,#2967,#440,.T.);
#4162=EDGE_CURVE('',#3299,#3299,#441,.T.);
#4163=EDGE_CURVE('',#3298,#3213,#1884,.T.);
#4164=EDGE_CURVE('',#3300,#3297,#1885,.T.);
#4165=EDGE_CURVE('',#3209,#3300,#1886,.T.);
#4166=EDGE_CURVE('',#3296,#3230,#1887,.T.);
#4167=EDGE_CURVE('',#3301,#3295,#1888,.T.);
#4168=EDGE_CURVE('',#3226,#3301,#1889,.T.);
#4169=EDGE_CURVE('',#3294,#3241,#1890,.T.);
#4170=EDGE_CURVE('',#2859,#3302,#1891,.T.);
#4171=EDGE_CURVE('',#3303,#3302,#1892,.T.);
#4172=EDGE_CURVE('',#3237,#3303,#1893,.T.);
#4173=EDGE_CURVE('',#3304,#3293,#1894,.T.);
#4174=EDGE_CURVE('',#3304,#2858,#1895,.T.);
#4175=EDGE_CURVE('',#3292,#3247,#1896,.T.);
#4176=EDGE_CURVE('',#3305,#3291,#1897,.T.);
#4177=EDGE_CURVE('',#3246,#3305,#1898,.T.);
#4178=EDGE_CURVE('',#3290,#3259,#1899,.T.);
#4179=EDGE_CURVE('',#3306,#3289,#1900,.T.);
#4180=EDGE_CURVE('',#3255,#3306,#1901,.T.);
#4181=EDGE_CURVE('',#3288,#3009,#1902,.T.);
#4182=EDGE_CURVE('',#3307,#3287,#1903,.T.);
#4183=EDGE_CURVE('',#3005,#3307,#1904,.T.);
#4184=EDGE_CURVE('',#3286,#3026,#1905,.T.);
#4185=EDGE_CURVE('',#3308,#3285,#1906,.T.);
#4186=EDGE_CURVE('',#3022,#3308,#1907,.T.);
#4187=EDGE_CURVE('',#3284,#3043,#1908,.T.);
#4188=EDGE_CURVE('',#3309,#3283,#1909,.T.);
#4189=EDGE_CURVE('',#3039,#3309,#1910,.T.);
#4190=EDGE_CURVE('',#3282,#3060,#1911,.T.);
#4191=EDGE_CURVE('',#3310,#3281,#1912,.T.);
#4192=EDGE_CURVE('',#3056,#3310,#1913,.T.);
#4193=EDGE_CURVE('',#3280,#3077,#1914,.T.);
#4194=EDGE_CURVE('',#3311,#3279,#1915,.T.);
#4195=EDGE_CURVE('',#3073,#3311,#1916,.T.);
#4196=EDGE_CURVE('',#3278,#3094,#1917,.T.);
#4197=EDGE_CURVE('',#3312,#3277,#1918,.T.);
#4198=EDGE_CURVE('',#3090,#3312,#1919,.T.);
#4199=EDGE_CURVE('',#3276,#3111,#1920,.T.);
#4200=EDGE_CURVE('',#3313,#3275,#1921,.T.);
#4201=EDGE_CURVE('',#3107,#3313,#1922,.T.);
#4202=EDGE_CURVE('',#3274,#3128,#1923,.T.);
#4203=EDGE_CURVE('',#3314,#3273,#1924,.T.);
#4204=EDGE_CURVE('',#3124,#3314,#1925,.T.);
#4205=EDGE_CURVE('',#3272,#3145,#1926,.T.);
#4206=EDGE_CURVE('',#3315,#3271,#1927,.T.);
#4207=EDGE_CURVE('',#3141,#3315,#1928,.T.);
#4208=EDGE_CURVE('',#3270,#3162,#1929,.T.);
#4209=EDGE_CURVE('',#3316,#3269,#1930,.T.);
#4210=EDGE_CURVE('',#3158,#3316,#1931,.T.);
#4211=EDGE_CURVE('',#3268,#3179,#1932,.T.);
#4212=EDGE_CURVE('',#3317,#3267,#1933,.T.);
#4213=EDGE_CURVE('',#3175,#3317,#1934,.T.);
#4214=EDGE_CURVE('',#3266,#3196,#1935,.T.);
#4215=EDGE_CURVE('',#3318,#3265,#1936,.T.);
#4216=EDGE_CURVE('',#3192,#3318,#1937,.T.);
#4217=EDGE_CURVE('',#3112,#3319,#279,.T.);
#4218=EDGE_CURVE('',#3319,#2912,#280,.T.);
#4219=EDGE_CURVE('',#2913,#3320,#281,.T.);
#4220=EDGE_CURVE('',#3320,#3116,#282,.T.);
#4221=EDGE_CURVE('',#3115,#2914,#442,.T.);
#4222=EDGE_CURVE('',#3103,#3312,#443,.T.);
#4223=EDGE_CURVE('',#3095,#3321,#283,.T.);
#4224=EDGE_CURVE('',#3321,#2904,#284,.T.);
#4225=EDGE_CURVE('',#2905,#3322,#285,.T.);
#4226=EDGE_CURVE('',#3322,#3099,#286,.T.);
#4227=EDGE_CURVE('',#3098,#2906,#444,.T.);
#4228=EDGE_CURVE('',#3086,#3311,#445,.T.);
#4229=EDGE_CURVE('',#3078,#3323,#287,.T.);
#4230=EDGE_CURVE('',#3323,#2896,#288,.T.);
#4231=EDGE_CURVE('',#2897,#3324,#289,.T.);
#4232=EDGE_CURVE('',#3324,#3082,#290,.T.);
#4233=EDGE_CURVE('',#3081,#2898,#446,.T.);
#4234=EDGE_CURVE('',#3069,#3310,#447,.T.);
#4235=EDGE_CURVE('',#3061,#3325,#291,.T.);
#4236=EDGE_CURVE('',#3325,#2888,#292,.T.);
#4237=EDGE_CURVE('',#2889,#3326,#293,.T.);
#4238=EDGE_CURVE('',#3326,#3065,#294,.T.);
#4239=EDGE_CURVE('',#3064,#2890,#448,.T.);
#4240=EDGE_CURVE('',#3052,#3309,#449,.T.);
#4241=EDGE_CURVE('',#3044,#3327,#295,.T.);
#4242=EDGE_CURVE('',#3327,#2880,#296,.T.);
#4243=EDGE_CURVE('',#2881,#3328,#297,.T.);
#4244=EDGE_CURVE('',#3328,#3048,#298,.T.);
#4245=EDGE_CURVE('',#3047,#2882,#450,.T.);
#4246=EDGE_CURVE('',#3035,#3308,#451,.T.);
#4247=EDGE_CURVE('',#3027,#3329,#299,.T.);
#4248=EDGE_CURVE('',#3329,#2872,#300,.T.);
#4249=EDGE_CURVE('',#2873,#3330,#301,.T.);
#4250=EDGE_CURVE('',#3330,#3031,#302,.T.);
#4251=EDGE_CURVE('',#3030,#2874,#452,.T.);
#4252=EDGE_CURVE('',#3018,#3307,#453,.T.);
#4253=EDGE_CURVE('',#3010,#3331,#303,.T.);
#4254=EDGE_CURVE('',#3331,#2864,#304,.T.);
#4255=EDGE_CURVE('',#2865,#3332,#305,.T.);
#4256=EDGE_CURVE('',#3332,#3014,#306,.T.);
#4257=EDGE_CURVE('',#3013,#2866,#454,.T.);
#4258=EDGE_CURVE('',#3001,#3306,#455,.T.);
#4259=EDGE_CURVE('',#3260,#3333,#307,.T.);
#4260=EDGE_CURVE('',#3333,#2990,#308,.T.);
#4261=EDGE_CURVE('',#2991,#3334,#309,.T.);
#4262=EDGE_CURVE('',#3334,#3264,#310,.T.);
#4263=EDGE_CURVE('',#3263,#2992,#456,.T.);
#4264=EDGE_CURVE('',#3251,#3305,#457,.T.);
#4265=EDGE_CURVE('',#2977,#3335,#311,.T.);
#4266=EDGE_CURVE('',#3335,#3304,#312,.T.);
#4267=EDGE_CURVE('',#3302,#3336,#313,.T.);
#4268=EDGE_CURVE('',#3336,#2976,#314,.T.);
#4269=EDGE_CURVE('',#2983,#3303,#458,.T.);
#4270=EDGE_CURVE('',#3242,#3301,#459,.T.);
#4271=EDGE_CURVE('',#3231,#3337,#315,.T.);
#4272=EDGE_CURVE('',#3337,#2968,#316,.T.);
#4273=EDGE_CURVE('',#2969,#3338,#317,.T.);
#4274=EDGE_CURVE('',#3338,#3235,#318,.T.);
#4275=EDGE_CURVE('',#3234,#2970,#460,.T.);
#4276=EDGE_CURVE('',#3222,#3300,#461,.T.);
#4277=EDGE_CURVE('',#3214,#3339,#319,.T.);
#4278=EDGE_CURVE('',#3339,#2960,#320,.T.);
#4279=EDGE_CURVE('',#2961,#3340,#321,.T.);
#4280=EDGE_CURVE('',#3340,#3218,#322,.T.);
#4281=EDGE_CURVE('',#3217,#2962,#462,.T.);
#4282=EDGE_CURVE('',#3205,#3318,#463,.T.);
#4283=EDGE_CURVE('',#3197,#3341,#323,.T.);
#4284=EDGE_CURVE('',#3341,#2952,#324,.T.);
#4285=EDGE_CURVE('',#2953,#3342,#325,.T.);
#4286=EDGE_CURVE('',#3342,#3201,#326,.T.);
#4287=EDGE_CURVE('',#3200,#2954,#464,.T.);
#4288=EDGE_CURVE('',#3188,#3317,#465,.T.);
#4289=EDGE_CURVE('',#3180,#3343,#327,.T.);
#4290=EDGE_CURVE('',#3343,#2944,#328,.T.);
#4291=EDGE_CURVE('',#2945,#3344,#329,.T.);
#4292=EDGE_CURVE('',#3344,#3184,#330,.T.);
#4293=EDGE_CURVE('',#3183,#2946,#466,.T.);
#4294=EDGE_CURVE('',#3171,#3316,#467,.T.);
#4295=EDGE_CURVE('',#3163,#3345,#331,.T.);
#4296=EDGE_CURVE('',#3345,#2936,#332,.T.);
#4297=EDGE_CURVE('',#2937,#3346,#333,.T.);
#4298=EDGE_CURVE('',#3346,#3167,#334,.T.);
#4299=EDGE_CURVE('',#3166,#2938,#468,.T.);
#4300=EDGE_CURVE('',#3154,#3315,#469,.T.);
#4301=EDGE_CURVE('',#3146,#3347,#335,.T.);
#4302=EDGE_CURVE('',#3347,#2928,#336,.T.);
#4303=EDGE_CURVE('',#3137,#3314,#470,.T.);
#4304=EDGE_CURVE('',#2929,#3348,#337,.T.);
#4305=EDGE_CURVE('',#3348,#3150,#338,.T.);
#4306=EDGE_CURVE('',#3149,#2930,#471,.T.);
#4307=EDGE_CURVE('',#3132,#2922,#472,.T.);
#4308=EDGE_CURVE('',#2921,#3349,#339,.T.);
#4309=EDGE_CURVE('',#3349,#3133,#340,.T.);
#4310=EDGE_CURVE('',#3120,#3313,#473,.T.);
#4311=EDGE_CURVE('',#3129,#3350,#341,.T.);
#4312=EDGE_CURVE('',#3350,#2920,#342,.T.);
#4313=EDGE_CURVE('',#3351,#3352,#23,.T.);
#4314=EDGE_CURVE('',#3352,#3353,#24,.T.);
#4315=EDGE_CURVE('',#3353,#3354,#25,.T.);
#4316=EDGE_CURVE('',#3354,#3351,#26,.T.);
#4317=EDGE_CURVE('',#3352,#3355,#27,.T.);
#4318=EDGE_CURVE('',#3355,#3356,#28,.T.);
#4319=EDGE_CURVE('',#3356,#3353,#29,.T.);
#4320=EDGE_CURVE('',#3355,#3357,#30,.T.);
#4321=EDGE_CURVE('',#3357,#3358,#31,.T.);
#4322=EDGE_CURVE('',#3358,#3356,#32,.T.);
#4323=EDGE_CURVE('',#3354,#3358,#33,.T.);
#4324=EDGE_CURVE('',#3357,#3351,#34,.T.);
#4325=EDGE_CURVE('',#3354,#3320,#1938,.T.);
#4326=EDGE_CURVE('',#3358,#2815,#1939,.T.);
#4327=EDGE_CURVE('',#3353,#2812,#1940,.T.);
#4328=EDGE_CURVE('',#3299,#3359,#1941,.T.);
#4329=EDGE_CURVE('',#3360,#3359,#35,.T.);
#4330=EDGE_CURVE('',#3361,#3360,#36,.T.);
#4331=EDGE_CURVE('',#3361,#3362,#1942,.T.);
#4332=EDGE_CURVE('',#3362,#3362,#474,.T.);
#4333=EDGE_CURVE('',#3363,#3361,#37,.T.);
#4334=EDGE_CURVE('',#3359,#3363,#38,.T.);
#4335=EDGE_CURVE('',#3364,#3365,#39,.T.);
#4336=EDGE_CURVE('',#3366,#3364,#40,.T.);
#4337=EDGE_CURVE('',#3367,#3366,#41,.T.);
#4338=EDGE_CURVE('',#3365,#3367,#42,.T.);
#4339=EDGE_CURVE('',#3368,#3369,#43,.T.);
#4340=EDGE_CURVE('',#3370,#3368,#44,.T.);
#4341=EDGE_CURVE('',#3371,#3370,#45,.T.);
#4342=EDGE_CURVE('',#3369,#3371,#46,.T.);
#4343=EDGE_CURVE('',#3372,#3373,#47,.T.);
#4344=EDGE_CURVE('',#3374,#3372,#48,.T.);
#4345=EDGE_CURVE('',#3375,#3374,#49,.T.);
#4346=EDGE_CURVE('',#3373,#3375,#50,.T.);
#4347=EDGE_CURVE('',#3376,#3377,#51,.T.);
#4348=EDGE_CURVE('',#3378,#3376,#52,.T.);
#4349=EDGE_CURVE('',#3379,#3378,#53,.T.);
#4350=EDGE_CURVE('',#3377,#3379,#54,.T.);
#4351=EDGE_CURVE('',#3380,#3381,#55,.T.);
#4352=EDGE_CURVE('',#3382,#3380,#56,.T.);
#4353=EDGE_CURVE('',#3383,#3382,#57,.T.);
#4354=EDGE_CURVE('',#3381,#3383,#58,.T.);
#4355=EDGE_CURVE('',#3384,#3385,#59,.T.);
#4356=EDGE_CURVE('',#3386,#3384,#60,.T.);
#4357=EDGE_CURVE('',#3387,#3386,#61,.T.);
#4358=EDGE_CURVE('',#3385,#3387,#62,.T.);
#4359=EDGE_CURVE('',#3388,#3389,#63,.T.);
#4360=EDGE_CURVE('',#3390,#3388,#64,.T.);
#4361=EDGE_CURVE('',#3391,#3390,#65,.T.);
#4362=EDGE_CURVE('',#3389,#3391,#66,.T.);
#4363=EDGE_CURVE('',#3392,#3393,#67,.T.);
#4364=EDGE_CURVE('',#3394,#3392,#68,.T.);
#4365=EDGE_CURVE('',#3395,#3394,#69,.T.);
#4366=EDGE_CURVE('',#3393,#3395,#70,.T.);
#4367=EDGE_CURVE('',#3396,#3397,#71,.T.);
#4368=EDGE_CURVE('',#3398,#3396,#72,.T.);
#4369=EDGE_CURVE('',#3399,#3398,#73,.T.);
#4370=EDGE_CURVE('',#3397,#3399,#74,.T.);
#4371=EDGE_CURVE('',#3400,#3401,#75,.T.);
#4372=EDGE_CURVE('',#3402,#3400,#76,.T.);
#4373=EDGE_CURVE('',#3403,#3402,#77,.T.);
#4374=EDGE_CURVE('',#3401,#3403,#78,.T.);
#4375=EDGE_CURVE('',#3404,#3405,#79,.T.);
#4376=EDGE_CURVE('',#3406,#3404,#80,.T.);
#4377=EDGE_CURVE('',#3407,#3406,#81,.T.);
#4378=EDGE_CURVE('',#3405,#3407,#82,.T.);
#4379=EDGE_CURVE('',#3408,#3409,#83,.T.);
#4380=EDGE_CURVE('',#3410,#3408,#84,.T.);
#4381=EDGE_CURVE('',#3411,#3410,#85,.T.);
#4382=EDGE_CURVE('',#3409,#3411,#86,.T.);
#4383=EDGE_CURVE('',#3412,#3413,#87,.T.);
#4384=EDGE_CURVE('',#3414,#3412,#88,.T.);
#4385=EDGE_CURVE('',#3415,#3414,#89,.T.);
#4386=EDGE_CURVE('',#3413,#3415,#90,.T.);
#4387=EDGE_CURVE('',#3416,#3417,#91,.T.);
#4388=EDGE_CURVE('',#3418,#3416,#92,.T.);
#4389=EDGE_CURVE('',#3419,#3418,#93,.T.);
#4390=EDGE_CURVE('',#3417,#3419,#94,.T.);
#4391=EDGE_CURVE('',#3365,#3420,#95,.T.);
#4392=EDGE_CURVE('',#3420,#3421,#96,.T.);
#4393=EDGE_CURVE('',#3364,#3421,#97,.T.);
#4394=EDGE_CURVE('',#3367,#3422,#98,.T.);
#4395=EDGE_CURVE('',#3422,#3420,#99,.T.);
#4396=EDGE_CURVE('',#3421,#3423,#100,.T.);
#4397=EDGE_CURVE('',#3423,#3366,#101,.T.);
#4398=EDGE_CURVE('',#3423,#3422,#102,.T.);
#4399=EDGE_CURVE('',#3421,#2806,#1943,.T.);
#4400=EDGE_CURVE('',#3423,#3322,#1944,.T.);
#4401=EDGE_CURVE('',#3420,#3321,#1945,.T.);
#4402=EDGE_CURVE('',#3417,#3424,#103,.T.);
#4403=EDGE_CURVE('',#3424,#3425,#104,.T.);
#4404=EDGE_CURVE('',#3425,#3416,#105,.T.);
#4405=EDGE_CURVE('',#3419,#3426,#106,.T.);
#4406=EDGE_CURVE('',#3426,#3424,#107,.T.);
#4407=EDGE_CURVE('',#3418,#3427,#108,.T.);
#4408=EDGE_CURVE('',#3427,#3426,#109,.T.);
#4409=EDGE_CURVE('',#3425,#3427,#110,.T.);
#4410=EDGE_CURVE('',#3425,#3324,#1946,.T.);
#4411=EDGE_CURVE('',#3427,#2803,#1947,.T.);
#4412=EDGE_CURVE('',#3424,#2800,#1948,.T.);
#4413=EDGE_CURVE('',#3359,#3428,#111,.T.);
#4414=EDGE_CURVE('',#3428,#3429,#112,.T.);
#4415=EDGE_CURVE('',#3360,#3429,#113,.T.);
#4416=EDGE_CURVE('',#3363,#3430,#114,.T.);
#4417=EDGE_CURVE('',#3430,#3428,#115,.T.);
#4418=EDGE_CURVE('',#3429,#3431,#116,.T.);
#4419=EDGE_CURVE('',#3431,#3361,#117,.T.);
#4420=EDGE_CURVE('',#3431,#3430,#118,.T.);
#4421=EDGE_CURVE('',#3429,#2794,#1949,.T.);
#4422=EDGE_CURVE('',#3431,#3326,#1950,.T.);
#4423=EDGE_CURVE('',#3428,#3325,#1951,.T.);
#4424=EDGE_CURVE('',#3413,#3432,#119,.T.);
#4425=EDGE_CURVE('',#3432,#3433,#120,.T.);
#4426=EDGE_CURVE('',#3412,#3433,#121,.T.);
#4427=EDGE_CURVE('',#3415,#3434,#122,.T.);
#4428=EDGE_CURVE('',#3434,#3432,#123,.T.);
#4429=EDGE_CURVE('',#3433,#3435,#124,.T.);
#4430=EDGE_CURVE('',#3435,#3414,#125,.T.);
#4431=EDGE_CURVE('',#3435,#3434,#126,.T.);
#4432=EDGE_CURVE('',#3433,#2788,#1952,.T.);
#4433=EDGE_CURVE('',#3435,#3328,#1953,.T.);
#4434=EDGE_CURVE('',#3432,#3327,#1954,.T.);
#4435=EDGE_CURVE('',#3369,#3436,#127,.T.);
#4436=EDGE_CURVE('',#3436,#3437,#128,.T.);
#4437=EDGE_CURVE('',#3368,#3437,#129,.T.);
#4438=EDGE_CURVE('',#3371,#3438,#130,.T.);
#4439=EDGE_CURVE('',#3438,#3436,#131,.T.);
#4440=EDGE_CURVE('',#3437,#3439,#132,.T.);
#4441=EDGE_CURVE('',#3439,#3370,#133,.T.);
#4442=EDGE_CURVE('',#3439,#3438,#134,.T.);
#4443=EDGE_CURVE('',#3437,#2782,#1955,.T.);
#4444=EDGE_CURVE('',#3439,#3330,#1956,.T.);
#4445=EDGE_CURVE('',#3436,#3329,#1957,.T.);
#4446=EDGE_CURVE('',#3409,#3440,#135,.T.);
#4447=EDGE_CURVE('',#3440,#3441,#136,.T.);
#4448=EDGE_CURVE('',#3408,#3441,#137,.T.);
#4449=EDGE_CURVE('',#3411,#3442,#138,.T.);
#4450=EDGE_CURVE('',#3442,#3440,#139,.T.);
#4451=EDGE_CURVE('',#3441,#3443,#140,.T.);
#4452=EDGE_CURVE('',#3443,#3410,#141,.T.);
#4453=EDGE_CURVE('',#3443,#3442,#142,.T.);
#4454=EDGE_CURVE('',#3441,#2776,#1958,.T.);
#4455=EDGE_CURVE('',#3443,#3332,#1959,.T.);
#4456=EDGE_CURVE('',#3440,#3331,#1960,.T.);
#4457=EDGE_CURVE('',#3373,#3444,#143,.T.);
#4458=EDGE_CURVE('',#3444,#3445,#144,.T.);
#4459=EDGE_CURVE('',#3372,#3445,#145,.T.);
#4460=EDGE_CURVE('',#3375,#3446,#146,.T.);
#4461=EDGE_CURVE('',#3446,#3444,#147,.T.);
#4462=EDGE_CURVE('',#3445,#3447,#148,.T.);
#4463=EDGE_CURVE('',#3447,#3374,#149,.T.);
#4464=EDGE_CURVE('',#3447,#3446,#150,.T.);
#4465=EDGE_CURVE('',#3445,#2986,#1961,.T.);
#4466=EDGE_CURVE('',#3447,#3334,#1962,.T.);
#4467=EDGE_CURVE('',#3444,#3333,#1963,.T.);
#4468=EDGE_CURVE('',#3405,#3448,#151,.T.);
#4469=EDGE_CURVE('',#3448,#3449,#152,.T.);
#4470=EDGE_CURVE('',#3404,#3449,#153,.T.);
#4471=EDGE_CURVE('',#3407,#3450,#154,.T.);
#4472=EDGE_CURVE('',#3450,#3448,#155,.T.);
#4473=EDGE_CURVE('',#3449,#3451,#156,.T.);
#4474=EDGE_CURVE('',#3451,#3406,#157,.T.);
#4475=EDGE_CURVE('',#3451,#3450,#158,.T.);
#4476=EDGE_CURVE('',#2863,#3449,#1964,.T.);
#4477=EDGE_CURVE('',#3451,#3336,#1965,.T.);
#4478=EDGE_CURVE('',#3448,#3335,#1966,.T.);
#4479=EDGE_CURVE('',#3377,#3452,#159,.T.);
#4480=EDGE_CURVE('',#3452,#3453,#160,.T.);
#4481=EDGE_CURVE('',#3453,#3376,#161,.T.);
#4482=EDGE_CURVE('',#3379,#3454,#162,.T.);
#4483=EDGE_CURVE('',#3454,#3452,#163,.T.);
#4484=EDGE_CURVE('',#3378,#3455,#164,.T.);
#4485=EDGE_CURVE('',#3455,#3454,#165,.T.);
#4486=EDGE_CURVE('',#3453,#3455,#166,.T.);
#4487=EDGE_CURVE('',#3453,#3338,#1967,.T.);
#4488=EDGE_CURVE('',#3455,#2857,#1968,.T.);
#4489=EDGE_CURVE('',#3452,#2854,#1969,.T.);
#4490=EDGE_CURVE('',#3401,#3456,#167,.T.);
#4491=EDGE_CURVE('',#3456,#3457,#168,.T.);
#4492=EDGE_CURVE('',#3457,#3400,#169,.T.);
#4493=EDGE_CURVE('',#3403,#3458,#170,.T.);
#4494=EDGE_CURVE('',#3458,#3456,#171,.T.);
#4495=EDGE_CURVE('',#3402,#3459,#172,.T.);
#4496=EDGE_CURVE('',#3459,#3458,#173,.T.);
#4497=EDGE_CURVE('',#3457,#3459,#174,.T.);
#4498=EDGE_CURVE('',#3457,#3340,#1970,.T.);
#4499=EDGE_CURVE('',#3459,#2851,#1971,.T.);
#4500=EDGE_CURVE('',#3456,#2848,#1972,.T.);
#4501=EDGE_CURVE('',#3381,#3460,#175,.T.);
#4502=EDGE_CURVE('',#3460,#3461,#176,.T.);
#4503=EDGE_CURVE('',#3380,#3461,#177,.T.);
#4504=EDGE_CURVE('',#3383,#3462,#178,.T.);
#4505=EDGE_CURVE('',#3462,#3460,#179,.T.);
#4506=EDGE_CURVE('',#3461,#3463,#180,.T.);
#4507=EDGE_CURVE('',#3463,#3382,#181,.T.);
#4508=EDGE_CURVE('',#3463,#3462,#182,.T.);
#4509=EDGE_CURVE('',#3461,#2842,#1973,.T.);
#4510=EDGE_CURVE('',#3463,#3342,#1974,.T.);
#4511=EDGE_CURVE('',#3460,#3341,#1975,.T.);
#4512=EDGE_CURVE('',#3397,#3464,#183,.T.);
#4513=EDGE_CURVE('',#3464,#3465,#184,.T.);
#4514=EDGE_CURVE('',#3396,#3465,#185,.T.);
#4515=EDGE_CURVE('',#3399,#3466,#186,.T.);
#4516=EDGE_CURVE('',#3466,#3464,#187,.T.);
#4517=EDGE_CURVE('',#3465,#3467,#188,.T.);
#4518=EDGE_CURVE('',#3467,#3398,#189,.T.);
#4519=EDGE_CURVE('',#3467,#3466,#190,.T.);
#4520=EDGE_CURVE('',#3465,#2836,#1976,.T.);
#4521=EDGE_CURVE('',#3467,#3344,#1977,.T.);
#4522=EDGE_CURVE('',#3464,#3343,#1978,.T.);
#4523=EDGE_CURVE('',#3385,#3468,#191,.T.);
#4524=EDGE_CURVE('',#3468,#3469,#192,.T.);
#4525=EDGE_CURVE('',#3384,#3469,#193,.T.);
#4526=EDGE_CURVE('',#3387,#3470,#194,.T.);
#4527=EDGE_CURVE('',#3470,#3468,#195,.T.);
#4528=EDGE_CURVE('',#3469,#3471,#196,.T.);
#4529=EDGE_CURVE('',#3471,#3386,#197,.T.);
#4530=EDGE_CURVE('',#3471,#3470,#198,.T.);
#4531=EDGE_CURVE('',#3469,#2830,#1979,.T.);
#4532=EDGE_CURVE('',#3471,#3346,#1980,.T.);
#4533=EDGE_CURVE('',#3468,#3345,#1981,.T.);
#4534=EDGE_CURVE('',#3393,#3472,#199,.T.);
#4535=EDGE_CURVE('',#3472,#3473,#200,.T.);
#4536=EDGE_CURVE('',#3392,#3473,#201,.T.);
#4537=EDGE_CURVE('',#3395,#3474,#202,.T.);
#4538=EDGE_CURVE('',#3474,#3472,#203,.T.);
#4539=EDGE_CURVE('',#3473,#3475,#204,.T.);
#4540=EDGE_CURVE('',#3475,#3394,#205,.T.);
#4541=EDGE_CURVE('',#3475,#3474,#206,.T.);
#4542=EDGE_CURVE('',#3473,#2824,#1982,.T.);
#4543=EDGE_CURVE('',#3475,#3348,#1983,.T.);
#4544=EDGE_CURVE('',#3472,#3347,#1984,.T.);
#4545=EDGE_CURVE('',#3389,#3476,#207,.T.);
#4546=EDGE_CURVE('',#3476,#3477,#208,.T.);
#4547=EDGE_CURVE('',#3388,#3477,#209,.T.);
#4548=EDGE_CURVE('',#3391,#3478,#210,.T.);
#4549=EDGE_CURVE('',#3478,#3476,#211,.T.);
#4550=EDGE_CURVE('',#3477,#3479,#212,.T.);
#4551=EDGE_CURVE('',#3479,#3390,#213,.T.);
#4552=EDGE_CURVE('',#3479,#3478,#214,.T.);
#4553=EDGE_CURVE('',#3477,#2818,#1985,.T.);
#4554=EDGE_CURVE('',#3479,#3349,#1986,.T.);
#4555=EDGE_CURVE('',#3476,#3350,#1987,.T.);
#4556=EDGE_CURVE('',#3442,#2779,#1988,.T.);
#4557=EDGE_CURVE('',#3438,#2785,#1989,.T.);
#4558=EDGE_CURVE('',#3434,#2791,#1990,.T.);
#4559=EDGE_CURVE('',#3430,#2797,#1991,.T.);
#4560=EDGE_CURVE('',#3426,#3323,#1992,.T.);
#4561=EDGE_CURVE('',#3422,#2809,#1993,.T.);
#4562=EDGE_CURVE('',#3356,#3319,#1994,.T.);
#4563=EDGE_CURVE('',#3478,#2821,#1995,.T.);
#4564=EDGE_CURVE('',#3474,#2827,#1996,.T.);
#4565=EDGE_CURVE('',#3470,#2833,#1997,.T.);
#4566=EDGE_CURVE('',#3466,#2839,#1998,.T.);
#4567=EDGE_CURVE('',#3462,#2845,#1999,.T.);
#4568=EDGE_CURVE('',#3458,#3339,#2000,.T.);
#4569=EDGE_CURVE('',#3454,#3337,#2001,.T.);
#4570=EDGE_CURVE('',#3450,#2860,#2002,.T.);
#4571=EDGE_CURVE('',#3446,#2989,#2003,.T.);
#4572=ORIENTED_EDGE('',*,*,#3480,.F.);
#4573=ORIENTED_EDGE('',*,*,#3481,.F.);
#4574=ORIENTED_EDGE('',*,*,#3482,.F.);
#4575=ORIENTED_EDGE('',*,*,#3483,.F.);
#4576=ORIENTED_EDGE('',*,*,#3484,.F.);
#4577=ORIENTED_EDGE('',*,*,#3485,.F.);
#4578=ORIENTED_EDGE('',*,*,#3486,.F.);
#4579=ORIENTED_EDGE('',*,*,#3487,.F.);
#4580=ORIENTED_EDGE('',*,*,#3488,.F.);
#4581=ORIENTED_EDGE('',*,*,#3489,.F.);
#4582=ORIENTED_EDGE('',*,*,#3490,.F.);
#4583=ORIENTED_EDGE('',*,*,#3491,.F.);
#4584=ORIENTED_EDGE('',*,*,#3492,.F.);
#4585=ORIENTED_EDGE('',*,*,#3493,.F.);
#4586=ORIENTED_EDGE('',*,*,#3494,.F.);
#4587=ORIENTED_EDGE('',*,*,#3495,.F.);
#4588=ORIENTED_EDGE('',*,*,#3496,.F.);
#4589=ORIENTED_EDGE('',*,*,#3497,.F.);
#4590=ORIENTED_EDGE('',*,*,#3498,.F.);
#4591=ORIENTED_EDGE('',*,*,#3499,.F.);
#4592=ORIENTED_EDGE('',*,*,#3500,.F.);
#4593=ORIENTED_EDGE('',*,*,#3501,.F.);
#4594=ORIENTED_EDGE('',*,*,#3502,.F.);
#4595=ORIENTED_EDGE('',*,*,#3503,.F.);
#4596=ORIENTED_EDGE('',*,*,#3504,.F.);
#4597=ORIENTED_EDGE('',*,*,#3505,.F.);
#4598=ORIENTED_EDGE('',*,*,#3506,.F.);
#4599=ORIENTED_EDGE('',*,*,#3507,.F.);
#4600=ORIENTED_EDGE('',*,*,#3508,.F.);
#4601=ORIENTED_EDGE('',*,*,#3509,.F.);
#4602=ORIENTED_EDGE('',*,*,#3510,.F.);
#4603=ORIENTED_EDGE('',*,*,#3511,.F.);
#4604=ORIENTED_EDGE('',*,*,#3512,.F.);
#4605=ORIENTED_EDGE('',*,*,#3513,.F.);
#4606=ORIENTED_EDGE('',*,*,#3514,.F.);
#4607=ORIENTED_EDGE('',*,*,#3515,.F.);
#4608=ORIENTED_EDGE('',*,*,#3516,.F.);
#4609=ORIENTED_EDGE('',*,*,#3517,.F.);
#4610=ORIENTED_EDGE('',*,*,#3518,.F.);
#4611=ORIENTED_EDGE('',*,*,#3519,.F.);
#4612=ORIENTED_EDGE('',*,*,#3520,.F.);
#4613=ORIENTED_EDGE('',*,*,#3521,.F.);
#4614=ORIENTED_EDGE('',*,*,#3522,.F.);
#4615=ORIENTED_EDGE('',*,*,#3523,.F.);
#4616=ORIENTED_EDGE('',*,*,#3524,.F.);
#4617=ORIENTED_EDGE('',*,*,#3525,.F.);
#4618=ORIENTED_EDGE('',*,*,#3526,.F.);
#4619=ORIENTED_EDGE('',*,*,#3527,.F.);
#4620=ORIENTED_EDGE('',*,*,#3528,.F.);
#4621=ORIENTED_EDGE('',*,*,#3529,.F.);
#4622=ORIENTED_EDGE('',*,*,#3530,.F.);
#4623=ORIENTED_EDGE('',*,*,#3531,.F.);
#4624=ORIENTED_EDGE('',*,*,#3532,.F.);
#4625=ORIENTED_EDGE('',*,*,#3533,.F.);
#4626=ORIENTED_EDGE('',*,*,#3534,.F.);
#4627=ORIENTED_EDGE('',*,*,#3535,.F.);
#4628=ORIENTED_EDGE('',*,*,#3536,.F.);
#4629=ORIENTED_EDGE('',*,*,#3537,.F.);
#4630=ORIENTED_EDGE('',*,*,#3538,.F.);
#4631=ORIENTED_EDGE('',*,*,#3539,.F.);
#4632=ORIENTED_EDGE('',*,*,#3540,.F.);
#4633=ORIENTED_EDGE('',*,*,#3541,.F.);
#4634=ORIENTED_EDGE('',*,*,#3542,.F.);
#4635=ORIENTED_EDGE('',*,*,#3543,.F.);
#4636=ORIENTED_EDGE('',*,*,#3544,.F.);
#4637=ORIENTED_EDGE('',*,*,#3545,.F.);
#4638=ORIENTED_EDGE('',*,*,#3546,.F.);
#4639=ORIENTED_EDGE('',*,*,#3547,.F.);
#4640=ORIENTED_EDGE('',*,*,#3548,.F.);
#4641=ORIENTED_EDGE('',*,*,#3549,.F.);
#4642=ORIENTED_EDGE('',*,*,#3550,.F.);
#4643=ORIENTED_EDGE('',*,*,#3551,.F.);
#4644=ORIENTED_EDGE('',*,*,#3552,.F.);
#4645=ORIENTED_EDGE('',*,*,#3553,.F.);
#4646=ORIENTED_EDGE('',*,*,#3554,.F.);
#4647=ORIENTED_EDGE('',*,*,#3555,.F.);
#4648=ORIENTED_EDGE('',*,*,#3556,.F.);
#4649=ORIENTED_EDGE('',*,*,#3557,.F.);
#4650=ORIENTED_EDGE('',*,*,#3558,.F.);
#4651=ORIENTED_EDGE('',*,*,#3559,.F.);
#4652=ORIENTED_EDGE('',*,*,#3560,.F.);
#4653=ORIENTED_EDGE('',*,*,#3561,.F.);
#4654=ORIENTED_EDGE('',*,*,#3562,.F.);
#4655=ORIENTED_EDGE('',*,*,#3563,.F.);
#4656=ORIENTED_EDGE('',*,*,#3564,.F.);
#4657=ORIENTED_EDGE('',*,*,#3565,.F.);
#4658=ORIENTED_EDGE('',*,*,#3566,.F.);
#4659=ORIENTED_EDGE('',*,*,#3567,.F.);
#4660=ORIENTED_EDGE('',*,*,#3568,.F.);
#4661=ORIENTED_EDGE('',*,*,#3569,.F.);
#4662=ORIENTED_EDGE('',*,*,#3570,.T.);
#4663=ORIENTED_EDGE('',*,*,#3483,.T.);
#4664=ORIENTED_EDGE('',*,*,#3571,.T.);
#4665=ORIENTED_EDGE('',*,*,#3572,.F.);
#4666=ORIENTED_EDGE('',*,*,#3573,.F.);
#4667=ORIENTED_EDGE('',*,*,#3574,.F.);
#4668=ORIENTED_EDGE('',*,*,#3575,.T.);
#4669=ORIENTED_EDGE('',*,*,#3576,.F.);
#4670=ORIENTED_EDGE('',*,*,#3577,.T.);
#4671=ORIENTED_EDGE('',*,*,#3578,.F.);
#4672=ORIENTED_EDGE('',*,*,#3579,.T.);
#4673=ORIENTED_EDGE('',*,*,#3489,.T.);
#4674=ORIENTED_EDGE('',*,*,#3580,.T.);
#4675=ORIENTED_EDGE('',*,*,#3581,.F.);
#4676=ORIENTED_EDGE('',*,*,#3582,.F.);
#4677=ORIENTED_EDGE('',*,*,#3583,.F.);
#4678=ORIENTED_EDGE('',*,*,#3584,.T.);
#4679=ORIENTED_EDGE('',*,*,#3585,.F.);
#4680=ORIENTED_EDGE('',*,*,#3586,.T.);
#4681=ORIENTED_EDGE('',*,*,#3587,.F.);
#4682=ORIENTED_EDGE('',*,*,#3588,.T.);
#4683=ORIENTED_EDGE('',*,*,#3495,.T.);
#4684=ORIENTED_EDGE('',*,*,#3589,.T.);
#4685=ORIENTED_EDGE('',*,*,#3590,.F.);
#4686=ORIENTED_EDGE('',*,*,#3591,.F.);
#4687=ORIENTED_EDGE('',*,*,#3592,.F.);
#4688=ORIENTED_EDGE('',*,*,#3593,.T.);
#4689=ORIENTED_EDGE('',*,*,#3594,.F.);
#4690=ORIENTED_EDGE('',*,*,#3595,.T.);
#4691=ORIENTED_EDGE('',*,*,#3596,.F.);
#4692=ORIENTED_EDGE('',*,*,#3597,.T.);
#4693=ORIENTED_EDGE('',*,*,#3501,.T.);
#4694=ORIENTED_EDGE('',*,*,#3598,.T.);
#4695=ORIENTED_EDGE('',*,*,#3599,.F.);
#4696=ORIENTED_EDGE('',*,*,#3600,.F.);
#4697=ORIENTED_EDGE('',*,*,#3601,.F.);
#4698=ORIENTED_EDGE('',*,*,#3602,.T.);
#4699=ORIENTED_EDGE('',*,*,#3603,.F.);
#4700=ORIENTED_EDGE('',*,*,#3604,.T.);
#4701=ORIENTED_EDGE('',*,*,#3605,.F.);
#4702=ORIENTED_EDGE('',*,*,#3606,.T.);
#4703=ORIENTED_EDGE('',*,*,#3507,.T.);
#4704=ORIENTED_EDGE('',*,*,#3607,.T.);
#4705=ORIENTED_EDGE('',*,*,#3608,.F.);
#4706=ORIENTED_EDGE('',*,*,#3609,.F.);
#4707=ORIENTED_EDGE('',*,*,#3610,.F.);
#4708=ORIENTED_EDGE('',*,*,#3611,.T.);
#4709=ORIENTED_EDGE('',*,*,#3612,.F.);
#4710=ORIENTED_EDGE('',*,*,#3613,.T.);
#4711=ORIENTED_EDGE('',*,*,#3614,.F.);
#4712=ORIENTED_EDGE('',*,*,#3615,.T.);
#4713=ORIENTED_EDGE('',*,*,#3513,.T.);
#4714=ORIENTED_EDGE('',*,*,#3616,.T.);
#4715=ORIENTED_EDGE('',*,*,#3617,.F.);
#4716=ORIENTED_EDGE('',*,*,#3618,.F.);
#4717=ORIENTED_EDGE('',*,*,#3619,.F.);
#4718=ORIENTED_EDGE('',*,*,#3620,.T.);
#4719=ORIENTED_EDGE('',*,*,#3621,.F.);
#4720=ORIENTED_EDGE('',*,*,#3622,.T.);
#4721=ORIENTED_EDGE('',*,*,#3623,.F.);
#4722=ORIENTED_EDGE('',*,*,#3624,.T.);
#4723=ORIENTED_EDGE('',*,*,#3519,.T.);
#4724=ORIENTED_EDGE('',*,*,#3625,.T.);
#4725=ORIENTED_EDGE('',*,*,#3626,.F.);
#4726=ORIENTED_EDGE('',*,*,#3627,.F.);
#4727=ORIENTED_EDGE('',*,*,#3628,.F.);
#4728=ORIENTED_EDGE('',*,*,#3629,.T.);
#4729=ORIENTED_EDGE('',*,*,#3630,.F.);
#4730=ORIENTED_EDGE('',*,*,#3631,.T.);
#4731=ORIENTED_EDGE('',*,*,#3632,.F.);
#4732=ORIENTED_EDGE('',*,*,#3633,.T.);
#4733=ORIENTED_EDGE('',*,*,#3525,.T.);
#4734=ORIENTED_EDGE('',*,*,#3634,.T.);
#4735=ORIENTED_EDGE('',*,*,#3635,.F.);
#4736=ORIENTED_EDGE('',*,*,#3636,.F.);
#4737=ORIENTED_EDGE('',*,*,#3637,.F.);
#4738=ORIENTED_EDGE('',*,*,#3638,.T.);
#4739=ORIENTED_EDGE('',*,*,#3639,.F.);
#4740=ORIENTED_EDGE('',*,*,#3640,.T.);
#4741=ORIENTED_EDGE('',*,*,#3641,.F.);
#4742=ORIENTED_EDGE('',*,*,#3642,.T.);
#4743=ORIENTED_EDGE('',*,*,#3531,.T.);
#4744=ORIENTED_EDGE('',*,*,#3643,.T.);
#4745=ORIENTED_EDGE('',*,*,#3644,.F.);
#4746=ORIENTED_EDGE('',*,*,#3645,.F.);
#4747=ORIENTED_EDGE('',*,*,#3646,.F.);
#4748=ORIENTED_EDGE('',*,*,#3647,.T.);
#4749=ORIENTED_EDGE('',*,*,#3648,.F.);
#4750=ORIENTED_EDGE('',*,*,#3649,.T.);
#4751=ORIENTED_EDGE('',*,*,#3650,.F.);
#4752=ORIENTED_EDGE('',*,*,#3651,.T.);
#4753=ORIENTED_EDGE('',*,*,#3537,.T.);
#4754=ORIENTED_EDGE('',*,*,#3652,.T.);
#4755=ORIENTED_EDGE('',*,*,#3653,.F.);
#4756=ORIENTED_EDGE('',*,*,#3654,.F.);
#4757=ORIENTED_EDGE('',*,*,#3655,.F.);
#4758=ORIENTED_EDGE('',*,*,#3656,.T.);
#4759=ORIENTED_EDGE('',*,*,#3657,.F.);
#4760=ORIENTED_EDGE('',*,*,#3658,.T.);
#4761=ORIENTED_EDGE('',*,*,#3659,.F.);
#4762=ORIENTED_EDGE('',*,*,#3660,.T.);
#4763=ORIENTED_EDGE('',*,*,#3543,.T.);
#4764=ORIENTED_EDGE('',*,*,#3661,.T.);
#4765=ORIENTED_EDGE('',*,*,#3662,.F.);
#4766=ORIENTED_EDGE('',*,*,#3663,.F.);
#4767=ORIENTED_EDGE('',*,*,#3664,.F.);
#4768=ORIENTED_EDGE('',*,*,#3665,.T.);
#4769=ORIENTED_EDGE('',*,*,#3666,.F.);
#4770=ORIENTED_EDGE('',*,*,#3667,.T.);
#4771=ORIENTED_EDGE('',*,*,#3668,.F.);
#4772=ORIENTED_EDGE('',*,*,#3669,.T.);
#4773=ORIENTED_EDGE('',*,*,#3549,.T.);
#4774=ORIENTED_EDGE('',*,*,#3670,.T.);
#4775=ORIENTED_EDGE('',*,*,#3671,.F.);
#4776=ORIENTED_EDGE('',*,*,#3672,.F.);
#4777=ORIENTED_EDGE('',*,*,#3673,.F.);
#4778=ORIENTED_EDGE('',*,*,#3674,.T.);
#4779=ORIENTED_EDGE('',*,*,#3675,.F.);
#4780=ORIENTED_EDGE('',*,*,#3676,.T.);
#4781=ORIENTED_EDGE('',*,*,#3677,.F.);
#4782=ORIENTED_EDGE('',*,*,#3678,.T.);
#4783=ORIENTED_EDGE('',*,*,#3555,.T.);
#4784=ORIENTED_EDGE('',*,*,#3679,.T.);
#4785=ORIENTED_EDGE('',*,*,#3680,.F.);
#4786=ORIENTED_EDGE('',*,*,#3681,.F.);
#4787=ORIENTED_EDGE('',*,*,#3682,.F.);
#4788=ORIENTED_EDGE('',*,*,#3683,.T.);
#4789=ORIENTED_EDGE('',*,*,#3684,.F.);
#4790=ORIENTED_EDGE('',*,*,#3685,.T.);
#4791=ORIENTED_EDGE('',*,*,#3686,.F.);
#4792=ORIENTED_EDGE('',*,*,#3687,.T.);
#4793=ORIENTED_EDGE('',*,*,#3561,.T.);
#4794=ORIENTED_EDGE('',*,*,#3688,.T.);
#4795=ORIENTED_EDGE('',*,*,#3689,.F.);
#4796=ORIENTED_EDGE('',*,*,#3690,.F.);
#4797=ORIENTED_EDGE('',*,*,#3691,.F.);
#4798=ORIENTED_EDGE('',*,*,#3692,.T.);
#4799=ORIENTED_EDGE('',*,*,#3693,.F.);
#4800=ORIENTED_EDGE('',*,*,#3694,.T.);
#4801=ORIENTED_EDGE('',*,*,#3695,.F.);
#4802=ORIENTED_EDGE('',*,*,#3696,.T.);
#4803=ORIENTED_EDGE('',*,*,#3567,.T.);
#4804=ORIENTED_EDGE('',*,*,#3697,.T.);
#4805=ORIENTED_EDGE('',*,*,#3698,.F.);
#4806=ORIENTED_EDGE('',*,*,#3699,.T.);
#4807=ORIENTED_EDGE('',*,*,#3700,.F.);
#4808=ORIENTED_EDGE('',*,*,#3701,.F.);
#4809=ORIENTED_EDGE('',*,*,#3702,.F.);
#4810=ORIENTED_EDGE('',*,*,#3703,.T.);
#4811=ORIENTED_EDGE('',*,*,#3704,.F.);
#4812=ORIENTED_EDGE('',*,*,#3705,.F.);
#4813=ORIENTED_EDGE('',*,*,#3706,.F.);
#4814=ORIENTED_EDGE('',*,*,#3707,.F.);
#4815=ORIENTED_EDGE('',*,*,#3708,.F.);
#4816=ORIENTED_EDGE('',*,*,#3709,.F.);
#4817=ORIENTED_EDGE('',*,*,#3710,.F.);
#4818=ORIENTED_EDGE('',*,*,#3711,.T.);
#4819=ORIENTED_EDGE('',*,*,#3708,.T.);
#4820=ORIENTED_EDGE('',*,*,#3712,.T.);
#4821=ORIENTED_EDGE('',*,*,#3713,.F.);
#4822=ORIENTED_EDGE('',*,*,#3714,.F.);
#4823=ORIENTED_EDGE('',*,*,#3715,.F.);
#4824=ORIENTED_EDGE('',*,*,#3716,.T.);
#4825=ORIENTED_EDGE('',*,*,#3717,.F.);
#4826=ORIENTED_EDGE('',*,*,#3718,.T.);
#4827=ORIENTED_EDGE('',*,*,#3719,.F.);
#4828=ORIENTED_EDGE('',*,*,#3720,.T.);
#4829=ORIENTED_EDGE('',*,*,#3721,.T.);
#4830=ORIENTED_EDGE('',*,*,#3574,.T.);
#4831=ORIENTED_EDGE('',*,*,#3722,.T.);
#4832=ORIENTED_EDGE('',*,*,#3721,.F.);
#4833=ORIENTED_EDGE('',*,*,#3723,.T.);
#4834=ORIENTED_EDGE('',*,*,#3724,.F.);
#4835=ORIENTED_EDGE('',*,*,#3575,.F.);
#4836=ORIENTED_EDGE('',*,*,#3720,.F.);
#4837=ORIENTED_EDGE('',*,*,#3725,.T.);
#4838=ORIENTED_EDGE('',*,*,#3726,.F.);
#4839=ORIENTED_EDGE('',*,*,#3727,.T.);
#4840=ORIENTED_EDGE('',*,*,#3728,.F.);
#4841=ORIENTED_EDGE('',*,*,#3723,.F.);
#4842=ORIENTED_EDGE('',*,*,#3729,.T.);
#4843=ORIENTED_EDGE('',*,*,#3730,.T.);
#4844=ORIENTED_EDGE('',*,*,#3731,.T.);
#4845=ORIENTED_EDGE('',*,*,#3732,.T.);
#4846=ORIENTED_EDGE('',*,*,#3732,.F.);
#4847=ORIENTED_EDGE('',*,*,#3733,.T.);
#4848=ORIENTED_EDGE('',*,*,#3734,.F.);
#4849=ORIENTED_EDGE('',*,*,#3735,.F.);
#4850=ORIENTED_EDGE('',*,*,#3736,.T.);
#4851=ORIENTED_EDGE('',*,*,#3737,.F.);
#4852=ORIENTED_EDGE('',*,*,#3738,.T.);
#4853=ORIENTED_EDGE('',*,*,#3739,.F.);
#4854=ORIENTED_EDGE('',*,*,#3733,.F.);
#4855=ORIENTED_EDGE('',*,*,#3731,.F.);
#4856=ORIENTED_EDGE('',*,*,#3740,.T.);
#4857=ORIENTED_EDGE('',*,*,#3741,.F.);
#4858=ORIENTED_EDGE('',*,*,#3742,.T.);
#4859=ORIENTED_EDGE('',*,*,#3480,.T.);
#4860=ORIENTED_EDGE('',*,*,#3583,.T.);
#4861=ORIENTED_EDGE('',*,*,#3743,.T.);
#4862=ORIENTED_EDGE('',*,*,#3744,.T.);
#4863=ORIENTED_EDGE('',*,*,#3745,.T.);
#4864=ORIENTED_EDGE('',*,*,#3745,.F.);
#4865=ORIENTED_EDGE('',*,*,#3746,.T.);
#4866=ORIENTED_EDGE('',*,*,#3747,.F.);
#4867=ORIENTED_EDGE('',*,*,#3584,.F.);
#4868=ORIENTED_EDGE('',*,*,#3744,.F.);
#4869=ORIENTED_EDGE('',*,*,#3748,.T.);
#4870=ORIENTED_EDGE('',*,*,#3749,.F.);
#4871=ORIENTED_EDGE('',*,*,#3750,.T.);
#4872=ORIENTED_EDGE('',*,*,#3751,.F.);
#4873=ORIENTED_EDGE('',*,*,#3746,.F.);
#4874=ORIENTED_EDGE('',*,*,#3752,.T.);
#4875=ORIENTED_EDGE('',*,*,#3753,.T.);
#4876=ORIENTED_EDGE('',*,*,#3754,.T.);
#4877=ORIENTED_EDGE('',*,*,#3755,.T.);
#4878=ORIENTED_EDGE('',*,*,#3755,.F.);
#4879=ORIENTED_EDGE('',*,*,#3756,.T.);
#4880=ORIENTED_EDGE('',*,*,#3757,.F.);
#4881=ORIENTED_EDGE('',*,*,#3758,.F.);
#4882=ORIENTED_EDGE('',*,*,#3759,.T.);
#4883=ORIENTED_EDGE('',*,*,#3760,.F.);
#4884=ORIENTED_EDGE('',*,*,#3761,.T.);
#4885=ORIENTED_EDGE('',*,*,#3762,.F.);
#4886=ORIENTED_EDGE('',*,*,#3756,.F.);
#4887=ORIENTED_EDGE('',*,*,#3754,.F.);
#4888=ORIENTED_EDGE('',*,*,#3763,.T.);
#4889=ORIENTED_EDGE('',*,*,#3764,.F.);
#4890=ORIENTED_EDGE('',*,*,#3765,.T.);
#4891=ORIENTED_EDGE('',*,*,#3486,.T.);
#4892=ORIENTED_EDGE('',*,*,#3592,.T.);
#4893=ORIENTED_EDGE('',*,*,#3766,.T.);
#4894=ORIENTED_EDGE('',*,*,#3767,.T.);
#4895=ORIENTED_EDGE('',*,*,#3768,.T.);
#4896=ORIENTED_EDGE('',*,*,#3768,.F.);
#4897=ORIENTED_EDGE('',*,*,#3769,.T.);
#4898=ORIENTED_EDGE('',*,*,#3770,.F.);
#4899=ORIENTED_EDGE('',*,*,#3593,.F.);
#4900=ORIENTED_EDGE('',*,*,#3767,.F.);
#4901=ORIENTED_EDGE('',*,*,#3771,.T.);
#4902=ORIENTED_EDGE('',*,*,#3772,.F.);
#4903=ORIENTED_EDGE('',*,*,#3773,.T.);
#4904=ORIENTED_EDGE('',*,*,#3774,.F.);
#4905=ORIENTED_EDGE('',*,*,#3769,.F.);
#4906=ORIENTED_EDGE('',*,*,#3775,.T.);
#4907=ORIENTED_EDGE('',*,*,#3776,.T.);
#4908=ORIENTED_EDGE('',*,*,#3777,.T.);
#4909=ORIENTED_EDGE('',*,*,#3778,.T.);
#4910=ORIENTED_EDGE('',*,*,#3778,.F.);
#4911=ORIENTED_EDGE('',*,*,#3779,.T.);
#4912=ORIENTED_EDGE('',*,*,#3780,.F.);
#4913=ORIENTED_EDGE('',*,*,#3781,.F.);
#4914=ORIENTED_EDGE('',*,*,#3782,.T.);
#4915=ORIENTED_EDGE('',*,*,#3783,.F.);
#4916=ORIENTED_EDGE('',*,*,#3784,.T.);
#4917=ORIENTED_EDGE('',*,*,#3785,.F.);
#4918=ORIENTED_EDGE('',*,*,#3779,.F.);
#4919=ORIENTED_EDGE('',*,*,#3777,.F.);
#4920=ORIENTED_EDGE('',*,*,#3786,.T.);
#4921=ORIENTED_EDGE('',*,*,#3787,.F.);
#4922=ORIENTED_EDGE('',*,*,#3788,.T.);
#4923=ORIENTED_EDGE('',*,*,#3492,.T.);
#4924=ORIENTED_EDGE('',*,*,#3601,.T.);
#4925=ORIENTED_EDGE('',*,*,#3789,.T.);
#4926=ORIENTED_EDGE('',*,*,#3790,.T.);
#4927=ORIENTED_EDGE('',*,*,#3791,.T.);
#4928=ORIENTED_EDGE('',*,*,#3791,.F.);
#4929=ORIENTED_EDGE('',*,*,#3792,.T.);
#4930=ORIENTED_EDGE('',*,*,#3793,.F.);
#4931=ORIENTED_EDGE('',*,*,#3602,.F.);
#4932=ORIENTED_EDGE('',*,*,#3790,.F.);
#4933=ORIENTED_EDGE('',*,*,#3794,.T.);
#4934=ORIENTED_EDGE('',*,*,#3795,.F.);
#4935=ORIENTED_EDGE('',*,*,#3796,.T.);
#4936=ORIENTED_EDGE('',*,*,#3797,.F.);
#4937=ORIENTED_EDGE('',*,*,#3792,.F.);
#4938=ORIENTED_EDGE('',*,*,#3798,.T.);
#4939=ORIENTED_EDGE('',*,*,#3799,.T.);
#4940=ORIENTED_EDGE('',*,*,#3800,.T.);
#4941=ORIENTED_EDGE('',*,*,#3801,.T.);
#4942=ORIENTED_EDGE('',*,*,#3801,.F.);
#4943=ORIENTED_EDGE('',*,*,#3802,.T.);
#4944=ORIENTED_EDGE('',*,*,#3803,.F.);
#4945=ORIENTED_EDGE('',*,*,#3804,.F.);
#4946=ORIENTED_EDGE('',*,*,#3805,.T.);
#4947=ORIENTED_EDGE('',*,*,#3806,.F.);
#4948=ORIENTED_EDGE('',*,*,#3807,.T.);
#4949=ORIENTED_EDGE('',*,*,#3808,.F.);
#4950=ORIENTED_EDGE('',*,*,#3802,.F.);
#4951=ORIENTED_EDGE('',*,*,#3800,.F.);
#4952=ORIENTED_EDGE('',*,*,#3809,.T.);
#4953=ORIENTED_EDGE('',*,*,#3810,.F.);
#4954=ORIENTED_EDGE('',*,*,#3811,.T.);
#4955=ORIENTED_EDGE('',*,*,#3498,.T.);
#4956=ORIENTED_EDGE('',*,*,#3610,.T.);
#4957=ORIENTED_EDGE('',*,*,#3812,.T.);
#4958=ORIENTED_EDGE('',*,*,#3813,.T.);
#4959=ORIENTED_EDGE('',*,*,#3814,.T.);
#4960=ORIENTED_EDGE('',*,*,#3814,.F.);
#4961=ORIENTED_EDGE('',*,*,#3815,.T.);
#4962=ORIENTED_EDGE('',*,*,#3816,.F.);
#4963=ORIENTED_EDGE('',*,*,#3611,.F.);
#4964=ORIENTED_EDGE('',*,*,#3813,.F.);
#4965=ORIENTED_EDGE('',*,*,#3817,.T.);
#4966=ORIENTED_EDGE('',*,*,#3818,.F.);
#4967=ORIENTED_EDGE('',*,*,#3819,.T.);
#4968=ORIENTED_EDGE('',*,*,#3820,.F.);
#4969=ORIENTED_EDGE('',*,*,#3815,.F.);
#4970=ORIENTED_EDGE('',*,*,#3821,.T.);
#4971=ORIENTED_EDGE('',*,*,#3822,.T.);
#4972=ORIENTED_EDGE('',*,*,#3823,.T.);
#4973=ORIENTED_EDGE('',*,*,#3824,.T.);
#4974=ORIENTED_EDGE('',*,*,#3824,.F.);
#4975=ORIENTED_EDGE('',*,*,#3825,.T.);
#4976=ORIENTED_EDGE('',*,*,#3826,.F.);
#4977=ORIENTED_EDGE('',*,*,#3827,.F.);
#4978=ORIENTED_EDGE('',*,*,#3828,.T.);
#4979=ORIENTED_EDGE('',*,*,#3829,.F.);
#4980=ORIENTED_EDGE('',*,*,#3830,.T.);
#4981=ORIENTED_EDGE('',*,*,#3831,.F.);
#4982=ORIENTED_EDGE('',*,*,#3825,.F.);
#4983=ORIENTED_EDGE('',*,*,#3823,.F.);
#4984=ORIENTED_EDGE('',*,*,#3832,.T.);
#4985=ORIENTED_EDGE('',*,*,#3833,.F.);
#4986=ORIENTED_EDGE('',*,*,#3834,.T.);
#4987=ORIENTED_EDGE('',*,*,#3504,.T.);
#4988=ORIENTED_EDGE('',*,*,#3619,.T.);
#4989=ORIENTED_EDGE('',*,*,#3835,.T.);
#4990=ORIENTED_EDGE('',*,*,#3836,.T.);
#4991=ORIENTED_EDGE('',*,*,#3837,.T.);
#4992=ORIENTED_EDGE('',*,*,#3837,.F.);
#4993=ORIENTED_EDGE('',*,*,#3838,.T.);
#4994=ORIENTED_EDGE('',*,*,#3839,.F.);
#4995=ORIENTED_EDGE('',*,*,#3620,.F.);
#4996=ORIENTED_EDGE('',*,*,#3836,.F.);
#4997=ORIENTED_EDGE('',*,*,#3840,.T.);
#4998=ORIENTED_EDGE('',*,*,#3841,.F.);
#4999=ORIENTED_EDGE('',*,*,#3842,.T.);
#5000=ORIENTED_EDGE('',*,*,#3843,.F.);
#5001=ORIENTED_EDGE('',*,*,#3838,.F.);
#5002=ORIENTED_EDGE('',*,*,#3844,.T.);
#5003=ORIENTED_EDGE('',*,*,#3845,.T.);
#5004=ORIENTED_EDGE('',*,*,#3846,.T.);
#5005=ORIENTED_EDGE('',*,*,#3847,.T.);
#5006=ORIENTED_EDGE('',*,*,#3847,.F.);
#5007=ORIENTED_EDGE('',*,*,#3848,.T.);
#5008=ORIENTED_EDGE('',*,*,#3849,.F.);
#5009=ORIENTED_EDGE('',*,*,#3850,.F.);
#5010=ORIENTED_EDGE('',*,*,#3851,.T.);
#5011=ORIENTED_EDGE('',*,*,#3852,.F.);
#5012=ORIENTED_EDGE('',*,*,#3853,.T.);
#5013=ORIENTED_EDGE('',*,*,#3854,.F.);
#5014=ORIENTED_EDGE('',*,*,#3848,.F.);
#5015=ORIENTED_EDGE('',*,*,#3846,.F.);
#5016=ORIENTED_EDGE('',*,*,#3855,.T.);
#5017=ORIENTED_EDGE('',*,*,#3856,.F.);
#5018=ORIENTED_EDGE('',*,*,#3857,.T.);
#5019=ORIENTED_EDGE('',*,*,#3510,.T.);
#5020=ORIENTED_EDGE('',*,*,#3628,.T.);
#5021=ORIENTED_EDGE('',*,*,#3858,.T.);
#5022=ORIENTED_EDGE('',*,*,#3859,.T.);
#5023=ORIENTED_EDGE('',*,*,#3860,.T.);
#5024=ORIENTED_EDGE('',*,*,#3860,.F.);
#5025=ORIENTED_EDGE('',*,*,#3861,.T.);
#5026=ORIENTED_EDGE('',*,*,#3862,.F.);
#5027=ORIENTED_EDGE('',*,*,#3629,.F.);
#5028=ORIENTED_EDGE('',*,*,#3859,.F.);
#5029=ORIENTED_EDGE('',*,*,#3863,.T.);
#5030=ORIENTED_EDGE('',*,*,#3864,.F.);
#5031=ORIENTED_EDGE('',*,*,#3865,.T.);
#5032=ORIENTED_EDGE('',*,*,#3866,.F.);
#5033=ORIENTED_EDGE('',*,*,#3861,.F.);
#5034=ORIENTED_EDGE('',*,*,#3867,.T.);
#5035=ORIENTED_EDGE('',*,*,#3868,.T.);
#5036=ORIENTED_EDGE('',*,*,#3869,.T.);
#5037=ORIENTED_EDGE('',*,*,#3870,.T.);
#5038=ORIENTED_EDGE('',*,*,#3870,.F.);
#5039=ORIENTED_EDGE('',*,*,#3871,.T.);
#5040=ORIENTED_EDGE('',*,*,#3872,.F.);
#5041=ORIENTED_EDGE('',*,*,#3873,.F.);
#5042=ORIENTED_EDGE('',*,*,#3874,.T.);
#5043=ORIENTED_EDGE('',*,*,#3875,.F.);
#5044=ORIENTED_EDGE('',*,*,#3876,.T.);
#5045=ORIENTED_EDGE('',*,*,#3877,.F.);
#5046=ORIENTED_EDGE('',*,*,#3871,.F.);
#5047=ORIENTED_EDGE('',*,*,#3869,.F.);
#5048=ORIENTED_EDGE('',*,*,#3878,.T.);
#5049=ORIENTED_EDGE('',*,*,#3879,.F.);
#5050=ORIENTED_EDGE('',*,*,#3880,.T.);
#5051=ORIENTED_EDGE('',*,*,#3516,.T.);
#5052=ORIENTED_EDGE('',*,*,#3637,.T.);
#5053=ORIENTED_EDGE('',*,*,#3881,.T.);
#5054=ORIENTED_EDGE('',*,*,#3882,.T.);
#5055=ORIENTED_EDGE('',*,*,#3883,.T.);
#5056=ORIENTED_EDGE('',*,*,#3883,.F.);
#5057=ORIENTED_EDGE('',*,*,#3884,.T.);
#5058=ORIENTED_EDGE('',*,*,#3885,.F.);
#5059=ORIENTED_EDGE('',*,*,#3638,.F.);
#5060=ORIENTED_EDGE('',*,*,#3882,.F.);
#5061=ORIENTED_EDGE('',*,*,#3886,.T.);
#5062=ORIENTED_EDGE('',*,*,#3887,.F.);
#5063=ORIENTED_EDGE('',*,*,#3888,.T.);
#5064=ORIENTED_EDGE('',*,*,#3889,.F.);
#5065=ORIENTED_EDGE('',*,*,#3884,.F.);
#5066=ORIENTED_EDGE('',*,*,#3890,.T.);
#5067=ORIENTED_EDGE('',*,*,#3891,.T.);
#5068=ORIENTED_EDGE('',*,*,#3892,.T.);
#5069=ORIENTED_EDGE('',*,*,#3893,.T.);
#5070=ORIENTED_EDGE('',*,*,#3893,.F.);
#5071=ORIENTED_EDGE('',*,*,#3894,.T.);
#5072=ORIENTED_EDGE('',*,*,#3895,.F.);
#5073=ORIENTED_EDGE('',*,*,#3896,.F.);
#5074=ORIENTED_EDGE('',*,*,#3897,.T.);
#5075=ORIENTED_EDGE('',*,*,#3898,.F.);
#5076=ORIENTED_EDGE('',*,*,#3899,.T.);
#5077=ORIENTED_EDGE('',*,*,#3900,.F.);
#5078=ORIENTED_EDGE('',*,*,#3894,.F.);
#5079=ORIENTED_EDGE('',*,*,#3892,.F.);
#5080=ORIENTED_EDGE('',*,*,#3901,.T.);
#5081=ORIENTED_EDGE('',*,*,#3902,.F.);
#5082=ORIENTED_EDGE('',*,*,#3903,.T.);
#5083=ORIENTED_EDGE('',*,*,#3522,.T.);
#5084=ORIENTED_EDGE('',*,*,#3646,.T.);
#5085=ORIENTED_EDGE('',*,*,#3904,.T.);
#5086=ORIENTED_EDGE('',*,*,#3905,.T.);
#5087=ORIENTED_EDGE('',*,*,#3906,.T.);
#5088=ORIENTED_EDGE('',*,*,#3906,.F.);
#5089=ORIENTED_EDGE('',*,*,#3907,.T.);
#5090=ORIENTED_EDGE('',*,*,#3908,.F.);
#5091=ORIENTED_EDGE('',*,*,#3647,.F.);
#5092=ORIENTED_EDGE('',*,*,#3905,.F.);
#5093=ORIENTED_EDGE('',*,*,#3909,.T.);
#5094=ORIENTED_EDGE('',*,*,#3910,.F.);
#5095=ORIENTED_EDGE('',*,*,#3911,.T.);
#5096=ORIENTED_EDGE('',*,*,#3912,.F.);
#5097=ORIENTED_EDGE('',*,*,#3907,.F.);
#5098=ORIENTED_EDGE('',*,*,#3913,.T.);
#5099=ORIENTED_EDGE('',*,*,#3914,.T.);
#5100=ORIENTED_EDGE('',*,*,#3915,.T.);
#5101=ORIENTED_EDGE('',*,*,#3916,.T.);
#5102=ORIENTED_EDGE('',*,*,#3916,.F.);
#5103=ORIENTED_EDGE('',*,*,#3917,.T.);
#5104=ORIENTED_EDGE('',*,*,#3918,.F.);
#5105=ORIENTED_EDGE('',*,*,#3919,.F.);
#5106=ORIENTED_EDGE('',*,*,#3920,.T.);
#5107=ORIENTED_EDGE('',*,*,#3921,.F.);
#5108=ORIENTED_EDGE('',*,*,#3922,.T.);
#5109=ORIENTED_EDGE('',*,*,#3923,.F.);
#5110=ORIENTED_EDGE('',*,*,#3917,.F.);
#5111=ORIENTED_EDGE('',*,*,#3915,.F.);
#5112=ORIENTED_EDGE('',*,*,#3924,.T.);
#5113=ORIENTED_EDGE('',*,*,#3925,.F.);
#5114=ORIENTED_EDGE('',*,*,#3926,.T.);
#5115=ORIENTED_EDGE('',*,*,#3528,.T.);
#5116=ORIENTED_EDGE('',*,*,#3655,.T.);
#5117=ORIENTED_EDGE('',*,*,#3927,.T.);
#5118=ORIENTED_EDGE('',*,*,#3928,.T.);
#5119=ORIENTED_EDGE('',*,*,#3929,.T.);
#5120=ORIENTED_EDGE('',*,*,#3929,.F.);
#5121=ORIENTED_EDGE('',*,*,#3930,.T.);
#5122=ORIENTED_EDGE('',*,*,#3931,.F.);
#5123=ORIENTED_EDGE('',*,*,#3656,.F.);
#5124=ORIENTED_EDGE('',*,*,#3928,.F.);
#5125=ORIENTED_EDGE('',*,*,#3932,.T.);
#5126=ORIENTED_EDGE('',*,*,#3933,.F.);
#5127=ORIENTED_EDGE('',*,*,#3934,.T.);
#5128=ORIENTED_EDGE('',*,*,#3935,.F.);
#5129=ORIENTED_EDGE('',*,*,#3930,.F.);
#5130=ORIENTED_EDGE('',*,*,#3936,.T.);
#5131=ORIENTED_EDGE('',*,*,#3937,.T.);
#5132=ORIENTED_EDGE('',*,*,#3938,.T.);
#5133=ORIENTED_EDGE('',*,*,#3939,.T.);
#5134=ORIENTED_EDGE('',*,*,#3939,.F.);
#5135=ORIENTED_EDGE('',*,*,#3940,.T.);
#5136=ORIENTED_EDGE('',*,*,#3941,.F.);
#5137=ORIENTED_EDGE('',*,*,#3942,.F.);
#5138=ORIENTED_EDGE('',*,*,#3943,.T.);
#5139=ORIENTED_EDGE('',*,*,#3944,.F.);
#5140=ORIENTED_EDGE('',*,*,#3945,.T.);
#5141=ORIENTED_EDGE('',*,*,#3946,.F.);
#5142=ORIENTED_EDGE('',*,*,#3940,.F.);
#5143=ORIENTED_EDGE('',*,*,#3938,.F.);
#5144=ORIENTED_EDGE('',*,*,#3947,.T.);
#5145=ORIENTED_EDGE('',*,*,#3948,.F.);
#5146=ORIENTED_EDGE('',*,*,#3949,.T.);
#5147=ORIENTED_EDGE('',*,*,#3534,.T.);
#5148=ORIENTED_EDGE('',*,*,#3664,.T.);
#5149=ORIENTED_EDGE('',*,*,#3950,.T.);
#5150=ORIENTED_EDGE('',*,*,#3951,.T.);
#5151=ORIENTED_EDGE('',*,*,#3952,.T.);
#5152=ORIENTED_EDGE('',*,*,#3952,.F.);
#5153=ORIENTED_EDGE('',*,*,#3953,.T.);
#5154=ORIENTED_EDGE('',*,*,#3954,.F.);
#5155=ORIENTED_EDGE('',*,*,#3665,.F.);
#5156=ORIENTED_EDGE('',*,*,#3951,.F.);
#5157=ORIENTED_EDGE('',*,*,#3955,.T.);
#5158=ORIENTED_EDGE('',*,*,#3956,.F.);
#5159=ORIENTED_EDGE('',*,*,#3957,.T.);
#5160=ORIENTED_EDGE('',*,*,#3958,.F.);
#5161=ORIENTED_EDGE('',*,*,#3953,.F.);
#5162=ORIENTED_EDGE('',*,*,#3959,.T.);
#5163=ORIENTED_EDGE('',*,*,#3960,.T.);
#5164=ORIENTED_EDGE('',*,*,#3961,.T.);
#5165=ORIENTED_EDGE('',*,*,#3962,.T.);
#5166=ORIENTED_EDGE('',*,*,#3962,.F.);
#5167=ORIENTED_EDGE('',*,*,#3963,.T.);
#5168=ORIENTED_EDGE('',*,*,#3964,.F.);
#5169=ORIENTED_EDGE('',*,*,#3965,.F.);
#5170=ORIENTED_EDGE('',*,*,#3966,.T.);
#5171=ORIENTED_EDGE('',*,*,#3967,.F.);
#5172=ORIENTED_EDGE('',*,*,#3968,.T.);
#5173=ORIENTED_EDGE('',*,*,#3969,.F.);
#5174=ORIENTED_EDGE('',*,*,#3963,.F.);
#5175=ORIENTED_EDGE('',*,*,#3961,.F.);
#5176=ORIENTED_EDGE('',*,*,#3970,.T.);
#5177=ORIENTED_EDGE('',*,*,#3971,.F.);
#5178=ORIENTED_EDGE('',*,*,#3972,.T.);
#5179=ORIENTED_EDGE('',*,*,#3540,.T.);
#5180=ORIENTED_EDGE('',*,*,#3673,.T.);
#5181=ORIENTED_EDGE('',*,*,#3973,.T.);
#5182=ORIENTED_EDGE('',*,*,#3974,.T.);
#5183=ORIENTED_EDGE('',*,*,#3975,.T.);
#5184=ORIENTED_EDGE('',*,*,#3975,.F.);
#5185=ORIENTED_EDGE('',*,*,#3976,.T.);
#5186=ORIENTED_EDGE('',*,*,#3977,.F.);
#5187=ORIENTED_EDGE('',*,*,#3674,.F.);
#5188=ORIENTED_EDGE('',*,*,#3974,.F.);
#5189=ORIENTED_EDGE('',*,*,#3978,.T.);
#5190=ORIENTED_EDGE('',*,*,#3979,.F.);
#5191=ORIENTED_EDGE('',*,*,#3980,.T.);
#5192=ORIENTED_EDGE('',*,*,#3981,.F.);
#5193=ORIENTED_EDGE('',*,*,#3976,.F.);
#5194=ORIENTED_EDGE('',*,*,#3982,.T.);
#5195=ORIENTED_EDGE('',*,*,#3983,.T.);
#5196=ORIENTED_EDGE('',*,*,#3984,.T.);
#5197=ORIENTED_EDGE('',*,*,#3985,.T.);
#5198=ORIENTED_EDGE('',*,*,#3985,.F.);
#5199=ORIENTED_EDGE('',*,*,#3986,.T.);
#5200=ORIENTED_EDGE('',*,*,#3987,.F.);
#5201=ORIENTED_EDGE('',*,*,#3988,.F.);
#5202=ORIENTED_EDGE('',*,*,#3989,.T.);
#5203=ORIENTED_EDGE('',*,*,#3990,.F.);
#5204=ORIENTED_EDGE('',*,*,#3991,.T.);
#5205=ORIENTED_EDGE('',*,*,#3992,.F.);
#5206=ORIENTED_EDGE('',*,*,#3986,.F.);
#5207=ORIENTED_EDGE('',*,*,#3984,.F.);
#5208=ORIENTED_EDGE('',*,*,#3993,.T.);
#5209=ORIENTED_EDGE('',*,*,#3994,.F.);
#5210=ORIENTED_EDGE('',*,*,#3995,.T.);
#5211=ORIENTED_EDGE('',*,*,#3546,.T.);
#5212=ORIENTED_EDGE('',*,*,#3682,.T.);
#5213=ORIENTED_EDGE('',*,*,#3996,.T.);
#5214=ORIENTED_EDGE('',*,*,#3997,.T.);
#5215=ORIENTED_EDGE('',*,*,#3998,.T.);
#5216=ORIENTED_EDGE('',*,*,#3998,.F.);
#5217=ORIENTED_EDGE('',*,*,#3999,.T.);
#5218=ORIENTED_EDGE('',*,*,#4000,.F.);
#5219=ORIENTED_EDGE('',*,*,#3683,.F.);
#5220=ORIENTED_EDGE('',*,*,#3997,.F.);
#5221=ORIENTED_EDGE('',*,*,#4001,.T.);
#5222=ORIENTED_EDGE('',*,*,#4002,.F.);
#5223=ORIENTED_EDGE('',*,*,#4003,.T.);
#5224=ORIENTED_EDGE('',*,*,#4004,.F.);
#5225=ORIENTED_EDGE('',*,*,#3999,.F.);
#5226=ORIENTED_EDGE('',*,*,#4005,.T.);
#5227=ORIENTED_EDGE('',*,*,#4006,.T.);
#5228=ORIENTED_EDGE('',*,*,#4007,.T.);
#5229=ORIENTED_EDGE('',*,*,#4008,.T.);
#5230=ORIENTED_EDGE('',*,*,#4008,.F.);
#5231=ORIENTED_EDGE('',*,*,#4009,.T.);
#5232=ORIENTED_EDGE('',*,*,#4010,.F.);
#5233=ORIENTED_EDGE('',*,*,#4011,.F.);
#5234=ORIENTED_EDGE('',*,*,#4012,.T.);
#5235=ORIENTED_EDGE('',*,*,#4013,.F.);
#5236=ORIENTED_EDGE('',*,*,#4014,.T.);
#5237=ORIENTED_EDGE('',*,*,#4015,.F.);
#5238=ORIENTED_EDGE('',*,*,#4009,.F.);
#5239=ORIENTED_EDGE('',*,*,#4007,.F.);
#5240=ORIENTED_EDGE('',*,*,#4016,.T.);
#5241=ORIENTED_EDGE('',*,*,#4017,.F.);
#5242=ORIENTED_EDGE('',*,*,#4018,.T.);
#5243=ORIENTED_EDGE('',*,*,#3552,.T.);
#5244=ORIENTED_EDGE('',*,*,#3691,.T.);
#5245=ORIENTED_EDGE('',*,*,#4019,.T.);
#5246=ORIENTED_EDGE('',*,*,#4020,.T.);
#5247=ORIENTED_EDGE('',*,*,#4021,.T.);
#5248=ORIENTED_EDGE('',*,*,#4021,.F.);
#5249=ORIENTED_EDGE('',*,*,#4022,.T.);
#5250=ORIENTED_EDGE('',*,*,#4023,.F.);
#5251=ORIENTED_EDGE('',*,*,#3692,.F.);
#5252=ORIENTED_EDGE('',*,*,#4020,.F.);
#5253=ORIENTED_EDGE('',*,*,#4024,.T.);
#5254=ORIENTED_EDGE('',*,*,#4025,.F.);
#5255=ORIENTED_EDGE('',*,*,#4026,.T.);
#5256=ORIENTED_EDGE('',*,*,#4027,.F.);
#5257=ORIENTED_EDGE('',*,*,#4022,.F.);
#5258=ORIENTED_EDGE('',*,*,#4028,.T.);
#5259=ORIENTED_EDGE('',*,*,#4029,.T.);
#5260=ORIENTED_EDGE('',*,*,#4030,.T.);
#5261=ORIENTED_EDGE('',*,*,#4031,.T.);
#5262=ORIENTED_EDGE('',*,*,#4031,.F.);
#5263=ORIENTED_EDGE('',*,*,#4032,.T.);
#5264=ORIENTED_EDGE('',*,*,#4033,.F.);
#5265=ORIENTED_EDGE('',*,*,#4034,.F.);
#5266=ORIENTED_EDGE('',*,*,#4035,.T.);
#5267=ORIENTED_EDGE('',*,*,#4036,.F.);
#5268=ORIENTED_EDGE('',*,*,#4037,.T.);
#5269=ORIENTED_EDGE('',*,*,#4038,.F.);
#5270=ORIENTED_EDGE('',*,*,#4032,.F.);
#5271=ORIENTED_EDGE('',*,*,#4030,.F.);
#5272=ORIENTED_EDGE('',*,*,#4039,.T.);
#5273=ORIENTED_EDGE('',*,*,#4040,.F.);
#5274=ORIENTED_EDGE('',*,*,#4041,.T.);
#5275=ORIENTED_EDGE('',*,*,#3558,.T.);
#5276=ORIENTED_EDGE('',*,*,#4042,.T.);
#5277=ORIENTED_EDGE('',*,*,#4043,.T.);
#5278=ORIENTED_EDGE('',*,*,#4044,.T.);
#5279=ORIENTED_EDGE('',*,*,#4045,.T.);
#5280=ORIENTED_EDGE('',*,*,#4045,.F.);
#5281=ORIENTED_EDGE('',*,*,#4046,.T.);
#5282=ORIENTED_EDGE('',*,*,#4047,.F.);
#5283=ORIENTED_EDGE('',*,*,#4048,.F.);
#5284=ORIENTED_EDGE('',*,*,#4044,.F.);
#5285=ORIENTED_EDGE('',*,*,#4049,.T.);
#5286=ORIENTED_EDGE('',*,*,#4050,.F.);
#5287=ORIENTED_EDGE('',*,*,#4051,.T.);
#5288=ORIENTED_EDGE('',*,*,#4052,.F.);
#5289=ORIENTED_EDGE('',*,*,#4046,.F.);
#5290=ORIENTED_EDGE('',*,*,#4053,.T.);
#5291=ORIENTED_EDGE('',*,*,#4054,.T.);
#5292=ORIENTED_EDGE('',*,*,#3702,.T.);
#5293=ORIENTED_EDGE('',*,*,#4055,.T.);
#5294=ORIENTED_EDGE('',*,*,#4055,.F.);
#5295=ORIENTED_EDGE('',*,*,#3701,.T.);
#5296=ORIENTED_EDGE('',*,*,#4056,.F.);
#5297=ORIENTED_EDGE('',*,*,#4057,.F.);
#5298=ORIENTED_EDGE('',*,*,#3715,.T.);
#5299=ORIENTED_EDGE('',*,*,#4058,.T.);
#5300=ORIENTED_EDGE('',*,*,#4059,.T.);
#5301=ORIENTED_EDGE('',*,*,#4060,.T.);
#5302=ORIENTED_EDGE('',*,*,#4060,.F.);
#5303=ORIENTED_EDGE('',*,*,#4061,.T.);
#5304=ORIENTED_EDGE('',*,*,#4062,.F.);
#5305=ORIENTED_EDGE('',*,*,#3716,.F.);
#5306=ORIENTED_EDGE('',*,*,#4059,.F.);
#5307=ORIENTED_EDGE('',*,*,#4063,.T.);
#5308=ORIENTED_EDGE('',*,*,#4064,.F.);
#5309=ORIENTED_EDGE('',*,*,#4065,.T.);
#5310=ORIENTED_EDGE('',*,*,#4066,.F.);
#5311=ORIENTED_EDGE('',*,*,#4061,.F.);
#5312=ORIENTED_EDGE('',*,*,#4067,.T.);
#5313=ORIENTED_EDGE('',*,*,#4068,.T.);
#5314=ORIENTED_EDGE('',*,*,#4069,.T.);
#5315=ORIENTED_EDGE('',*,*,#4070,.T.);
#5316=ORIENTED_EDGE('',*,*,#4070,.F.);
#5317=ORIENTED_EDGE('',*,*,#4071,.T.);
#5318=ORIENTED_EDGE('',*,*,#4072,.F.);
#5319=ORIENTED_EDGE('',*,*,#4073,.F.);
#5320=ORIENTED_EDGE('',*,*,#4074,.T.);
#5321=ORIENTED_EDGE('',*,*,#4075,.F.);
#5322=ORIENTED_EDGE('',*,*,#4076,.T.);
#5323=ORIENTED_EDGE('',*,*,#4077,.F.);
#5324=ORIENTED_EDGE('',*,*,#4071,.F.);
#5325=ORIENTED_EDGE('',*,*,#4069,.F.);
#5326=ORIENTED_EDGE('',*,*,#4078,.T.);
#5327=ORIENTED_EDGE('',*,*,#4079,.F.);
#5328=ORIENTED_EDGE('',*,*,#4080,.T.);
#5329=ORIENTED_EDGE('',*,*,#3705,.T.);
#5330=ORIENTED_EDGE('',*,*,#3684,.T.);
#5331=ORIENTED_EDGE('',*,*,#4000,.T.);
#5332=ORIENTED_EDGE('',*,*,#4004,.T.);
#5333=ORIENTED_EDGE('',*,*,#4081,.T.);
#5334=ORIENTED_EDGE('',*,*,#4081,.F.);
#5335=ORIENTED_EDGE('',*,*,#4003,.F.);
#5336=ORIENTED_EDGE('',*,*,#4082,.T.);
#5337=ORIENTED_EDGE('',*,*,#4083,.F.);
#5338=ORIENTED_EDGE('',*,*,#4084,.F.);
#5339=ORIENTED_EDGE('',*,*,#3991,.F.);
#5340=ORIENTED_EDGE('',*,*,#4085,.T.);
#5341=ORIENTED_EDGE('',*,*,#3676,.F.);
#5342=ORIENTED_EDGE('',*,*,#4086,.F.);
#5343=ORIENTED_EDGE('',*,*,#3980,.F.);
#5344=ORIENTED_EDGE('',*,*,#4087,.T.);
#5345=ORIENTED_EDGE('',*,*,#4088,.F.);
#5346=ORIENTED_EDGE('',*,*,#4089,.F.);
#5347=ORIENTED_EDGE('',*,*,#3968,.F.);
#5348=ORIENTED_EDGE('',*,*,#4090,.T.);
#5349=ORIENTED_EDGE('',*,*,#3667,.F.);
#5350=ORIENTED_EDGE('',*,*,#4091,.F.);
#5351=ORIENTED_EDGE('',*,*,#3957,.F.);
#5352=ORIENTED_EDGE('',*,*,#4092,.T.);
#5353=ORIENTED_EDGE('',*,*,#4093,.F.);
#5354=ORIENTED_EDGE('',*,*,#4094,.F.);
#5355=ORIENTED_EDGE('',*,*,#3945,.F.);
#5356=ORIENTED_EDGE('',*,*,#4095,.T.);
#5357=ORIENTED_EDGE('',*,*,#3658,.F.);
#5358=ORIENTED_EDGE('',*,*,#4096,.F.);
#5359=ORIENTED_EDGE('',*,*,#3934,.F.);
#5360=ORIENTED_EDGE('',*,*,#4097,.T.);
#5361=ORIENTED_EDGE('',*,*,#4098,.F.);
#5362=ORIENTED_EDGE('',*,*,#4099,.F.);
#5363=ORIENTED_EDGE('',*,*,#3922,.F.);
#5364=ORIENTED_EDGE('',*,*,#4100,.T.);
#5365=ORIENTED_EDGE('',*,*,#3649,.F.);
#5366=ORIENTED_EDGE('',*,*,#4101,.F.);
#5367=ORIENTED_EDGE('',*,*,#3911,.F.);
#5368=ORIENTED_EDGE('',*,*,#4102,.T.);
#5369=ORIENTED_EDGE('',*,*,#4103,.F.);
#5370=ORIENTED_EDGE('',*,*,#4104,.F.);
#5371=ORIENTED_EDGE('',*,*,#3899,.F.);
#5372=ORIENTED_EDGE('',*,*,#4105,.T.);
#5373=ORIENTED_EDGE('',*,*,#3640,.F.);
#5374=ORIENTED_EDGE('',*,*,#4106,.F.);
#5375=ORIENTED_EDGE('',*,*,#3888,.F.);
#5376=ORIENTED_EDGE('',*,*,#4107,.T.);
#5377=ORIENTED_EDGE('',*,*,#4108,.F.);
#5378=ORIENTED_EDGE('',*,*,#4109,.F.);
#5379=ORIENTED_EDGE('',*,*,#3876,.F.);
#5380=ORIENTED_EDGE('',*,*,#4110,.T.);
#5381=ORIENTED_EDGE('',*,*,#3631,.F.);
#5382=ORIENTED_EDGE('',*,*,#4111,.F.);
#5383=ORIENTED_EDGE('',*,*,#3865,.F.);
#5384=ORIENTED_EDGE('',*,*,#4112,.T.);
#5385=ORIENTED_EDGE('',*,*,#4113,.F.);
#5386=ORIENTED_EDGE('',*,*,#4114,.F.);
#5387=ORIENTED_EDGE('',*,*,#3853,.F.);
#5388=ORIENTED_EDGE('',*,*,#4115,.T.);
#5389=ORIENTED_EDGE('',*,*,#3622,.F.);
#5390=ORIENTED_EDGE('',*,*,#4116,.F.);
#5391=ORIENTED_EDGE('',*,*,#3842,.F.);
#5392=ORIENTED_EDGE('',*,*,#4117,.T.);
#5393=ORIENTED_EDGE('',*,*,#4118,.F.);
#5394=ORIENTED_EDGE('',*,*,#4119,.F.);
#5395=ORIENTED_EDGE('',*,*,#3830,.F.);
#5396=ORIENTED_EDGE('',*,*,#4120,.T.);
#5397=ORIENTED_EDGE('',*,*,#3613,.F.);
#5398=ORIENTED_EDGE('',*,*,#4121,.F.);
#5399=ORIENTED_EDGE('',*,*,#3819,.F.);
#5400=ORIENTED_EDGE('',*,*,#4122,.T.);
#5401=ORIENTED_EDGE('',*,*,#4123,.F.);
#5402=ORIENTED_EDGE('',*,*,#4124,.F.);
#5403=ORIENTED_EDGE('',*,*,#3807,.F.);
#5404=ORIENTED_EDGE('',*,*,#4125,.T.);
#5405=ORIENTED_EDGE('',*,*,#3604,.F.);
#5406=ORIENTED_EDGE('',*,*,#4126,.F.);
#5407=ORIENTED_EDGE('',*,*,#3796,.F.);
#5408=ORIENTED_EDGE('',*,*,#4127,.T.);
#5409=ORIENTED_EDGE('',*,*,#4128,.F.);
#5410=ORIENTED_EDGE('',*,*,#4129,.F.);
#5411=ORIENTED_EDGE('',*,*,#3784,.F.);
#5412=ORIENTED_EDGE('',*,*,#4130,.T.);
#5413=ORIENTED_EDGE('',*,*,#3595,.F.);
#5414=ORIENTED_EDGE('',*,*,#4131,.F.);
#5415=ORIENTED_EDGE('',*,*,#3773,.F.);
#5416=ORIENTED_EDGE('',*,*,#4132,.T.);
#5417=ORIENTED_EDGE('',*,*,#4133,.F.);
#5418=ORIENTED_EDGE('',*,*,#4134,.F.);
#5419=ORIENTED_EDGE('',*,*,#3761,.F.);
#5420=ORIENTED_EDGE('',*,*,#4135,.T.);
#5421=ORIENTED_EDGE('',*,*,#3586,.F.);
#5422=ORIENTED_EDGE('',*,*,#4136,.F.);
#5423=ORIENTED_EDGE('',*,*,#3750,.F.);
#5424=ORIENTED_EDGE('',*,*,#4137,.T.);
#5425=ORIENTED_EDGE('',*,*,#4138,.F.);
#5426=ORIENTED_EDGE('',*,*,#4139,.F.);
#5427=ORIENTED_EDGE('',*,*,#3738,.F.);
#5428=ORIENTED_EDGE('',*,*,#4140,.T.);
#5429=ORIENTED_EDGE('',*,*,#3577,.F.);
#5430=ORIENTED_EDGE('',*,*,#4141,.F.);
#5431=ORIENTED_EDGE('',*,*,#3727,.F.);
#5432=ORIENTED_EDGE('',*,*,#4142,.T.);
#5433=ORIENTED_EDGE('',*,*,#4143,.F.);
#5434=ORIENTED_EDGE('',*,*,#4144,.F.);
#5435=ORIENTED_EDGE('',*,*,#4076,.F.);
#5436=ORIENTED_EDGE('',*,*,#4145,.T.);
#5437=ORIENTED_EDGE('',*,*,#3718,.F.);
#5438=ORIENTED_EDGE('',*,*,#4146,.F.);
#5439=ORIENTED_EDGE('',*,*,#4065,.F.);
#5440=ORIENTED_EDGE('',*,*,#4147,.T.);
#5441=ORIENTED_EDGE('',*,*,#4148,.F.);
#5442=ORIENTED_EDGE('',*,*,#4149,.F.);
#5443=ORIENTED_EDGE('',*,*,#3699,.F.);
#5444=ORIENTED_EDGE('',*,*,#4150,.T.);
#5445=ORIENTED_EDGE('',*,*,#4151,.F.);
#5446=ORIENTED_EDGE('',*,*,#4152,.F.);
#5447=ORIENTED_EDGE('',*,*,#4051,.F.);
#5448=ORIENTED_EDGE('',*,*,#4153,.T.);
#5449=ORIENTED_EDGE('',*,*,#4154,.F.);
#5450=ORIENTED_EDGE('',*,*,#4155,.F.);
#5451=ORIENTED_EDGE('',*,*,#4037,.F.);
#5452=ORIENTED_EDGE('',*,*,#4156,.T.);
#5453=ORIENTED_EDGE('',*,*,#3694,.F.);
#5454=ORIENTED_EDGE('',*,*,#4157,.F.);
#5455=ORIENTED_EDGE('',*,*,#4026,.F.);
#5456=ORIENTED_EDGE('',*,*,#4158,.T.);
#5457=ORIENTED_EDGE('',*,*,#4159,.F.);
#5458=ORIENTED_EDGE('',*,*,#4160,.F.);
#5459=ORIENTED_EDGE('',*,*,#4014,.F.);
#5460=ORIENTED_EDGE('',*,*,#4161,.T.);
#5461=ORIENTED_EDGE('',*,*,#3685,.F.);
#5462=ORIENTED_EDGE('',*,*,#4162,.T.);
#5463=ORIENTED_EDGE('',*,*,#4163,.T.);
#5464=ORIENTED_EDGE('',*,*,#4010,.T.);
#5465=ORIENTED_EDGE('',*,*,#4015,.T.);
#5466=ORIENTED_EDGE('',*,*,#4160,.T.);
#5467=ORIENTED_EDGE('',*,*,#4005,.F.);
#5468=ORIENTED_EDGE('',*,*,#4011,.T.);
#5469=ORIENTED_EDGE('',*,*,#4163,.F.);
#5470=ORIENTED_EDGE('',*,*,#4159,.T.);
#5471=ORIENTED_EDGE('',*,*,#4164,.F.);
#5472=ORIENTED_EDGE('',*,*,#4165,.F.);
#5473=ORIENTED_EDGE('',*,*,#3693,.T.);
#5474=ORIENTED_EDGE('',*,*,#4023,.T.);
#5475=ORIENTED_EDGE('',*,*,#4027,.T.);
#5476=ORIENTED_EDGE('',*,*,#4157,.T.);
#5477=ORIENTED_EDGE('',*,*,#4166,.T.);
#5478=ORIENTED_EDGE('',*,*,#4033,.T.);
#5479=ORIENTED_EDGE('',*,*,#4038,.T.);
#5480=ORIENTED_EDGE('',*,*,#4155,.T.);
#5481=ORIENTED_EDGE('',*,*,#4028,.F.);
#5482=ORIENTED_EDGE('',*,*,#4034,.T.);
#5483=ORIENTED_EDGE('',*,*,#4166,.F.);
#5484=ORIENTED_EDGE('',*,*,#4154,.T.);
#5485=ORIENTED_EDGE('',*,*,#4167,.F.);
#5486=ORIENTED_EDGE('',*,*,#4168,.F.);
#5487=ORIENTED_EDGE('',*,*,#4169,.T.);
#5488=ORIENTED_EDGE('',*,*,#4047,.T.);
#5489=ORIENTED_EDGE('',*,*,#4052,.T.);
#5490=ORIENTED_EDGE('',*,*,#4152,.T.);
#5491=ORIENTED_EDGE('',*,*,#4170,.T.);
#5492=ORIENTED_EDGE('',*,*,#4171,.F.);
#5493=ORIENTED_EDGE('',*,*,#4172,.F.);
#5494=ORIENTED_EDGE('',*,*,#4042,.F.);
#5495=ORIENTED_EDGE('',*,*,#4048,.T.);
#5496=ORIENTED_EDGE('',*,*,#4169,.F.);
#5497=ORIENTED_EDGE('',*,*,#4151,.T.);
#5498=ORIENTED_EDGE('',*,*,#4173,.F.);
#5499=ORIENTED_EDGE('',*,*,#4174,.T.);
#5500=ORIENTED_EDGE('',*,*,#3564,.T.);
#5501=ORIENTED_EDGE('',*,*,#4175,.T.);
#5502=ORIENTED_EDGE('',*,*,#4056,.T.);
#5503=ORIENTED_EDGE('',*,*,#3700,.T.);
#5504=ORIENTED_EDGE('',*,*,#4149,.T.);
#5505=ORIENTED_EDGE('',*,*,#4053,.F.);
#5506=ORIENTED_EDGE('',*,*,#4057,.T.);
#5507=ORIENTED_EDGE('',*,*,#4175,.F.);
#5508=ORIENTED_EDGE('',*,*,#4148,.T.);
#5509=ORIENTED_EDGE('',*,*,#4176,.F.);
#5510=ORIENTED_EDGE('',*,*,#4177,.F.);
#5511=ORIENTED_EDGE('',*,*,#3717,.T.);
#5512=ORIENTED_EDGE('',*,*,#4062,.T.);
#5513=ORIENTED_EDGE('',*,*,#4066,.T.);
#5514=ORIENTED_EDGE('',*,*,#4146,.T.);
#5515=ORIENTED_EDGE('',*,*,#4178,.T.);
#5516=ORIENTED_EDGE('',*,*,#4072,.T.);
#5517=ORIENTED_EDGE('',*,*,#4077,.T.);
#5518=ORIENTED_EDGE('',*,*,#4144,.T.);
#5519=ORIENTED_EDGE('',*,*,#4067,.F.);
#5520=ORIENTED_EDGE('',*,*,#4073,.T.);
#5521=ORIENTED_EDGE('',*,*,#4178,.F.);
#5522=ORIENTED_EDGE('',*,*,#4143,.T.);
#5523=ORIENTED_EDGE('',*,*,#4179,.F.);
#5524=ORIENTED_EDGE('',*,*,#4180,.F.);
#5525=ORIENTED_EDGE('',*,*,#3576,.T.);
#5526=ORIENTED_EDGE('',*,*,#3724,.T.);
#5527=ORIENTED_EDGE('',*,*,#3728,.T.);
#5528=ORIENTED_EDGE('',*,*,#4141,.T.);
#5529=ORIENTED_EDGE('',*,*,#4181,.T.);
#5530=ORIENTED_EDGE('',*,*,#3734,.T.);
#5531=ORIENTED_EDGE('',*,*,#3739,.T.);
#5532=ORIENTED_EDGE('',*,*,#4139,.T.);
#5533=ORIENTED_EDGE('',*,*,#3729,.F.);
#5534=ORIENTED_EDGE('',*,*,#3735,.T.);
#5535=ORIENTED_EDGE('',*,*,#4181,.F.);
#5536=ORIENTED_EDGE('',*,*,#4138,.T.);
#5537=ORIENTED_EDGE('',*,*,#4182,.F.);
#5538=ORIENTED_EDGE('',*,*,#4183,.F.);
#5539=ORIENTED_EDGE('',*,*,#3585,.T.);
#5540=ORIENTED_EDGE('',*,*,#3747,.T.);
#5541=ORIENTED_EDGE('',*,*,#3751,.T.);
#5542=ORIENTED_EDGE('',*,*,#4136,.T.);
#5543=ORIENTED_EDGE('',*,*,#4184,.T.);
#5544=ORIENTED_EDGE('',*,*,#3757,.T.);
#5545=ORIENTED_EDGE('',*,*,#3762,.T.);
#5546=ORIENTED_EDGE('',*,*,#4134,.T.);
#5547=ORIENTED_EDGE('',*,*,#3752,.F.);
#5548=ORIENTED_EDGE('',*,*,#3758,.T.);
#5549=ORIENTED_EDGE('',*,*,#4184,.F.);
#5550=ORIENTED_EDGE('',*,*,#4133,.T.);
#5551=ORIENTED_EDGE('',*,*,#4185,.F.);
#5552=ORIENTED_EDGE('',*,*,#4186,.F.);
#5553=ORIENTED_EDGE('',*,*,#3594,.T.);
#5554=ORIENTED_EDGE('',*,*,#3770,.T.);
#5555=ORIENTED_EDGE('',*,*,#3774,.T.);
#5556=ORIENTED_EDGE('',*,*,#4131,.T.);
#5557=ORIENTED_EDGE('',*,*,#4187,.T.);
#5558=ORIENTED_EDGE('',*,*,#3780,.T.);
#5559=ORIENTED_EDGE('',*,*,#3785,.T.);
#5560=ORIENTED_EDGE('',*,*,#4129,.T.);
#5561=ORIENTED_EDGE('',*,*,#3775,.F.);
#5562=ORIENTED_EDGE('',*,*,#3781,.T.);
#5563=ORIENTED_EDGE('',*,*,#4187,.F.);
#5564=ORIENTED_EDGE('',*,*,#4128,.T.);
#5565=ORIENTED_EDGE('',*,*,#4188,.F.);
#5566=ORIENTED_EDGE('',*,*,#4189,.F.);
#5567=ORIENTED_EDGE('',*,*,#3603,.T.);
#5568=ORIENTED_EDGE('',*,*,#3793,.T.);
#5569=ORIENTED_EDGE('',*,*,#3797,.T.);
#5570=ORIENTED_EDGE('',*,*,#4126,.T.);
#5571=ORIENTED_EDGE('',*,*,#4190,.T.);
#5572=ORIENTED_EDGE('',*,*,#3803,.T.);
#5573=ORIENTED_EDGE('',*,*,#3808,.T.);
#5574=ORIENTED_EDGE('',*,*,#4124,.T.);
#5575=ORIENTED_EDGE('',*,*,#3798,.F.);
#5576=ORIENTED_EDGE('',*,*,#3804,.T.);
#5577=ORIENTED_EDGE('',*,*,#4190,.F.);
#5578=ORIENTED_EDGE('',*,*,#4123,.T.);
#5579=ORIENTED_EDGE('',*,*,#4191,.F.);
#5580=ORIENTED_EDGE('',*,*,#4192,.F.);
#5581=ORIENTED_EDGE('',*,*,#3612,.T.);
#5582=ORIENTED_EDGE('',*,*,#3816,.T.);
#5583=ORIENTED_EDGE('',*,*,#3820,.T.);
#5584=ORIENTED_EDGE('',*,*,#4121,.T.);
#5585=ORIENTED_EDGE('',*,*,#4193,.T.);
#5586=ORIENTED_EDGE('',*,*,#3826,.T.);
#5587=ORIENTED_EDGE('',*,*,#3831,.T.);
#5588=ORIENTED_EDGE('',*,*,#4119,.T.);
#5589=ORIENTED_EDGE('',*,*,#3821,.F.);
#5590=ORIENTED_EDGE('',*,*,#3827,.T.);
#5591=ORIENTED_EDGE('',*,*,#4193,.F.);
#5592=ORIENTED_EDGE('',*,*,#4118,.T.);
#5593=ORIENTED_EDGE('',*,*,#4194,.F.);
#5594=ORIENTED_EDGE('',*,*,#4195,.F.);
#5595=ORIENTED_EDGE('',*,*,#3621,.T.);
#5596=ORIENTED_EDGE('',*,*,#3839,.T.);
#5597=ORIENTED_EDGE('',*,*,#3843,.T.);
#5598=ORIENTED_EDGE('',*,*,#4116,.T.);
#5599=ORIENTED_EDGE('',*,*,#4196,.T.);
#5600=ORIENTED_EDGE('',*,*,#3849,.T.);
#5601=ORIENTED_EDGE('',*,*,#3854,.T.);
#5602=ORIENTED_EDGE('',*,*,#4114,.T.);
#5603=ORIENTED_EDGE('',*,*,#3844,.F.);
#5604=ORIENTED_EDGE('',*,*,#3850,.T.);
#5605=ORIENTED_EDGE('',*,*,#4196,.F.);
#5606=ORIENTED_EDGE('',*,*,#4113,.T.);
#5607=ORIENTED_EDGE('',*,*,#4197,.F.);
#5608=ORIENTED_EDGE('',*,*,#4198,.F.);
#5609=ORIENTED_EDGE('',*,*,#3630,.T.);
#5610=ORIENTED_EDGE('',*,*,#3862,.T.);
#5611=ORIENTED_EDGE('',*,*,#3866,.T.);
#5612=ORIENTED_EDGE('',*,*,#4111,.T.);
#5613=ORIENTED_EDGE('',*,*,#4199,.T.);
#5614=ORIENTED_EDGE('',*,*,#3872,.T.);
#5615=ORIENTED_EDGE('',*,*,#3877,.T.);
#5616=ORIENTED_EDGE('',*,*,#4109,.T.);
#5617=ORIENTED_EDGE('',*,*,#3867,.F.);
#5618=ORIENTED_EDGE('',*,*,#3873,.T.);
#5619=ORIENTED_EDGE('',*,*,#4199,.F.);
#5620=ORIENTED_EDGE('',*,*,#4108,.T.);
#5621=ORIENTED_EDGE('',*,*,#4200,.F.);
#5622=ORIENTED_EDGE('',*,*,#4201,.F.);
#5623=ORIENTED_EDGE('',*,*,#3639,.T.);
#5624=ORIENTED_EDGE('',*,*,#3885,.T.);
#5625=ORIENTED_EDGE('',*,*,#3889,.T.);
#5626=ORIENTED_EDGE('',*,*,#4106,.T.);
#5627=ORIENTED_EDGE('',*,*,#4202,.T.);
#5628=ORIENTED_EDGE('',*,*,#3895,.T.);
#5629=ORIENTED_EDGE('',*,*,#3900,.T.);
#5630=ORIENTED_EDGE('',*,*,#4104,.T.);
#5631=ORIENTED_EDGE('',*,*,#3890,.F.);
#5632=ORIENTED_EDGE('',*,*,#3896,.T.);
#5633=ORIENTED_EDGE('',*,*,#4202,.F.);
#5634=ORIENTED_EDGE('',*,*,#4103,.T.);
#5635=ORIENTED_EDGE('',*,*,#4203,.F.);
#5636=ORIENTED_EDGE('',*,*,#4204,.F.);
#5637=ORIENTED_EDGE('',*,*,#3648,.T.);
#5638=ORIENTED_EDGE('',*,*,#3908,.T.);
#5639=ORIENTED_EDGE('',*,*,#3912,.T.);
#5640=ORIENTED_EDGE('',*,*,#4101,.T.);
#5641=ORIENTED_EDGE('',*,*,#4205,.T.);
#5642=ORIENTED_EDGE('',*,*,#3918,.T.);
#5643=ORIENTED_EDGE('',*,*,#3923,.T.);
#5644=ORIENTED_EDGE('',*,*,#4099,.T.);
#5645=ORIENTED_EDGE('',*,*,#3913,.F.);
#5646=ORIENTED_EDGE('',*,*,#3919,.T.);
#5647=ORIENTED_EDGE('',*,*,#4205,.F.);
#5648=ORIENTED_EDGE('',*,*,#4098,.T.);
#5649=ORIENTED_EDGE('',*,*,#4206,.F.);
#5650=ORIENTED_EDGE('',*,*,#4207,.F.);
#5651=ORIENTED_EDGE('',*,*,#3657,.T.);
#5652=ORIENTED_EDGE('',*,*,#3931,.T.);
#5653=ORIENTED_EDGE('',*,*,#3935,.T.);
#5654=ORIENTED_EDGE('',*,*,#4096,.T.);
#5655=ORIENTED_EDGE('',*,*,#4208,.T.);
#5656=ORIENTED_EDGE('',*,*,#3941,.T.);
#5657=ORIENTED_EDGE('',*,*,#3946,.T.);
#5658=ORIENTED_EDGE('',*,*,#4094,.T.);
#5659=ORIENTED_EDGE('',*,*,#3936,.F.);
#5660=ORIENTED_EDGE('',*,*,#3942,.T.);
#5661=ORIENTED_EDGE('',*,*,#4208,.F.);
#5662=ORIENTED_EDGE('',*,*,#4093,.T.);
#5663=ORIENTED_EDGE('',*,*,#4209,.F.);
#5664=ORIENTED_EDGE('',*,*,#4210,.F.);
#5665=ORIENTED_EDGE('',*,*,#3666,.T.);
#5666=ORIENTED_EDGE('',*,*,#3954,.T.);
#5667=ORIENTED_EDGE('',*,*,#3958,.T.);
#5668=ORIENTED_EDGE('',*,*,#4091,.T.);
#5669=ORIENTED_EDGE('',*,*,#4211,.T.);
#5670=ORIENTED_EDGE('',*,*,#3964,.T.);
#5671=ORIENTED_EDGE('',*,*,#3969,.T.);
#5672=ORIENTED_EDGE('',*,*,#4089,.T.);
#5673=ORIENTED_EDGE('',*,*,#3959,.F.);
#5674=ORIENTED_EDGE('',*,*,#3965,.T.);
#5675=ORIENTED_EDGE('',*,*,#4211,.F.);
#5676=ORIENTED_EDGE('',*,*,#4088,.T.);
#5677=ORIENTED_EDGE('',*,*,#4212,.F.);
#5678=ORIENTED_EDGE('',*,*,#4213,.F.);
#5679=ORIENTED_EDGE('',*,*,#3675,.T.);
#5680=ORIENTED_EDGE('',*,*,#3977,.T.);
#5681=ORIENTED_EDGE('',*,*,#3981,.T.);
#5682=ORIENTED_EDGE('',*,*,#4086,.T.);
#5683=ORIENTED_EDGE('',*,*,#4214,.T.);
#5684=ORIENTED_EDGE('',*,*,#3987,.T.);
#5685=ORIENTED_EDGE('',*,*,#3992,.T.);
#5686=ORIENTED_EDGE('',*,*,#4084,.T.);
#5687=ORIENTED_EDGE('',*,*,#3982,.F.);
#5688=ORIENTED_EDGE('',*,*,#3988,.T.);
#5689=ORIENTED_EDGE('',*,*,#4214,.F.);
#5690=ORIENTED_EDGE('',*,*,#4083,.T.);
#5691=ORIENTED_EDGE('',*,*,#4215,.F.);
#5692=ORIENTED_EDGE('',*,*,#4216,.F.);
#5693=ORIENTED_EDGE('',*,*,#3632,.T.);
#5694=ORIENTED_EDGE('',*,*,#4110,.F.);
#5695=ORIENTED_EDGE('',*,*,#3875,.T.);
#5696=ORIENTED_EDGE('',*,*,#4217,.T.);
#5697=ORIENTED_EDGE('',*,*,#4218,.T.);
#5698=ORIENTED_EDGE('',*,*,#3626,.T.);
#5699=ORIENTED_EDGE('',*,*,#4219,.T.);
#5700=ORIENTED_EDGE('',*,*,#4220,.T.);
#5701=ORIENTED_EDGE('',*,*,#3879,.T.);
#5702=ORIENTED_EDGE('',*,*,#4221,.T.);
#5703=ORIENTED_EDGE('',*,*,#4197,.T.);
#5704=ORIENTED_EDGE('',*,*,#4112,.F.);
#5705=ORIENTED_EDGE('',*,*,#3864,.T.);
#5706=ORIENTED_EDGE('',*,*,#4222,.T.);
#5707=ORIENTED_EDGE('',*,*,#3623,.T.);
#5708=ORIENTED_EDGE('',*,*,#4115,.F.);
#5709=ORIENTED_EDGE('',*,*,#3852,.T.);
#5710=ORIENTED_EDGE('',*,*,#4223,.T.);
#5711=ORIENTED_EDGE('',*,*,#4224,.T.);
#5712=ORIENTED_EDGE('',*,*,#3617,.T.);
#5713=ORIENTED_EDGE('',*,*,#4225,.T.);
#5714=ORIENTED_EDGE('',*,*,#4226,.T.);
#5715=ORIENTED_EDGE('',*,*,#3856,.T.);
#5716=ORIENTED_EDGE('',*,*,#4227,.T.);
#5717=ORIENTED_EDGE('',*,*,#4194,.T.);
#5718=ORIENTED_EDGE('',*,*,#4117,.F.);
#5719=ORIENTED_EDGE('',*,*,#3841,.T.);
#5720=ORIENTED_EDGE('',*,*,#4228,.T.);
#5721=ORIENTED_EDGE('',*,*,#3614,.T.);
#5722=ORIENTED_EDGE('',*,*,#4120,.F.);
#5723=ORIENTED_EDGE('',*,*,#3829,.T.);
#5724=ORIENTED_EDGE('',*,*,#4229,.T.);
#5725=ORIENTED_EDGE('',*,*,#4230,.T.);
#5726=ORIENTED_EDGE('',*,*,#3608,.T.);
#5727=ORIENTED_EDGE('',*,*,#4231,.T.);
#5728=ORIENTED_EDGE('',*,*,#4232,.T.);
#5729=ORIENTED_EDGE('',*,*,#3833,.T.);
#5730=ORIENTED_EDGE('',*,*,#4233,.T.);
#5731=ORIENTED_EDGE('',*,*,#4191,.T.);
#5732=ORIENTED_EDGE('',*,*,#4122,.F.);
#5733=ORIENTED_EDGE('',*,*,#3818,.T.);
#5734=ORIENTED_EDGE('',*,*,#4234,.T.);
#5735=ORIENTED_EDGE('',*,*,#3605,.T.);
#5736=ORIENTED_EDGE('',*,*,#4125,.F.);
#5737=ORIENTED_EDGE('',*,*,#3806,.T.);
#5738=ORIENTED_EDGE('',*,*,#4235,.T.);
#5739=ORIENTED_EDGE('',*,*,#4236,.T.);
#5740=ORIENTED_EDGE('',*,*,#3599,.T.);
#5741=ORIENTED_EDGE('',*,*,#4237,.T.);
#5742=ORIENTED_EDGE('',*,*,#4238,.T.);
#5743=ORIENTED_EDGE('',*,*,#3810,.T.);
#5744=ORIENTED_EDGE('',*,*,#4239,.T.);
#5745=ORIENTED_EDGE('',*,*,#4188,.T.);
#5746=ORIENTED_EDGE('',*,*,#4127,.F.);
#5747=ORIENTED_EDGE('',*,*,#3795,.T.);
#5748=ORIENTED_EDGE('',*,*,#4240,.T.);
#5749=ORIENTED_EDGE('',*,*,#3596,.T.);
#5750=ORIENTED_EDGE('',*,*,#4130,.F.);
#5751=ORIENTED_EDGE('',*,*,#3783,.T.);
#5752=ORIENTED_EDGE('',*,*,#4241,.T.);
#5753=ORIENTED_EDGE('',*,*,#4242,.T.);
#5754=ORIENTED_EDGE('',*,*,#3590,.T.);
#5755=ORIENTED_EDGE('',*,*,#4243,.T.);
#5756=ORIENTED_EDGE('',*,*,#4244,.T.);
#5757=ORIENTED_EDGE('',*,*,#3787,.T.);
#5758=ORIENTED_EDGE('',*,*,#4245,.T.);
#5759=ORIENTED_EDGE('',*,*,#4185,.T.);
#5760=ORIENTED_EDGE('',*,*,#4132,.F.);
#5761=ORIENTED_EDGE('',*,*,#3772,.T.);
#5762=ORIENTED_EDGE('',*,*,#4246,.T.);
#5763=ORIENTED_EDGE('',*,*,#3587,.T.);
#5764=ORIENTED_EDGE('',*,*,#4135,.F.);
#5765=ORIENTED_EDGE('',*,*,#3760,.T.);
#5766=ORIENTED_EDGE('',*,*,#4247,.T.);
#5767=ORIENTED_EDGE('',*,*,#4248,.T.);
#5768=ORIENTED_EDGE('',*,*,#3581,.T.);
#5769=ORIENTED_EDGE('',*,*,#4249,.T.);
#5770=ORIENTED_EDGE('',*,*,#4250,.T.);
#5771=ORIENTED_EDGE('',*,*,#3764,.T.);
#5772=ORIENTED_EDGE('',*,*,#4251,.T.);
#5773=ORIENTED_EDGE('',*,*,#4182,.T.);
#5774=ORIENTED_EDGE('',*,*,#4137,.F.);
#5775=ORIENTED_EDGE('',*,*,#3749,.T.);
#5776=ORIENTED_EDGE('',*,*,#4252,.T.);
#5777=ORIENTED_EDGE('',*,*,#3578,.T.);
#5778=ORIENTED_EDGE('',*,*,#4140,.F.);
#5779=ORIENTED_EDGE('',*,*,#3737,.T.);
#5780=ORIENTED_EDGE('',*,*,#4253,.T.);
#5781=ORIENTED_EDGE('',*,*,#4254,.T.);
#5782=ORIENTED_EDGE('',*,*,#3572,.T.);
#5783=ORIENTED_EDGE('',*,*,#4255,.T.);
#5784=ORIENTED_EDGE('',*,*,#4256,.T.);
#5785=ORIENTED_EDGE('',*,*,#3741,.T.);
#5786=ORIENTED_EDGE('',*,*,#4257,.T.);
#5787=ORIENTED_EDGE('',*,*,#4179,.T.);
#5788=ORIENTED_EDGE('',*,*,#4142,.F.);
#5789=ORIENTED_EDGE('',*,*,#3726,.T.);
#5790=ORIENTED_EDGE('',*,*,#4258,.T.);
#5791=ORIENTED_EDGE('',*,*,#3719,.T.);
#5792=ORIENTED_EDGE('',*,*,#4145,.F.);
#5793=ORIENTED_EDGE('',*,*,#4075,.T.);
#5794=ORIENTED_EDGE('',*,*,#4259,.T.);
#5795=ORIENTED_EDGE('',*,*,#4260,.T.);
#5796=ORIENTED_EDGE('',*,*,#3713,.T.);
#5797=ORIENTED_EDGE('',*,*,#4261,.T.);
#5798=ORIENTED_EDGE('',*,*,#4262,.T.);
#5799=ORIENTED_EDGE('',*,*,#4079,.T.);
#5800=ORIENTED_EDGE('',*,*,#4263,.T.);
#5801=ORIENTED_EDGE('',*,*,#4176,.T.);
#5802=ORIENTED_EDGE('',*,*,#4147,.F.);
#5803=ORIENTED_EDGE('',*,*,#4064,.T.);
#5804=ORIENTED_EDGE('',*,*,#4264,.T.);
#5805=ORIENTED_EDGE('',*,*,#4173,.T.);
#5806=ORIENTED_EDGE('',*,*,#4150,.F.);
#5807=ORIENTED_EDGE('',*,*,#3698,.T.);
#5808=ORIENTED_EDGE('',*,*,#4265,.T.);
#5809=ORIENTED_EDGE('',*,*,#4266,.T.);
#5810=ORIENTED_EDGE('',*,*,#4171,.T.);
#5811=ORIENTED_EDGE('',*,*,#4267,.T.);
#5812=ORIENTED_EDGE('',*,*,#4268,.T.);
#5813=ORIENTED_EDGE('',*,*,#3704,.T.);
#5814=ORIENTED_EDGE('',*,*,#4269,.T.);
#5815=ORIENTED_EDGE('',*,*,#4167,.T.);
#5816=ORIENTED_EDGE('',*,*,#4153,.F.);
#5817=ORIENTED_EDGE('',*,*,#4050,.T.);
#5818=ORIENTED_EDGE('',*,*,#4270,.T.);
#5819=ORIENTED_EDGE('',*,*,#3695,.T.);
#5820=ORIENTED_EDGE('',*,*,#4156,.F.);
#5821=ORIENTED_EDGE('',*,*,#4036,.T.);
#5822=ORIENTED_EDGE('',*,*,#4271,.T.);
#5823=ORIENTED_EDGE('',*,*,#4272,.T.);
#5824=ORIENTED_EDGE('',*,*,#3689,.T.);
#5825=ORIENTED_EDGE('',*,*,#4273,.T.);
#5826=ORIENTED_EDGE('',*,*,#4274,.T.);
#5827=ORIENTED_EDGE('',*,*,#4040,.T.);
#5828=ORIENTED_EDGE('',*,*,#4275,.T.);
#5829=ORIENTED_EDGE('',*,*,#4164,.T.);
#5830=ORIENTED_EDGE('',*,*,#4158,.F.);
#5831=ORIENTED_EDGE('',*,*,#4025,.T.);
#5832=ORIENTED_EDGE('',*,*,#4276,.T.);
#5833=ORIENTED_EDGE('',*,*,#3686,.T.);
#5834=ORIENTED_EDGE('',*,*,#4161,.F.);
#5835=ORIENTED_EDGE('',*,*,#4013,.T.);
#5836=ORIENTED_EDGE('',*,*,#4277,.T.);
#5837=ORIENTED_EDGE('',*,*,#4278,.T.);
#5838=ORIENTED_EDGE('',*,*,#3680,.T.);
#5839=ORIENTED_EDGE('',*,*,#4279,.T.);
#5840=ORIENTED_EDGE('',*,*,#4280,.T.);
#5841=ORIENTED_EDGE('',*,*,#4017,.T.);
#5842=ORIENTED_EDGE('',*,*,#4281,.T.);
#5843=ORIENTED_EDGE('',*,*,#4215,.T.);
#5844=ORIENTED_EDGE('',*,*,#4082,.F.);
#5845=ORIENTED_EDGE('',*,*,#4002,.T.);
#5846=ORIENTED_EDGE('',*,*,#4282,.T.);
#5847=ORIENTED_EDGE('',*,*,#3677,.T.);
#5848=ORIENTED_EDGE('',*,*,#4085,.F.);
#5849=ORIENTED_EDGE('',*,*,#3990,.T.);
#5850=ORIENTED_EDGE('',*,*,#4283,.T.);
#5851=ORIENTED_EDGE('',*,*,#4284,.T.);
#5852=ORIENTED_EDGE('',*,*,#3671,.T.);
#5853=ORIENTED_EDGE('',*,*,#4285,.T.);
#5854=ORIENTED_EDGE('',*,*,#4286,.T.);
#5855=ORIENTED_EDGE('',*,*,#3994,.T.);
#5856=ORIENTED_EDGE('',*,*,#4287,.T.);
#5857=ORIENTED_EDGE('',*,*,#4212,.T.);
#5858=ORIENTED_EDGE('',*,*,#4087,.F.);
#5859=ORIENTED_EDGE('',*,*,#3979,.T.);
#5860=ORIENTED_EDGE('',*,*,#4288,.T.);
#5861=ORIENTED_EDGE('',*,*,#3668,.T.);
#5862=ORIENTED_EDGE('',*,*,#4090,.F.);
#5863=ORIENTED_EDGE('',*,*,#3967,.T.);
#5864=ORIENTED_EDGE('',*,*,#4289,.T.);
#5865=ORIENTED_EDGE('',*,*,#4290,.T.);
#5866=ORIENTED_EDGE('',*,*,#3662,.T.);
#5867=ORIENTED_EDGE('',*,*,#4291,.T.);
#5868=ORIENTED_EDGE('',*,*,#4292,.T.);
#5869=ORIENTED_EDGE('',*,*,#3971,.T.);
#5870=ORIENTED_EDGE('',*,*,#4293,.T.);
#5871=ORIENTED_EDGE('',*,*,#4209,.T.);
#5872=ORIENTED_EDGE('',*,*,#4092,.F.);
#5873=ORIENTED_EDGE('',*,*,#3956,.T.);
#5874=ORIENTED_EDGE('',*,*,#4294,.T.);
#5875=ORIENTED_EDGE('',*,*,#3659,.T.);
#5876=ORIENTED_EDGE('',*,*,#4095,.F.);
#5877=ORIENTED_EDGE('',*,*,#3944,.T.);
#5878=ORIENTED_EDGE('',*,*,#4295,.T.);
#5879=ORIENTED_EDGE('',*,*,#4296,.T.);
#5880=ORIENTED_EDGE('',*,*,#3653,.T.);
#5881=ORIENTED_EDGE('',*,*,#4297,.T.);
#5882=ORIENTED_EDGE('',*,*,#4298,.T.);
#5883=ORIENTED_EDGE('',*,*,#3948,.T.);
#5884=ORIENTED_EDGE('',*,*,#4299,.T.);
#5885=ORIENTED_EDGE('',*,*,#4206,.T.);
#5886=ORIENTED_EDGE('',*,*,#4097,.F.);
#5887=ORIENTED_EDGE('',*,*,#3933,.T.);
#5888=ORIENTED_EDGE('',*,*,#4300,.T.);
#5889=ORIENTED_EDGE('',*,*,#3650,.T.);
#5890=ORIENTED_EDGE('',*,*,#4100,.F.);
#5891=ORIENTED_EDGE('',*,*,#3921,.T.);
#5892=ORIENTED_EDGE('',*,*,#4301,.T.);
#5893=ORIENTED_EDGE('',*,*,#4302,.T.);
#5894=ORIENTED_EDGE('',*,*,#4203,.T.);
#5895=ORIENTED_EDGE('',*,*,#4102,.F.);
#5896=ORIENTED_EDGE('',*,*,#3910,.T.);
#5897=ORIENTED_EDGE('',*,*,#4303,.T.);
#5898=ORIENTED_EDGE('',*,*,#3644,.T.);
#5899=ORIENTED_EDGE('',*,*,#4304,.T.);
#5900=ORIENTED_EDGE('',*,*,#4305,.T.);
#5901=ORIENTED_EDGE('',*,*,#3925,.T.);
#5902=ORIENTED_EDGE('',*,*,#4306,.T.);
#5903=ORIENTED_EDGE('',*,*,#3902,.T.);
#5904=ORIENTED_EDGE('',*,*,#4307,.T.);
#5905=ORIENTED_EDGE('',*,*,#3635,.T.);
#5906=ORIENTED_EDGE('',*,*,#4308,.T.);
#5907=ORIENTED_EDGE('',*,*,#4309,.T.);
#5908=ORIENTED_EDGE('',*,*,#4200,.T.);
#5909=ORIENTED_EDGE('',*,*,#4107,.F.);
#5910=ORIENTED_EDGE('',*,*,#3887,.T.);
#5911=ORIENTED_EDGE('',*,*,#4310,.T.);
#5912=ORIENTED_EDGE('',*,*,#3898,.T.);
#5913=ORIENTED_EDGE('',*,*,#4311,.T.);
#5914=ORIENTED_EDGE('',*,*,#4312,.T.);
#5915=ORIENTED_EDGE('',*,*,#3641,.T.);
#5916=ORIENTED_EDGE('',*,*,#4105,.F.);
#5917=ORIENTED_EDGE('',*,*,#4313,.T.);
#5918=ORIENTED_EDGE('',*,*,#4314,.T.);
#5919=ORIENTED_EDGE('',*,*,#4315,.T.);
#5920=ORIENTED_EDGE('',*,*,#4316,.T.);
#5921=ORIENTED_EDGE('',*,*,#4317,.T.);
#5922=ORIENTED_EDGE('',*,*,#4318,.T.);
#5923=ORIENTED_EDGE('',*,*,#4319,.T.);
#5924=ORIENTED_EDGE('',*,*,#4314,.F.);
#5925=ORIENTED_EDGE('',*,*,#4320,.T.);
#5926=ORIENTED_EDGE('',*,*,#4321,.T.);
#5927=ORIENTED_EDGE('',*,*,#4322,.T.);
#5928=ORIENTED_EDGE('',*,*,#4318,.F.);
#5929=ORIENTED_EDGE('',*,*,#4323,.T.);
#5930=ORIENTED_EDGE('',*,*,#4321,.F.);
#5931=ORIENTED_EDGE('',*,*,#4324,.T.);
#5932=ORIENTED_EDGE('',*,*,#4316,.F.);
#5933=ORIENTED_EDGE('',*,*,#4323,.F.);
#5934=ORIENTED_EDGE('',*,*,#4325,.T.);
#5935=ORIENTED_EDGE('',*,*,#4219,.F.);
#5936=ORIENTED_EDGE('',*,*,#3625,.F.);
#5937=ORIENTED_EDGE('',*,*,#3521,.T.);
#5938=ORIENTED_EDGE('',*,*,#4326,.F.);
#5939=ORIENTED_EDGE('',*,*,#4315,.F.);
#5940=ORIENTED_EDGE('',*,*,#4327,.T.);
#5941=ORIENTED_EDGE('',*,*,#3517,.T.);
#5942=ORIENTED_EDGE('',*,*,#3880,.F.);
#5943=ORIENTED_EDGE('',*,*,#4220,.F.);
#5944=ORIENTED_EDGE('',*,*,#4325,.F.);
#5945=ORIENTED_EDGE('',*,*,#4162,.F.);
#5946=ORIENTED_EDGE('',*,*,#4328,.T.);
#5947=ORIENTED_EDGE('',*,*,#4329,.F.);
#5948=ORIENTED_EDGE('',*,*,#4330,.F.);
#5949=ORIENTED_EDGE('',*,*,#4331,.T.);
#5950=ORIENTED_EDGE('',*,*,#4332,.T.);
#5951=ORIENTED_EDGE('',*,*,#4331,.F.);
#5952=ORIENTED_EDGE('',*,*,#4333,.F.);
#5953=ORIENTED_EDGE('',*,*,#4334,.F.);
#5954=ORIENTED_EDGE('',*,*,#4328,.F.);
#5955=ORIENTED_EDGE('',*,*,#4335,.F.);
#5956=ORIENTED_EDGE('',*,*,#4336,.F.);
#5957=ORIENTED_EDGE('',*,*,#4337,.F.);
#5958=ORIENTED_EDGE('',*,*,#4338,.F.);
#5959=ORIENTED_EDGE('',*,*,#4339,.F.);
#5960=ORIENTED_EDGE('',*,*,#4340,.F.);
#5961=ORIENTED_EDGE('',*,*,#4341,.F.);
#5962=ORIENTED_EDGE('',*,*,#4342,.F.);
#5963=ORIENTED_EDGE('',*,*,#4343,.F.);
#5964=ORIENTED_EDGE('',*,*,#4344,.F.);
#5965=ORIENTED_EDGE('',*,*,#4345,.F.);
#5966=ORIENTED_EDGE('',*,*,#4346,.F.);
#5967=ORIENTED_EDGE('',*,*,#4347,.F.);
#5968=ORIENTED_EDGE('',*,*,#4348,.F.);
#5969=ORIENTED_EDGE('',*,*,#4349,.F.);
#5970=ORIENTED_EDGE('',*,*,#4350,.F.);
#5971=ORIENTED_EDGE('',*,*,#4351,.F.);
#5972=ORIENTED_EDGE('',*,*,#4352,.F.);
#5973=ORIENTED_EDGE('',*,*,#4353,.F.);
#5974=ORIENTED_EDGE('',*,*,#4354,.F.);
#5975=ORIENTED_EDGE('',*,*,#4355,.F.);
#5976=ORIENTED_EDGE('',*,*,#4356,.F.);
#5977=ORIENTED_EDGE('',*,*,#4357,.F.);
#5978=ORIENTED_EDGE('',*,*,#4358,.F.);
#5979=ORIENTED_EDGE('',*,*,#4359,.F.);
#5980=ORIENTED_EDGE('',*,*,#4360,.F.);
#5981=ORIENTED_EDGE('',*,*,#4361,.F.);
#5982=ORIENTED_EDGE('',*,*,#4362,.F.);
#5983=ORIENTED_EDGE('',*,*,#4363,.F.);
#5984=ORIENTED_EDGE('',*,*,#4364,.F.);
#5985=ORIENTED_EDGE('',*,*,#4365,.F.);
#5986=ORIENTED_EDGE('',*,*,#4366,.F.);
#5987=ORIENTED_EDGE('',*,*,#4367,.F.);
#5988=ORIENTED_EDGE('',*,*,#4368,.F.);
#5989=ORIENTED_EDGE('',*,*,#4369,.F.);
#5990=ORIENTED_EDGE('',*,*,#4370,.F.);
#5991=ORIENTED_EDGE('',*,*,#4371,.F.);
#5992=ORIENTED_EDGE('',*,*,#4372,.F.);
#5993=ORIENTED_EDGE('',*,*,#4373,.F.);
#5994=ORIENTED_EDGE('',*,*,#4374,.F.);
#5995=ORIENTED_EDGE('',*,*,#4375,.F.);
#5996=ORIENTED_EDGE('',*,*,#4376,.F.);
#5997=ORIENTED_EDGE('',*,*,#4377,.F.);
#5998=ORIENTED_EDGE('',*,*,#4378,.F.);
#5999=ORIENTED_EDGE('',*,*,#4379,.F.);
#6000=ORIENTED_EDGE('',*,*,#4380,.F.);
#6001=ORIENTED_EDGE('',*,*,#4381,.F.);
#6002=ORIENTED_EDGE('',*,*,#4382,.F.);
#6003=ORIENTED_EDGE('',*,*,#4383,.F.);
#6004=ORIENTED_EDGE('',*,*,#4384,.F.);
#6005=ORIENTED_EDGE('',*,*,#4385,.F.);
#6006=ORIENTED_EDGE('',*,*,#4386,.F.);
#6007=ORIENTED_EDGE('',*,*,#4387,.F.);
#6008=ORIENTED_EDGE('',*,*,#4388,.F.);
#6009=ORIENTED_EDGE('',*,*,#4389,.F.);
#6010=ORIENTED_EDGE('',*,*,#4390,.F.);
#6011=ORIENTED_EDGE('',*,*,#4313,.F.);
#6012=ORIENTED_EDGE('',*,*,#4324,.F.);
#6013=ORIENTED_EDGE('',*,*,#4320,.F.);
#6014=ORIENTED_EDGE('',*,*,#4317,.F.);
#6015=ORIENTED_EDGE('',*,*,#4335,.T.);
#6016=ORIENTED_EDGE('',*,*,#4391,.T.);
#6017=ORIENTED_EDGE('',*,*,#4392,.T.);
#6018=ORIENTED_EDGE('',*,*,#4393,.F.);
#6019=ORIENTED_EDGE('',*,*,#4338,.T.);
#6020=ORIENTED_EDGE('',*,*,#4394,.T.);
#6021=ORIENTED_EDGE('',*,*,#4395,.T.);
#6022=ORIENTED_EDGE('',*,*,#4391,.F.);
#6023=ORIENTED_EDGE('',*,*,#4396,.T.);
#6024=ORIENTED_EDGE('',*,*,#4397,.T.);
#6025=ORIENTED_EDGE('',*,*,#4336,.T.);
#6026=ORIENTED_EDGE('',*,*,#4393,.T.);
#6027=ORIENTED_EDGE('',*,*,#4337,.T.);
#6028=ORIENTED_EDGE('',*,*,#4397,.F.);
#6029=ORIENTED_EDGE('',*,*,#4398,.T.);
#6030=ORIENTED_EDGE('',*,*,#4394,.F.);
#6031=ORIENTED_EDGE('',*,*,#4396,.F.);
#6032=ORIENTED_EDGE('',*,*,#4399,.T.);
#6033=ORIENTED_EDGE('',*,*,#3511,.T.);
#6034=ORIENTED_EDGE('',*,*,#3857,.F.);
#6035=ORIENTED_EDGE('',*,*,#4226,.F.);
#6036=ORIENTED_EDGE('',*,*,#4400,.F.);
#6037=ORIENTED_EDGE('',*,*,#4392,.F.);
#6038=ORIENTED_EDGE('',*,*,#4401,.T.);
#6039=ORIENTED_EDGE('',*,*,#4223,.F.);
#6040=ORIENTED_EDGE('',*,*,#3851,.F.);
#6041=ORIENTED_EDGE('',*,*,#3512,.T.);
#6042=ORIENTED_EDGE('',*,*,#4399,.F.);
#6043=ORIENTED_EDGE('',*,*,#4387,.T.);
#6044=ORIENTED_EDGE('',*,*,#4402,.T.);
#6045=ORIENTED_EDGE('',*,*,#4403,.T.);
#6046=ORIENTED_EDGE('',*,*,#4404,.T.);
#6047=ORIENTED_EDGE('',*,*,#4390,.T.);
#6048=ORIENTED_EDGE('',*,*,#4405,.T.);
#6049=ORIENTED_EDGE('',*,*,#4406,.T.);
#6050=ORIENTED_EDGE('',*,*,#4402,.F.);
#6051=ORIENTED_EDGE('',*,*,#4389,.T.);
#6052=ORIENTED_EDGE('',*,*,#4407,.T.);
#6053=ORIENTED_EDGE('',*,*,#4408,.T.);
#6054=ORIENTED_EDGE('',*,*,#4405,.F.);
#6055=ORIENTED_EDGE('',*,*,#4409,.T.);
#6056=ORIENTED_EDGE('',*,*,#4407,.F.);
#6057=ORIENTED_EDGE('',*,*,#4388,.T.);
#6058=ORIENTED_EDGE('',*,*,#4404,.F.);
#6059=ORIENTED_EDGE('',*,*,#4409,.F.);
#6060=ORIENTED_EDGE('',*,*,#4410,.T.);
#6061=ORIENTED_EDGE('',*,*,#4231,.F.);
#6062=ORIENTED_EDGE('',*,*,#3607,.F.);
#6063=ORIENTED_EDGE('',*,*,#3509,.T.);
#6064=ORIENTED_EDGE('',*,*,#4411,.F.);
#6065=ORIENTED_EDGE('',*,*,#4403,.F.);
#6066=ORIENTED_EDGE('',*,*,#4412,.T.);
#6067=ORIENTED_EDGE('',*,*,#3505,.T.);
#6068=ORIENTED_EDGE('',*,*,#3834,.F.);
#6069=ORIENTED_EDGE('',*,*,#4232,.F.);
#6070=ORIENTED_EDGE('',*,*,#4410,.F.);
#6071=ORIENTED_EDGE('',*,*,#4329,.T.);
#6072=ORIENTED_EDGE('',*,*,#4413,.T.);
#6073=ORIENTED_EDGE('',*,*,#4414,.T.);
#6074=ORIENTED_EDGE('',*,*,#4415,.F.);
#6075=ORIENTED_EDGE('',*,*,#4334,.T.);
#6076=ORIENTED_EDGE('',*,*,#4416,.T.);
#6077=ORIENTED_EDGE('',*,*,#4417,.T.);
#6078=ORIENTED_EDGE('',*,*,#4413,.F.);
#6079=ORIENTED_EDGE('',*,*,#4418,.T.);
#6080=ORIENTED_EDGE('',*,*,#4419,.T.);
#6081=ORIENTED_EDGE('',*,*,#4330,.T.);
#6082=ORIENTED_EDGE('',*,*,#4415,.T.);
#6083=ORIENTED_EDGE('',*,*,#4333,.T.);
#6084=ORIENTED_EDGE('',*,*,#4419,.F.);
#6085=ORIENTED_EDGE('',*,*,#4420,.T.);
#6086=ORIENTED_EDGE('',*,*,#4416,.F.);
#6087=ORIENTED_EDGE('',*,*,#4418,.F.);
#6088=ORIENTED_EDGE('',*,*,#4421,.T.);
#6089=ORIENTED_EDGE('',*,*,#3499,.T.);
#6090=ORIENTED_EDGE('',*,*,#3811,.F.);
#6091=ORIENTED_EDGE('',*,*,#4238,.F.);
#6092=ORIENTED_EDGE('',*,*,#4422,.F.);
#6093=ORIENTED_EDGE('',*,*,#4414,.F.);
#6094=ORIENTED_EDGE('',*,*,#4423,.T.);
#6095=ORIENTED_EDGE('',*,*,#4235,.F.);
#6096=ORIENTED_EDGE('',*,*,#3805,.F.);
#6097=ORIENTED_EDGE('',*,*,#3500,.T.);
#6098=ORIENTED_EDGE('',*,*,#4421,.F.);
#6099=ORIENTED_EDGE('',*,*,#4383,.T.);
#6100=ORIENTED_EDGE('',*,*,#4424,.T.);
#6101=ORIENTED_EDGE('',*,*,#4425,.T.);
#6102=ORIENTED_EDGE('',*,*,#4426,.F.);
#6103=ORIENTED_EDGE('',*,*,#4386,.T.);
#6104=ORIENTED_EDGE('',*,*,#4427,.T.);
#6105=ORIENTED_EDGE('',*,*,#4428,.T.);
#6106=ORIENTED_EDGE('',*,*,#4424,.F.);
#6107=ORIENTED_EDGE('',*,*,#4429,.T.);
#6108=ORIENTED_EDGE('',*,*,#4430,.T.);
#6109=ORIENTED_EDGE('',*,*,#4384,.T.);
#6110=ORIENTED_EDGE('',*,*,#4426,.T.);
#6111=ORIENTED_EDGE('',*,*,#4385,.T.);
#6112=ORIENTED_EDGE('',*,*,#4430,.F.);
#6113=ORIENTED_EDGE('',*,*,#4431,.T.);
#6114=ORIENTED_EDGE('',*,*,#4427,.F.);
#6115=ORIENTED_EDGE('',*,*,#4429,.F.);
#6116=ORIENTED_EDGE('',*,*,#4432,.T.);
#6117=ORIENTED_EDGE('',*,*,#3493,.T.);
#6118=ORIENTED_EDGE('',*,*,#3788,.F.);
#6119=ORIENTED_EDGE('',*,*,#4244,.F.);
#6120=ORIENTED_EDGE('',*,*,#4433,.F.);
#6121=ORIENTED_EDGE('',*,*,#4425,.F.);
#6122=ORIENTED_EDGE('',*,*,#4434,.T.);
#6123=ORIENTED_EDGE('',*,*,#4241,.F.);
#6124=ORIENTED_EDGE('',*,*,#3782,.F.);
#6125=ORIENTED_EDGE('',*,*,#3494,.T.);
#6126=ORIENTED_EDGE('',*,*,#4432,.F.);
#6127=ORIENTED_EDGE('',*,*,#4339,.T.);
#6128=ORIENTED_EDGE('',*,*,#4435,.T.);
#6129=ORIENTED_EDGE('',*,*,#4436,.T.);
#6130=ORIENTED_EDGE('',*,*,#4437,.F.);
#6131=ORIENTED_EDGE('',*,*,#4342,.T.);
#6132=ORIENTED_EDGE('',*,*,#4438,.T.);
#6133=ORIENTED_EDGE('',*,*,#4439,.T.);
#6134=ORIENTED_EDGE('',*,*,#4435,.F.);
#6135=ORIENTED_EDGE('',*,*,#4440,.T.);
#6136=ORIENTED_EDGE('',*,*,#4441,.T.);
#6137=ORIENTED_EDGE('',*,*,#4340,.T.);
#6138=ORIENTED_EDGE('',*,*,#4437,.T.);
#6139=ORIENTED_EDGE('',*,*,#4341,.T.);
#6140=ORIENTED_EDGE('',*,*,#4441,.F.);
#6141=ORIENTED_EDGE('',*,*,#4442,.T.);
#6142=ORIENTED_EDGE('',*,*,#4438,.F.);
#6143=ORIENTED_EDGE('',*,*,#4440,.F.);
#6144=ORIENTED_EDGE('',*,*,#4443,.T.);
#6145=ORIENTED_EDGE('',*,*,#3487,.T.);
#6146=ORIENTED_EDGE('',*,*,#3765,.F.);
#6147=ORIENTED_EDGE('',*,*,#4250,.F.);
#6148=ORIENTED_EDGE('',*,*,#4444,.F.);
#6149=ORIENTED_EDGE('',*,*,#4436,.F.);
#6150=ORIENTED_EDGE('',*,*,#4445,.T.);
#6151=ORIENTED_EDGE('',*,*,#4247,.F.);
#6152=ORIENTED_EDGE('',*,*,#3759,.F.);
#6153=ORIENTED_EDGE('',*,*,#3488,.T.);
#6154=ORIENTED_EDGE('',*,*,#4443,.F.);
#6155=ORIENTED_EDGE('',*,*,#4379,.T.);
#6156=ORIENTED_EDGE('',*,*,#4446,.T.);
#6157=ORIENTED_EDGE('',*,*,#4447,.T.);
#6158=ORIENTED_EDGE('',*,*,#4448,.F.);
#6159=ORIENTED_EDGE('',*,*,#4382,.T.);
#6160=ORIENTED_EDGE('',*,*,#4449,.T.);
#6161=ORIENTED_EDGE('',*,*,#4450,.T.);
#6162=ORIENTED_EDGE('',*,*,#4446,.F.);
#6163=ORIENTED_EDGE('',*,*,#4451,.T.);
#6164=ORIENTED_EDGE('',*,*,#4452,.T.);
#6165=ORIENTED_EDGE('',*,*,#4380,.T.);
#6166=ORIENTED_EDGE('',*,*,#4448,.T.);
#6167=ORIENTED_EDGE('',*,*,#4381,.T.);
#6168=ORIENTED_EDGE('',*,*,#4452,.F.);
#6169=ORIENTED_EDGE('',*,*,#4453,.T.);
#6170=ORIENTED_EDGE('',*,*,#4449,.F.);
#6171=ORIENTED_EDGE('',*,*,#4451,.F.);
#6172=ORIENTED_EDGE('',*,*,#4454,.T.);
#6173=ORIENTED_EDGE('',*,*,#3481,.T.);
#6174=ORIENTED_EDGE('',*,*,#3742,.F.);
#6175=ORIENTED_EDGE('',*,*,#4256,.F.);
#6176=ORIENTED_EDGE('',*,*,#4455,.F.);
#6177=ORIENTED_EDGE('',*,*,#4447,.F.);
#6178=ORIENTED_EDGE('',*,*,#4456,.T.);
#6179=ORIENTED_EDGE('',*,*,#4253,.F.);
#6180=ORIENTED_EDGE('',*,*,#3736,.F.);
#6181=ORIENTED_EDGE('',*,*,#3482,.T.);
#6182=ORIENTED_EDGE('',*,*,#4454,.F.);
#6183=ORIENTED_EDGE('',*,*,#4343,.T.);
#6184=ORIENTED_EDGE('',*,*,#4457,.T.);
#6185=ORIENTED_EDGE('',*,*,#4458,.T.);
#6186=ORIENTED_EDGE('',*,*,#4459,.F.);
#6187=ORIENTED_EDGE('',*,*,#4346,.T.);
#6188=ORIENTED_EDGE('',*,*,#4460,.T.);
#6189=ORIENTED_EDGE('',*,*,#4461,.T.);
#6190=ORIENTED_EDGE('',*,*,#4457,.F.);
#6191=ORIENTED_EDGE('',*,*,#4462,.T.);
#6192=ORIENTED_EDGE('',*,*,#4463,.T.);
#6193=ORIENTED_EDGE('',*,*,#4344,.T.);
#6194=ORIENTED_EDGE('',*,*,#4459,.T.);
#6195=ORIENTED_EDGE('',*,*,#4345,.T.);
#6196=ORIENTED_EDGE('',*,*,#4463,.F.);
#6197=ORIENTED_EDGE('',*,*,#4464,.T.);
#6198=ORIENTED_EDGE('',*,*,#4460,.F.);
#6199=ORIENTED_EDGE('',*,*,#4462,.F.);
#6200=ORIENTED_EDGE('',*,*,#4465,.T.);
#6201=ORIENTED_EDGE('',*,*,#3706,.T.);
#6202=ORIENTED_EDGE('',*,*,#4080,.F.);
#6203=ORIENTED_EDGE('',*,*,#4262,.F.);
#6204=ORIENTED_EDGE('',*,*,#4466,.F.);
#6205=ORIENTED_EDGE('',*,*,#4458,.F.);
#6206=ORIENTED_EDGE('',*,*,#4467,.T.);
#6207=ORIENTED_EDGE('',*,*,#4259,.F.);
#6208=ORIENTED_EDGE('',*,*,#4074,.F.);
#6209=ORIENTED_EDGE('',*,*,#3707,.T.);
#6210=ORIENTED_EDGE('',*,*,#4465,.F.);
#6211=ORIENTED_EDGE('',*,*,#4375,.T.);
#6212=ORIENTED_EDGE('',*,*,#4468,.T.);
#6213=ORIENTED_EDGE('',*,*,#4469,.T.);
#6214=ORIENTED_EDGE('',*,*,#4470,.F.);
#6215=ORIENTED_EDGE('',*,*,#4378,.T.);
#6216=ORIENTED_EDGE('',*,*,#4471,.T.);
#6217=ORIENTED_EDGE('',*,*,#4472,.T.);
#6218=ORIENTED_EDGE('',*,*,#4468,.F.);
#6219=ORIENTED_EDGE('',*,*,#4473,.T.);
#6220=ORIENTED_EDGE('',*,*,#4474,.T.);
#6221=ORIENTED_EDGE('',*,*,#4376,.T.);
#6222=ORIENTED_EDGE('',*,*,#4470,.T.);
#6223=ORIENTED_EDGE('',*,*,#4377,.T.);
#6224=ORIENTED_EDGE('',*,*,#4474,.F.);
#6225=ORIENTED_EDGE('',*,*,#4475,.T.);
#6226=ORIENTED_EDGE('',*,*,#4471,.F.);
#6227=ORIENTED_EDGE('',*,*,#4473,.F.);
#6228=ORIENTED_EDGE('',*,*,#4476,.F.);
#6229=ORIENTED_EDGE('',*,*,#3568,.T.);
#6230=ORIENTED_EDGE('',*,*,#3696,.F.);
#6231=ORIENTED_EDGE('',*,*,#4268,.F.);
#6232=ORIENTED_EDGE('',*,*,#4477,.F.);
#6233=ORIENTED_EDGE('',*,*,#4469,.F.);
#6234=ORIENTED_EDGE('',*,*,#4478,.T.);
#6235=ORIENTED_EDGE('',*,*,#4265,.F.);
#6236=ORIENTED_EDGE('',*,*,#3697,.F.);
#6237=ORIENTED_EDGE('',*,*,#3569,.T.);
#6238=ORIENTED_EDGE('',*,*,#4476,.T.);
#6239=ORIENTED_EDGE('',*,*,#4347,.T.);
#6240=ORIENTED_EDGE('',*,*,#4479,.T.);
#6241=ORIENTED_EDGE('',*,*,#4480,.T.);
#6242=ORIENTED_EDGE('',*,*,#4481,.T.);
#6243=ORIENTED_EDGE('',*,*,#4350,.T.);
#6244=ORIENTED_EDGE('',*,*,#4482,.T.);
#6245=ORIENTED_EDGE('',*,*,#4483,.T.);
#6246=ORIENTED_EDGE('',*,*,#4479,.F.);
#6247=ORIENTED_EDGE('',*,*,#4349,.T.);
#6248=ORIENTED_EDGE('',*,*,#4484,.T.);
#6249=ORIENTED_EDGE('',*,*,#4485,.T.);
#6250=ORIENTED_EDGE('',*,*,#4482,.F.);
#6251=ORIENTED_EDGE('',*,*,#4486,.T.);
#6252=ORIENTED_EDGE('',*,*,#4484,.F.);
#6253=ORIENTED_EDGE('',*,*,#4348,.T.);
#6254=ORIENTED_EDGE('',*,*,#4481,.F.);
#6255=ORIENTED_EDGE('',*,*,#4486,.F.);
#6256=ORIENTED_EDGE('',*,*,#4487,.T.);
#6257=ORIENTED_EDGE('',*,*,#4273,.F.);
#6258=ORIENTED_EDGE('',*,*,#3688,.F.);
#6259=ORIENTED_EDGE('',*,*,#3563,.T.);
#6260=ORIENTED_EDGE('',*,*,#4488,.F.);
#6261=ORIENTED_EDGE('',*,*,#4480,.F.);
#6262=ORIENTED_EDGE('',*,*,#4489,.T.);
#6263=ORIENTED_EDGE('',*,*,#3559,.T.);
#6264=ORIENTED_EDGE('',*,*,#4041,.F.);
#6265=ORIENTED_EDGE('',*,*,#4274,.F.);
#6266=ORIENTED_EDGE('',*,*,#4487,.F.);
#6267=ORIENTED_EDGE('',*,*,#4371,.T.);
#6268=ORIENTED_EDGE('',*,*,#4490,.T.);
#6269=ORIENTED_EDGE('',*,*,#4491,.T.);
#6270=ORIENTED_EDGE('',*,*,#4492,.T.);
#6271=ORIENTED_EDGE('',*,*,#4374,.T.);
#6272=ORIENTED_EDGE('',*,*,#4493,.T.);
#6273=ORIENTED_EDGE('',*,*,#4494,.T.);
#6274=ORIENTED_EDGE('',*,*,#4490,.F.);
#6275=ORIENTED_EDGE('',*,*,#4373,.T.);
#6276=ORIENTED_EDGE('',*,*,#4495,.T.);
#6277=ORIENTED_EDGE('',*,*,#4496,.T.);
#6278=ORIENTED_EDGE('',*,*,#4493,.F.);
#6279=ORIENTED_EDGE('',*,*,#4497,.T.);
#6280=ORIENTED_EDGE('',*,*,#4495,.F.);
#6281=ORIENTED_EDGE('',*,*,#4372,.T.);
#6282=ORIENTED_EDGE('',*,*,#4492,.F.);
#6283=ORIENTED_EDGE('',*,*,#4497,.F.);
#6284=ORIENTED_EDGE('',*,*,#4498,.T.);
#6285=ORIENTED_EDGE('',*,*,#4279,.F.);
#6286=ORIENTED_EDGE('',*,*,#3679,.F.);
#6287=ORIENTED_EDGE('',*,*,#3557,.T.);
#6288=ORIENTED_EDGE('',*,*,#4499,.F.);
#6289=ORIENTED_EDGE('',*,*,#4491,.F.);
#6290=ORIENTED_EDGE('',*,*,#4500,.T.);
#6291=ORIENTED_EDGE('',*,*,#3553,.T.);
#6292=ORIENTED_EDGE('',*,*,#4018,.F.);
#6293=ORIENTED_EDGE('',*,*,#4280,.F.);
#6294=ORIENTED_EDGE('',*,*,#4498,.F.);
#6295=ORIENTED_EDGE('',*,*,#4351,.T.);
#6296=ORIENTED_EDGE('',*,*,#4501,.T.);
#6297=ORIENTED_EDGE('',*,*,#4502,.T.);
#6298=ORIENTED_EDGE('',*,*,#4503,.F.);
#6299=ORIENTED_EDGE('',*,*,#4354,.T.);
#6300=ORIENTED_EDGE('',*,*,#4504,.T.);
#6301=ORIENTED_EDGE('',*,*,#4505,.T.);
#6302=ORIENTED_EDGE('',*,*,#4501,.F.);
#6303=ORIENTED_EDGE('',*,*,#4506,.T.);
#6304=ORIENTED_EDGE('',*,*,#4507,.T.);
#6305=ORIENTED_EDGE('',*,*,#4352,.T.);
#6306=ORIENTED_EDGE('',*,*,#4503,.T.);
#6307=ORIENTED_EDGE('',*,*,#4353,.T.);
#6308=ORIENTED_EDGE('',*,*,#4507,.F.);
#6309=ORIENTED_EDGE('',*,*,#4508,.T.);
#6310=ORIENTED_EDGE('',*,*,#4504,.F.);
#6311=ORIENTED_EDGE('',*,*,#4506,.F.);
#6312=ORIENTED_EDGE('',*,*,#4509,.T.);
#6313=ORIENTED_EDGE('',*,*,#3547,.T.);
#6314=ORIENTED_EDGE('',*,*,#3995,.F.);
#6315=ORIENTED_EDGE('',*,*,#4286,.F.);
#6316=ORIENTED_EDGE('',*,*,#4510,.F.);
#6317=ORIENTED_EDGE('',*,*,#4502,.F.);
#6318=ORIENTED_EDGE('',*,*,#4511,.T.);
#6319=ORIENTED_EDGE('',*,*,#4283,.F.);
#6320=ORIENTED_EDGE('',*,*,#3989,.F.);
#6321=ORIENTED_EDGE('',*,*,#3548,.T.);
#6322=ORIENTED_EDGE('',*,*,#4509,.F.);
#6323=ORIENTED_EDGE('',*,*,#4367,.T.);
#6324=ORIENTED_EDGE('',*,*,#4512,.T.);
#6325=ORIENTED_EDGE('',*,*,#4513,.T.);
#6326=ORIENTED_EDGE('',*,*,#4514,.F.);
#6327=ORIENTED_EDGE('',*,*,#4370,.T.);
#6328=ORIENTED_EDGE('',*,*,#4515,.T.);
#6329=ORIENTED_EDGE('',*,*,#4516,.T.);
#6330=ORIENTED_EDGE('',*,*,#4512,.F.);
#6331=ORIENTED_EDGE('',*,*,#4517,.T.);
#6332=ORIENTED_EDGE('',*,*,#4518,.T.);
#6333=ORIENTED_EDGE('',*,*,#4368,.T.);
#6334=ORIENTED_EDGE('',*,*,#4514,.T.);
#6335=ORIENTED_EDGE('',*,*,#4369,.T.);
#6336=ORIENTED_EDGE('',*,*,#4518,.F.);
#6337=ORIENTED_EDGE('',*,*,#4519,.T.);
#6338=ORIENTED_EDGE('',*,*,#4515,.F.);
#6339=ORIENTED_EDGE('',*,*,#4517,.F.);
#6340=ORIENTED_EDGE('',*,*,#4520,.T.);
#6341=ORIENTED_EDGE('',*,*,#3541,.T.);
#6342=ORIENTED_EDGE('',*,*,#3972,.F.);
#6343=ORIENTED_EDGE('',*,*,#4292,.F.);
#6344=ORIENTED_EDGE('',*,*,#4521,.F.);
#6345=ORIENTED_EDGE('',*,*,#4513,.F.);
#6346=ORIENTED_EDGE('',*,*,#4522,.T.);
#6347=ORIENTED_EDGE('',*,*,#4289,.F.);
#6348=ORIENTED_EDGE('',*,*,#3966,.F.);
#6349=ORIENTED_EDGE('',*,*,#3542,.T.);
#6350=ORIENTED_EDGE('',*,*,#4520,.F.);
#6351=ORIENTED_EDGE('',*,*,#4355,.T.);
#6352=ORIENTED_EDGE('',*,*,#4523,.T.);
#6353=ORIENTED_EDGE('',*,*,#4524,.T.);
#6354=ORIENTED_EDGE('',*,*,#4525,.F.);
#6355=ORIENTED_EDGE('',*,*,#4358,.T.);
#6356=ORIENTED_EDGE('',*,*,#4526,.T.);
#6357=ORIENTED_EDGE('',*,*,#4527,.T.);
#6358=ORIENTED_EDGE('',*,*,#4523,.F.);
#6359=ORIENTED_EDGE('',*,*,#4528,.T.);
#6360=ORIENTED_EDGE('',*,*,#4529,.T.);
#6361=ORIENTED_EDGE('',*,*,#4356,.T.);
#6362=ORIENTED_EDGE('',*,*,#4525,.T.);
#6363=ORIENTED_EDGE('',*,*,#4357,.T.);
#6364=ORIENTED_EDGE('',*,*,#4529,.F.);
#6365=ORIENTED_EDGE('',*,*,#4530,.T.);
#6366=ORIENTED_EDGE('',*,*,#4526,.F.);
#6367=ORIENTED_EDGE('',*,*,#4528,.F.);
#6368=ORIENTED_EDGE('',*,*,#4531,.T.);
#6369=ORIENTED_EDGE('',*,*,#3535,.T.);
#6370=ORIENTED_EDGE('',*,*,#3949,.F.);
#6371=ORIENTED_EDGE('',*,*,#4298,.F.);
#6372=ORIENTED_EDGE('',*,*,#4532,.F.);
#6373=ORIENTED_EDGE('',*,*,#4524,.F.);
#6374=ORIENTED_EDGE('',*,*,#4533,.T.);
#6375=ORIENTED_EDGE('',*,*,#4295,.F.);
#6376=ORIENTED_EDGE('',*,*,#3943,.F.);
#6377=ORIENTED_EDGE('',*,*,#3536,.T.);
#6378=ORIENTED_EDGE('',*,*,#4531,.F.);
#6379=ORIENTED_EDGE('',*,*,#4363,.T.);
#6380=ORIENTED_EDGE('',*,*,#4534,.T.);
#6381=ORIENTED_EDGE('',*,*,#4535,.T.);
#6382=ORIENTED_EDGE('',*,*,#4536,.F.);
#6383=ORIENTED_EDGE('',*,*,#4366,.T.);
#6384=ORIENTED_EDGE('',*,*,#4537,.T.);
#6385=ORIENTED_EDGE('',*,*,#4538,.T.);
#6386=ORIENTED_EDGE('',*,*,#4534,.F.);
#6387=ORIENTED_EDGE('',*,*,#4539,.T.);
#6388=ORIENTED_EDGE('',*,*,#4540,.T.);
#6389=ORIENTED_EDGE('',*,*,#4364,.T.);
#6390=ORIENTED_EDGE('',*,*,#4536,.T.);
#6391=ORIENTED_EDGE('',*,*,#4365,.T.);
#6392=ORIENTED_EDGE('',*,*,#4540,.F.);
#6393=ORIENTED_EDGE('',*,*,#4541,.T.);
#6394=ORIENTED_EDGE('',*,*,#4537,.F.);
#6395=ORIENTED_EDGE('',*,*,#4539,.F.);
#6396=ORIENTED_EDGE('',*,*,#4542,.T.);
#6397=ORIENTED_EDGE('',*,*,#3529,.T.);
#6398=ORIENTED_EDGE('',*,*,#3926,.F.);
#6399=ORIENTED_EDGE('',*,*,#4305,.F.);
#6400=ORIENTED_EDGE('',*,*,#4543,.F.);
#6401=ORIENTED_EDGE('',*,*,#4535,.F.);
#6402=ORIENTED_EDGE('',*,*,#4544,.T.);
#6403=ORIENTED_EDGE('',*,*,#4301,.F.);
#6404=ORIENTED_EDGE('',*,*,#3920,.F.);
#6405=ORIENTED_EDGE('',*,*,#3530,.T.);
#6406=ORIENTED_EDGE('',*,*,#4542,.F.);
#6407=ORIENTED_EDGE('',*,*,#4359,.T.);
#6408=ORIENTED_EDGE('',*,*,#4545,.T.);
#6409=ORIENTED_EDGE('',*,*,#4546,.T.);
#6410=ORIENTED_EDGE('',*,*,#4547,.F.);
#6411=ORIENTED_EDGE('',*,*,#4362,.T.);
#6412=ORIENTED_EDGE('',*,*,#4548,.T.);
#6413=ORIENTED_EDGE('',*,*,#4549,.T.);
#6414=ORIENTED_EDGE('',*,*,#4545,.F.);
#6415=ORIENTED_EDGE('',*,*,#4550,.T.);
#6416=ORIENTED_EDGE('',*,*,#4551,.T.);
#6417=ORIENTED_EDGE('',*,*,#4360,.T.);
#6418=ORIENTED_EDGE('',*,*,#4547,.T.);
#6419=ORIENTED_EDGE('',*,*,#4361,.T.);
#6420=ORIENTED_EDGE('',*,*,#4551,.F.);
#6421=ORIENTED_EDGE('',*,*,#4552,.T.);
#6422=ORIENTED_EDGE('',*,*,#4548,.F.);
#6423=ORIENTED_EDGE('',*,*,#4550,.F.);
#6424=ORIENTED_EDGE('',*,*,#4553,.T.);
#6425=ORIENTED_EDGE('',*,*,#3523,.T.);
#6426=ORIENTED_EDGE('',*,*,#3903,.F.);
#6427=ORIENTED_EDGE('',*,*,#4309,.F.);
#6428=ORIENTED_EDGE('',*,*,#4554,.F.);
#6429=ORIENTED_EDGE('',*,*,#4546,.F.);
#6430=ORIENTED_EDGE('',*,*,#4555,.T.);
#6431=ORIENTED_EDGE('',*,*,#4311,.F.);
#6432=ORIENTED_EDGE('',*,*,#3897,.F.);
#6433=ORIENTED_EDGE('',*,*,#3524,.T.);
#6434=ORIENTED_EDGE('',*,*,#4553,.F.);
#6435=ORIENTED_EDGE('',*,*,#4450,.F.);
#6436=ORIENTED_EDGE('',*,*,#4556,.T.);
#6437=ORIENTED_EDGE('',*,*,#3484,.T.);
#6438=ORIENTED_EDGE('',*,*,#3570,.F.);
#6439=ORIENTED_EDGE('',*,*,#4254,.F.);
#6440=ORIENTED_EDGE('',*,*,#4456,.F.);
#6441=ORIENTED_EDGE('',*,*,#4453,.F.);
#6442=ORIENTED_EDGE('',*,*,#4455,.T.);
#6443=ORIENTED_EDGE('',*,*,#4255,.F.);
#6444=ORIENTED_EDGE('',*,*,#3571,.F.);
#6445=ORIENTED_EDGE('',*,*,#3485,.T.);
#6446=ORIENTED_EDGE('',*,*,#4556,.F.);
#6447=ORIENTED_EDGE('',*,*,#4439,.F.);
#6448=ORIENTED_EDGE('',*,*,#4557,.T.);
#6449=ORIENTED_EDGE('',*,*,#3490,.T.);
#6450=ORIENTED_EDGE('',*,*,#3579,.F.);
#6451=ORIENTED_EDGE('',*,*,#4248,.F.);
#6452=ORIENTED_EDGE('',*,*,#4445,.F.);
#6453=ORIENTED_EDGE('',*,*,#4442,.F.);
#6454=ORIENTED_EDGE('',*,*,#4444,.T.);
#6455=ORIENTED_EDGE('',*,*,#4249,.F.);
#6456=ORIENTED_EDGE('',*,*,#3580,.F.);
#6457=ORIENTED_EDGE('',*,*,#3491,.T.);
#6458=ORIENTED_EDGE('',*,*,#4557,.F.);
#6459=ORIENTED_EDGE('',*,*,#4428,.F.);
#6460=ORIENTED_EDGE('',*,*,#4558,.T.);
#6461=ORIENTED_EDGE('',*,*,#3496,.T.);
#6462=ORIENTED_EDGE('',*,*,#3588,.F.);
#6463=ORIENTED_EDGE('',*,*,#4242,.F.);
#6464=ORIENTED_EDGE('',*,*,#4434,.F.);
#6465=ORIENTED_EDGE('',*,*,#4431,.F.);
#6466=ORIENTED_EDGE('',*,*,#4433,.T.);
#6467=ORIENTED_EDGE('',*,*,#4243,.F.);
#6468=ORIENTED_EDGE('',*,*,#3589,.F.);
#6469=ORIENTED_EDGE('',*,*,#3497,.T.);
#6470=ORIENTED_EDGE('',*,*,#4558,.F.);
#6471=ORIENTED_EDGE('',*,*,#4417,.F.);
#6472=ORIENTED_EDGE('',*,*,#4559,.T.);
#6473=ORIENTED_EDGE('',*,*,#3502,.T.);
#6474=ORIENTED_EDGE('',*,*,#3597,.F.);
#6475=ORIENTED_EDGE('',*,*,#4236,.F.);
#6476=ORIENTED_EDGE('',*,*,#4423,.F.);
#6477=ORIENTED_EDGE('',*,*,#4420,.F.);
#6478=ORIENTED_EDGE('',*,*,#4422,.T.);
#6479=ORIENTED_EDGE('',*,*,#4237,.F.);
#6480=ORIENTED_EDGE('',*,*,#3598,.F.);
#6481=ORIENTED_EDGE('',*,*,#3503,.T.);
#6482=ORIENTED_EDGE('',*,*,#4559,.F.);
#6483=ORIENTED_EDGE('',*,*,#4406,.F.);
#6484=ORIENTED_EDGE('',*,*,#4560,.T.);
#6485=ORIENTED_EDGE('',*,*,#4229,.F.);
#6486=ORIENTED_EDGE('',*,*,#3828,.F.);
#6487=ORIENTED_EDGE('',*,*,#3506,.T.);
#6488=ORIENTED_EDGE('',*,*,#4412,.F.);
#6489=ORIENTED_EDGE('',*,*,#4408,.F.);
#6490=ORIENTED_EDGE('',*,*,#4411,.T.);
#6491=ORIENTED_EDGE('',*,*,#3508,.T.);
#6492=ORIENTED_EDGE('',*,*,#3606,.F.);
#6493=ORIENTED_EDGE('',*,*,#4230,.F.);
#6494=ORIENTED_EDGE('',*,*,#4560,.F.);
#6495=ORIENTED_EDGE('',*,*,#4395,.F.);
#6496=ORIENTED_EDGE('',*,*,#4561,.T.);
#6497=ORIENTED_EDGE('',*,*,#3514,.T.);
#6498=ORIENTED_EDGE('',*,*,#3615,.F.);
#6499=ORIENTED_EDGE('',*,*,#4224,.F.);
#6500=ORIENTED_EDGE('',*,*,#4401,.F.);
#6501=ORIENTED_EDGE('',*,*,#4398,.F.);
#6502=ORIENTED_EDGE('',*,*,#4400,.T.);
#6503=ORIENTED_EDGE('',*,*,#4225,.F.);
#6504=ORIENTED_EDGE('',*,*,#3616,.F.);
#6505=ORIENTED_EDGE('',*,*,#3515,.T.);
#6506=ORIENTED_EDGE('',*,*,#4561,.F.);
#6507=ORIENTED_EDGE('',*,*,#4319,.F.);
#6508=ORIENTED_EDGE('',*,*,#4562,.T.);
#6509=ORIENTED_EDGE('',*,*,#4217,.F.);
#6510=ORIENTED_EDGE('',*,*,#3874,.F.);
#6511=ORIENTED_EDGE('',*,*,#3518,.T.);
#6512=ORIENTED_EDGE('',*,*,#4327,.F.);
#6513=ORIENTED_EDGE('',*,*,#4322,.F.);
#6514=ORIENTED_EDGE('',*,*,#4326,.T.);
#6515=ORIENTED_EDGE('',*,*,#3520,.T.);
#6516=ORIENTED_EDGE('',*,*,#3624,.F.);
#6517=ORIENTED_EDGE('',*,*,#4218,.F.);
#6518=ORIENTED_EDGE('',*,*,#4562,.F.);
#6519=ORIENTED_EDGE('',*,*,#4549,.F.);
#6520=ORIENTED_EDGE('',*,*,#4563,.T.);
#6521=ORIENTED_EDGE('',*,*,#3526,.T.);
#6522=ORIENTED_EDGE('',*,*,#3633,.F.);
#6523=ORIENTED_EDGE('',*,*,#4312,.F.);
#6524=ORIENTED_EDGE('',*,*,#4555,.F.);
#6525=ORIENTED_EDGE('',*,*,#4552,.F.);
#6526=ORIENTED_EDGE('',*,*,#4554,.T.);
#6527=ORIENTED_EDGE('',*,*,#4308,.F.);
#6528=ORIENTED_EDGE('',*,*,#3634,.F.);
#6529=ORIENTED_EDGE('',*,*,#3527,.T.);
#6530=ORIENTED_EDGE('',*,*,#4563,.F.);
#6531=ORIENTED_EDGE('',*,*,#4538,.F.);
#6532=ORIENTED_EDGE('',*,*,#4564,.T.);
#6533=ORIENTED_EDGE('',*,*,#3532,.T.);
#6534=ORIENTED_EDGE('',*,*,#3642,.F.);
#6535=ORIENTED_EDGE('',*,*,#4302,.F.);
#6536=ORIENTED_EDGE('',*,*,#4544,.F.);
#6537=ORIENTED_EDGE('',*,*,#4541,.F.);
#6538=ORIENTED_EDGE('',*,*,#4543,.T.);
#6539=ORIENTED_EDGE('',*,*,#4304,.F.);
#6540=ORIENTED_EDGE('',*,*,#3643,.F.);
#6541=ORIENTED_EDGE('',*,*,#3533,.T.);
#6542=ORIENTED_EDGE('',*,*,#4564,.F.);
#6543=ORIENTED_EDGE('',*,*,#4527,.F.);
#6544=ORIENTED_EDGE('',*,*,#4565,.T.);
#6545=ORIENTED_EDGE('',*,*,#3538,.T.);
#6546=ORIENTED_EDGE('',*,*,#3651,.F.);
#6547=ORIENTED_EDGE('',*,*,#4296,.F.);
#6548=ORIENTED_EDGE('',*,*,#4533,.F.);
#6549=ORIENTED_EDGE('',*,*,#4530,.F.);
#6550=ORIENTED_EDGE('',*,*,#4532,.T.);
#6551=ORIENTED_EDGE('',*,*,#4297,.F.);
#6552=ORIENTED_EDGE('',*,*,#3652,.F.);
#6553=ORIENTED_EDGE('',*,*,#3539,.T.);
#6554=ORIENTED_EDGE('',*,*,#4565,.F.);
#6555=ORIENTED_EDGE('',*,*,#4516,.F.);
#6556=ORIENTED_EDGE('',*,*,#4566,.T.);
#6557=ORIENTED_EDGE('',*,*,#3544,.T.);
#6558=ORIENTED_EDGE('',*,*,#3660,.F.);
#6559=ORIENTED_EDGE('',*,*,#4290,.F.);
#6560=ORIENTED_EDGE('',*,*,#4522,.F.);
#6561=ORIENTED_EDGE('',*,*,#4519,.F.);
#6562=ORIENTED_EDGE('',*,*,#4521,.T.);
#6563=ORIENTED_EDGE('',*,*,#4291,.F.);
#6564=ORIENTED_EDGE('',*,*,#3661,.F.);
#6565=ORIENTED_EDGE('',*,*,#3545,.T.);
#6566=ORIENTED_EDGE('',*,*,#4566,.F.);
#6567=ORIENTED_EDGE('',*,*,#4505,.F.);
#6568=ORIENTED_EDGE('',*,*,#4567,.T.);
#6569=ORIENTED_EDGE('',*,*,#3550,.T.);
#6570=ORIENTED_EDGE('',*,*,#3669,.F.);
#6571=ORIENTED_EDGE('',*,*,#4284,.F.);
#6572=ORIENTED_EDGE('',*,*,#4511,.F.);
#6573=ORIENTED_EDGE('',*,*,#4508,.F.);
#6574=ORIENTED_EDGE('',*,*,#4510,.T.);
#6575=ORIENTED_EDGE('',*,*,#4285,.F.);
#6576=ORIENTED_EDGE('',*,*,#3670,.F.);
#6577=ORIENTED_EDGE('',*,*,#3551,.T.);
#6578=ORIENTED_EDGE('',*,*,#4567,.F.);
#6579=ORIENTED_EDGE('',*,*,#4494,.F.);
#6580=ORIENTED_EDGE('',*,*,#4568,.T.);
#6581=ORIENTED_EDGE('',*,*,#4277,.F.);
#6582=ORIENTED_EDGE('',*,*,#4012,.F.);
#6583=ORIENTED_EDGE('',*,*,#3554,.T.);
#6584=ORIENTED_EDGE('',*,*,#4500,.F.);
#6585=ORIENTED_EDGE('',*,*,#4496,.F.);
#6586=ORIENTED_EDGE('',*,*,#4499,.T.);
#6587=ORIENTED_EDGE('',*,*,#3556,.T.);
#6588=ORIENTED_EDGE('',*,*,#3678,.F.);
#6589=ORIENTED_EDGE('',*,*,#4278,.F.);
#6590=ORIENTED_EDGE('',*,*,#4568,.F.);
#6591=ORIENTED_EDGE('',*,*,#4483,.F.);
#6592=ORIENTED_EDGE('',*,*,#4569,.T.);
#6593=ORIENTED_EDGE('',*,*,#4271,.F.);
#6594=ORIENTED_EDGE('',*,*,#4035,.F.);
#6595=ORIENTED_EDGE('',*,*,#3560,.T.);
#6596=ORIENTED_EDGE('',*,*,#4489,.F.);
#6597=ORIENTED_EDGE('',*,*,#4485,.F.);
#6598=ORIENTED_EDGE('',*,*,#4488,.T.);
#6599=ORIENTED_EDGE('',*,*,#3562,.T.);
#6600=ORIENTED_EDGE('',*,*,#3687,.F.);
#6601=ORIENTED_EDGE('',*,*,#4272,.F.);
#6602=ORIENTED_EDGE('',*,*,#4569,.F.);
#6603=ORIENTED_EDGE('',*,*,#4472,.F.);
#6604=ORIENTED_EDGE('',*,*,#4570,.T.);
#6605=ORIENTED_EDGE('',*,*,#3565,.T.);
#6606=ORIENTED_EDGE('',*,*,#4174,.F.);
#6607=ORIENTED_EDGE('',*,*,#4266,.F.);
#6608=ORIENTED_EDGE('',*,*,#4478,.F.);
#6609=ORIENTED_EDGE('',*,*,#4475,.F.);
#6610=ORIENTED_EDGE('',*,*,#4477,.T.);
#6611=ORIENTED_EDGE('',*,*,#4267,.F.);
#6612=ORIENTED_EDGE('',*,*,#4170,.F.);
#6613=ORIENTED_EDGE('',*,*,#3566,.T.);
#6614=ORIENTED_EDGE('',*,*,#4570,.F.);
#6615=ORIENTED_EDGE('',*,*,#4461,.F.);
#6616=ORIENTED_EDGE('',*,*,#4571,.T.);
#6617=ORIENTED_EDGE('',*,*,#3709,.T.);
#6618=ORIENTED_EDGE('',*,*,#3711,.F.);
#6619=ORIENTED_EDGE('',*,*,#4260,.F.);
#6620=ORIENTED_EDGE('',*,*,#4467,.F.);
#6621=ORIENTED_EDGE('',*,*,#4464,.F.);
#6622=ORIENTED_EDGE('',*,*,#4466,.T.);
#6623=ORIENTED_EDGE('',*,*,#4261,.F.);
#6624=ORIENTED_EDGE('',*,*,#3712,.F.);
#6625=ORIENTED_EDGE('',*,*,#3710,.T.);
#6626=ORIENTED_EDGE('',*,*,#4571,.F.);
#6627=ORIENTED_EDGE('',*,*,#3722,.F.);
#6628=ORIENTED_EDGE('',*,*,#3573,.T.);
#6629=ORIENTED_EDGE('',*,*,#4257,.F.);
#6630=ORIENTED_EDGE('',*,*,#3740,.F.);
#6631=ORIENTED_EDGE('',*,*,#3730,.F.);
#6632=ORIENTED_EDGE('',*,*,#4183,.T.);
#6633=ORIENTED_EDGE('',*,*,#4252,.F.);
#6634=ORIENTED_EDGE('',*,*,#3748,.F.);
#6635=ORIENTED_EDGE('',*,*,#3743,.F.);
#6636=ORIENTED_EDGE('',*,*,#3582,.T.);
#6637=ORIENTED_EDGE('',*,*,#4251,.F.);
#6638=ORIENTED_EDGE('',*,*,#3763,.F.);
#6639=ORIENTED_EDGE('',*,*,#3753,.F.);
#6640=ORIENTED_EDGE('',*,*,#4186,.T.);
#6641=ORIENTED_EDGE('',*,*,#4246,.F.);
#6642=ORIENTED_EDGE('',*,*,#3771,.F.);
#6643=ORIENTED_EDGE('',*,*,#3766,.F.);
#6644=ORIENTED_EDGE('',*,*,#3591,.T.);
#6645=ORIENTED_EDGE('',*,*,#4245,.F.);
#6646=ORIENTED_EDGE('',*,*,#3786,.F.);
#6647=ORIENTED_EDGE('',*,*,#3776,.F.);
#6648=ORIENTED_EDGE('',*,*,#4189,.T.);
#6649=ORIENTED_EDGE('',*,*,#4240,.F.);
#6650=ORIENTED_EDGE('',*,*,#3794,.F.);
#6651=ORIENTED_EDGE('',*,*,#3789,.F.);
#6652=ORIENTED_EDGE('',*,*,#3600,.T.);
#6653=ORIENTED_EDGE('',*,*,#4239,.F.);
#6654=ORIENTED_EDGE('',*,*,#3809,.F.);
#6655=ORIENTED_EDGE('',*,*,#3799,.F.);
#6656=ORIENTED_EDGE('',*,*,#4192,.T.);
#6657=ORIENTED_EDGE('',*,*,#4234,.F.);
#6658=ORIENTED_EDGE('',*,*,#3817,.F.);
#6659=ORIENTED_EDGE('',*,*,#3812,.F.);
#6660=ORIENTED_EDGE('',*,*,#3609,.T.);
#6661=ORIENTED_EDGE('',*,*,#4233,.F.);
#6662=ORIENTED_EDGE('',*,*,#3832,.F.);
#6663=ORIENTED_EDGE('',*,*,#3822,.F.);
#6664=ORIENTED_EDGE('',*,*,#4195,.T.);
#6665=ORIENTED_EDGE('',*,*,#4228,.F.);
#6666=ORIENTED_EDGE('',*,*,#3840,.F.);
#6667=ORIENTED_EDGE('',*,*,#3835,.F.);
#6668=ORIENTED_EDGE('',*,*,#3618,.T.);
#6669=ORIENTED_EDGE('',*,*,#4227,.F.);
#6670=ORIENTED_EDGE('',*,*,#3855,.F.);
#6671=ORIENTED_EDGE('',*,*,#3845,.F.);
#6672=ORIENTED_EDGE('',*,*,#4198,.T.);
#6673=ORIENTED_EDGE('',*,*,#4222,.F.);
#6674=ORIENTED_EDGE('',*,*,#3863,.F.);
#6675=ORIENTED_EDGE('',*,*,#3858,.F.);
#6676=ORIENTED_EDGE('',*,*,#3627,.T.);
#6677=ORIENTED_EDGE('',*,*,#4221,.F.);
#6678=ORIENTED_EDGE('',*,*,#3878,.F.);
#6679=ORIENTED_EDGE('',*,*,#3868,.F.);
#6680=ORIENTED_EDGE('',*,*,#4201,.T.);
#6681=ORIENTED_EDGE('',*,*,#4310,.F.);
#6682=ORIENTED_EDGE('',*,*,#3886,.F.);
#6683=ORIENTED_EDGE('',*,*,#3881,.F.);
#6684=ORIENTED_EDGE('',*,*,#3636,.T.);
#6685=ORIENTED_EDGE('',*,*,#4307,.F.);
#6686=ORIENTED_EDGE('',*,*,#3901,.F.);
#6687=ORIENTED_EDGE('',*,*,#3891,.F.);
#6688=ORIENTED_EDGE('',*,*,#4204,.T.);
#6689=ORIENTED_EDGE('',*,*,#4303,.F.);
#6690=ORIENTED_EDGE('',*,*,#3909,.F.);
#6691=ORIENTED_EDGE('',*,*,#3904,.F.);
#6692=ORIENTED_EDGE('',*,*,#3645,.T.);
#6693=ORIENTED_EDGE('',*,*,#4306,.F.);
#6694=ORIENTED_EDGE('',*,*,#3924,.F.);
#6695=ORIENTED_EDGE('',*,*,#3914,.F.);
#6696=ORIENTED_EDGE('',*,*,#4207,.T.);
#6697=ORIENTED_EDGE('',*,*,#4300,.F.);
#6698=ORIENTED_EDGE('',*,*,#3932,.F.);
#6699=ORIENTED_EDGE('',*,*,#3927,.F.);
#6700=ORIENTED_EDGE('',*,*,#3654,.T.);
#6701=ORIENTED_EDGE('',*,*,#4299,.F.);
#6702=ORIENTED_EDGE('',*,*,#3947,.F.);
#6703=ORIENTED_EDGE('',*,*,#3937,.F.);
#6704=ORIENTED_EDGE('',*,*,#4210,.T.);
#6705=ORIENTED_EDGE('',*,*,#4294,.F.);
#6706=ORIENTED_EDGE('',*,*,#3955,.F.);
#6707=ORIENTED_EDGE('',*,*,#3950,.F.);
#6708=ORIENTED_EDGE('',*,*,#3663,.T.);
#6709=ORIENTED_EDGE('',*,*,#4293,.F.);
#6710=ORIENTED_EDGE('',*,*,#3970,.F.);
#6711=ORIENTED_EDGE('',*,*,#3960,.F.);
#6712=ORIENTED_EDGE('',*,*,#4213,.T.);
#6713=ORIENTED_EDGE('',*,*,#4288,.F.);
#6714=ORIENTED_EDGE('',*,*,#3978,.F.);
#6715=ORIENTED_EDGE('',*,*,#3973,.F.);
#6716=ORIENTED_EDGE('',*,*,#3672,.T.);
#6717=ORIENTED_EDGE('',*,*,#4287,.F.);
#6718=ORIENTED_EDGE('',*,*,#3993,.F.);
#6719=ORIENTED_EDGE('',*,*,#3983,.F.);
#6720=ORIENTED_EDGE('',*,*,#4216,.T.);
#6721=ORIENTED_EDGE('',*,*,#4282,.F.);
#6722=ORIENTED_EDGE('',*,*,#4001,.F.);
#6723=ORIENTED_EDGE('',*,*,#3996,.F.);
#6724=ORIENTED_EDGE('',*,*,#3681,.T.);
#6725=ORIENTED_EDGE('',*,*,#4281,.F.);
#6726=ORIENTED_EDGE('',*,*,#4016,.F.);
#6727=ORIENTED_EDGE('',*,*,#4006,.F.);
#6728=ORIENTED_EDGE('',*,*,#4165,.T.);
#6729=ORIENTED_EDGE('',*,*,#4276,.F.);
#6730=ORIENTED_EDGE('',*,*,#4024,.F.);
#6731=ORIENTED_EDGE('',*,*,#4019,.F.);
#6732=ORIENTED_EDGE('',*,*,#3690,.T.);
#6733=ORIENTED_EDGE('',*,*,#4275,.F.);
#6734=ORIENTED_EDGE('',*,*,#4039,.F.);
#6735=ORIENTED_EDGE('',*,*,#4029,.F.);
#6736=ORIENTED_EDGE('',*,*,#4168,.T.);
#6737=ORIENTED_EDGE('',*,*,#4270,.F.);
#6738=ORIENTED_EDGE('',*,*,#4049,.F.);
#6739=ORIENTED_EDGE('',*,*,#4043,.F.);
#6740=ORIENTED_EDGE('',*,*,#4172,.T.);
#6741=ORIENTED_EDGE('',*,*,#4269,.F.);
#6742=ORIENTED_EDGE('',*,*,#3703,.F.);
#6743=ORIENTED_EDGE('',*,*,#4054,.F.);
#6744=ORIENTED_EDGE('',*,*,#4177,.T.);
#6745=ORIENTED_EDGE('',*,*,#4264,.F.);
#6746=ORIENTED_EDGE('',*,*,#4063,.F.);
#6747=ORIENTED_EDGE('',*,*,#4058,.F.);
#6748=ORIENTED_EDGE('',*,*,#3714,.T.);
#6749=ORIENTED_EDGE('',*,*,#4263,.F.);
#6750=ORIENTED_EDGE('',*,*,#4078,.F.);
#6751=ORIENTED_EDGE('',*,*,#4068,.F.);
#6752=ORIENTED_EDGE('',*,*,#4180,.T.);
#6753=ORIENTED_EDGE('',*,*,#4258,.F.);
#6754=ORIENTED_EDGE('',*,*,#3725,.F.);
#6755=ORIENTED_EDGE('',*,*,#4332,.F.);
#6756=PLANE('',#7400);
#6757=PLANE('',#7401);
#6758=PLANE('',#7402);
#6759=PLANE('',#7403);
#6760=PLANE('',#7404);
#6761=PLANE('',#7405);
#6762=PLANE('',#7406);
#6763=PLANE('',#7407);
#6764=PLANE('',#7408);
#6765=PLANE('',#7409);
#6766=PLANE('',#7410);
#6767=PLANE('',#7411);
#6768=PLANE('',#7412);
#6769=PLANE('',#7413);
#6770=PLANE('',#7414);
#6771=PLANE('',#7415);
#6772=PLANE('',#7416);
#6773=PLANE('',#7417);
#6774=PLANE('',#7418);
#6775=PLANE('',#7419);
#6776=PLANE('',#7420);
#6777=PLANE('',#7421);
#6778=PLANE('',#7422);
#6779=PLANE('',#7423);
#6780=PLANE('',#7424);
#6781=PLANE('',#7425);
#6782=PLANE('',#7426);
#6783=PLANE('',#7427);
#6784=PLANE('',#7428);
#6785=PLANE('',#7429);
#6786=PLANE('',#7430);
#6787=PLANE('',#7431);
#6788=PLANE('',#7432);
#6789=PLANE('',#7433);
#6790=PLANE('',#7434);
#6791=PLANE('',#7435);
#6792=PLANE('',#7436);
#6793=PLANE('',#7437);
#6794=PLANE('',#7438);
#6795=PLANE('',#7439);
#6796=PLANE('',#7440);
#6797=PLANE('',#7441);
#6798=PLANE('',#7442);
#6799=PLANE('',#7443);
#6800=PLANE('',#7444);
#6801=PLANE('',#7445);
#6802=PLANE('',#7446);
#6803=PLANE('',#7447);
#6804=PLANE('',#7448);
#6805=PLANE('',#7449);
#6806=PLANE('',#7450);
#6807=PLANE('',#7451);
#6808=PLANE('',#7452);
#6809=PLANE('',#7453);
#6810=PLANE('',#7454);
#6811=PLANE('',#7455);
#6812=PLANE('',#7456);
#6813=PLANE('',#7457);
#6814=PLANE('',#7458);
#6815=PLANE('',#7459);
#6816=PLANE('',#7460);
#6817=PLANE('',#7461);
#6818=PLANE('',#7462);
#6819=PLANE('',#7463);
#6820=PLANE('',#7464);
#6821=PLANE('',#7465);
#6822=PLANE('',#7466);
#6823=PLANE('',#7467);
#6824=PLANE('',#7468);
#6825=PLANE('',#7469);
#6826=PLANE('',#7470);
#6827=PLANE('',#7471);
#6828=PLANE('',#7472);
#6829=PLANE('',#7473);
#6830=PLANE('',#7474);
#6831=PLANE('',#7475);
#6832=PLANE('',#7476);
#6833=PLANE('',#7477);
#6834=PLANE('',#7478);
#6835=PLANE('',#7479);
#6836=PLANE('',#7480);
#6837=PLANE('',#7481);
#6838=PLANE('',#7482);
#6839=PLANE('',#7483);
#6840=PLANE('',#7484);
#6841=PLANE('',#7485);
#6842=PLANE('',#7486);
#6843=PLANE('',#7487);
#6844=PLANE('',#7488);
#6845=PLANE('',#7489);
#6846=PLANE('',#7490);
#6847=PLANE('',#7491);
#6848=PLANE('',#7492);
#6849=PLANE('',#7493);
#6850=PLANE('',#7494);
#6851=PLANE('',#7495);
#6852=PLANE('',#7496);
#6853=PLANE('',#7497);
#6854=PLANE('',#7498);
#6855=PLANE('',#7499);
#6856=PLANE('',#7500);
#6857=PLANE('',#7501);
#6858=PLANE('',#7502);
#6859=PLANE('',#7503);
#6860=PLANE('',#7504);
#6861=PLANE('',#7505);
#6862=PLANE('',#7506);
#6863=PLANE('',#7507);
#6864=PLANE('',#7508);
#6865=PLANE('',#7509);
#6866=PLANE('',#7510);
#6867=PLANE('',#7511);
#6868=PLANE('',#7512);
#6869=PLANE('',#7513);
#6870=PLANE('',#7514);
#6871=PLANE('',#7515);
#6872=PLANE('',#7516);
#6873=PLANE('',#7517);
#6874=PLANE('',#7518);
#6875=PLANE('',#7519);
#6876=PLANE('',#7520);
#6877=PLANE('',#7521);
#6878=PLANE('',#7522);
#6879=PLANE('',#7523);
#6880=PLANE('',#7524);
#6881=PLANE('',#7525);
#6882=PLANE('',#7526);
#6883=PLANE('',#7527);
#6884=PLANE('',#7528);
#6885=PLANE('',#7529);
#6886=PLANE('',#7530);
#6887=PLANE('',#7531);
#6888=PLANE('',#7532);
#6889=PLANE('',#7533);
#6890=PLANE('',#7534);
#6891=PLANE('',#7535);
#6892=PLANE('',#7536);
#6893=PLANE('',#7537);
#6894=PLANE('',#7538);
#6895=PLANE('',#7539);
#6896=PLANE('',#7540);
#6897=PLANE('',#7541);
#6898=PLANE('',#7542);
#6899=PLANE('',#7543);
#6900=PLANE('',#7544);
#6901=PLANE('',#7578);
#6902=PLANE('',#7579);
#6903=PLANE('',#7580);
#6904=PLANE('',#7581);
#6905=PLANE('',#7582);
#6906=PLANE('',#7583);
#6907=PLANE('',#7584);
#6908=PLANE('',#7585);
#6909=PLANE('',#7586);
#6910=PLANE('',#7587);
#6911=PLANE('',#7588);
#6912=PLANE('',#7589);
#6913=PLANE('',#7590);
#6914=PLANE('',#7591);
#6915=PLANE('',#7592);
#6916=PLANE('',#7593);
#6917=PLANE('',#7594);
#6918=PLANE('',#7595);
#6919=PLANE('',#7596);
#6920=PLANE('',#7597);
#6921=PLANE('',#7598);
#6922=PLANE('',#7599);
#6923=PLANE('',#7600);
#6924=PLANE('',#7601);
#6925=PLANE('',#7602);
#6926=PLANE('',#7603);
#6927=PLANE('',#7604);
#6928=PLANE('',#7605);
#6929=PLANE('',#7606);
#6930=PLANE('',#7607);
#6931=PLANE('',#7608);
#6932=PLANE('',#7609);
#6933=PLANE('',#7610);
#6934=PLANE('',#7611);
#6935=PLANE('',#7612);
#6936=PLANE('',#7613);
#6937=PLANE('',#7614);
#6938=PLANE('',#7615);
#6939=PLANE('',#7616);
#6940=PLANE('',#7617);
#6941=PLANE('',#7618);
#6942=PLANE('',#7619);
#6943=PLANE('',#7620);
#6944=PLANE('',#7621);
#6945=PLANE('',#7622);
#6946=PLANE('',#7623);
#6947=PLANE('',#7624);
#6948=PLANE('',#7625);
#6949=PLANE('',#7770);
#6950=PLANE('',#7771);
#6951=PLANE('',#7774);
#6952=PLANE('',#7775);
#6953=PLANE('',#7776);
#6954=PLANE('',#7777);
#6955=PLANE('',#7778);
#6956=PLANE('',#7779);
#6957=PLANE('',#7780);
#6958=PLANE('',#7781);
#6959=PLANE('',#7782);
#6960=PLANE('',#7783);
#6961=PLANE('',#7784);
#6962=PLANE('',#7785);
#6963=PLANE('',#7786);
#6964=PLANE('',#7787);
#6965=PLANE('',#7788);
#6966=PLANE('',#7789);
#6967=PLANE('',#7790);
#6968=PLANE('',#7791);
#6969=PLANE('',#7792);
#6970=PLANE('',#7793);
#6971=PLANE('',#7794);
#6972=PLANE('',#7795);
#6973=PLANE('',#7796);
#6974=PLANE('',#7797);
#6975=PLANE('',#7798);
#6976=PLANE('',#7799);
#6977=PLANE('',#7800);
#6978=PLANE('',#7801);
#6979=PLANE('',#7802);
#6980=PLANE('',#7803);
#6981=PLANE('',#7804);
#6982=PLANE('',#7805);
#6983=PLANE('',#7806);
#6984=PLANE('',#7807);
#6985=PLANE('',#7808);
#6986=PLANE('',#7809);
#6987=PLANE('',#7810);
#6988=PLANE('',#7811);
#6989=PLANE('',#7812);
#6990=PLANE('',#7813);
#6991=PLANE('',#7814);
#6992=PLANE('',#7815);
#6993=PLANE('',#7816);
#6994=PLANE('',#7817);
#6995=PLANE('',#7818);
#6996=PLANE('',#7819);
#6997=PLANE('',#7820);
#6998=PLANE('',#7821);
#6999=PLANE('',#7822);
#7000=PLANE('',#7823);
#7001=PLANE('',#7824);
#7002=PLANE('',#7825);
#7003=PLANE('',#7826);
#7004=PLANE('',#7827);
#7005=PLANE('',#7828);
#7006=PLANE('',#7829);
#7007=PLANE('',#7830);
#7008=PLANE('',#7831);
#7009=PLANE('',#7832);
#7010=PLANE('',#7833);
#7011=PLANE('',#7834);
#7012=PLANE('',#7835);
#7013=PLANE('',#7836);
#7014=ADVANCED_FACE('',(#475),#6756,.F.);
#7015=ADVANCED_FACE('',(#476),#6757,.F.);
#7016=ADVANCED_FACE('',(#477),#6758,.F.);
#7017=ADVANCED_FACE('',(#478),#6759,.F.);
#7018=ADVANCED_FACE('',(#479),#6760,.F.);
#7019=ADVANCED_FACE('',(#480),#6761,.F.);
#7020=ADVANCED_FACE('',(#481),#6762,.F.);
#7021=ADVANCED_FACE('',(#482),#6763,.F.);
#7022=ADVANCED_FACE('',(#483),#6764,.F.);
#7023=ADVANCED_FACE('',(#484),#6765,.F.);
#7024=ADVANCED_FACE('',(#485),#6766,.F.);
#7025=ADVANCED_FACE('',(#486),#6767,.F.);
#7026=ADVANCED_FACE('',(#487),#6768,.F.);
#7027=ADVANCED_FACE('',(#488),#6769,.F.);
#7028=ADVANCED_FACE('',(#489),#6770,.F.);
#7029=ADVANCED_FACE('',(#490),#6771,.F.);
#7030=ADVANCED_FACE('',(#491),#6772,.F.);
#7031=ADVANCED_FACE('',(#492),#6773,.F.);
#7032=ADVANCED_FACE('',(#493),#6774,.F.);
#7033=ADVANCED_FACE('',(#494),#6775,.F.);
#7034=ADVANCED_FACE('',(#495),#6776,.F.);
#7035=ADVANCED_FACE('',(#496),#6777,.F.);
#7036=ADVANCED_FACE('',(#497),#6778,.F.);
#7037=ADVANCED_FACE('',(#498),#6779,.F.);
#7038=ADVANCED_FACE('',(#499),#6780,.F.);
#7039=ADVANCED_FACE('',(#500),#6781,.F.);
#7040=ADVANCED_FACE('',(#501),#6782,.F.);
#7041=ADVANCED_FACE('',(#502),#6783,.F.);
#7042=ADVANCED_FACE('',(#503),#6784,.F.);
#7043=ADVANCED_FACE('',(#504),#6785,.F.);
#7044=ADVANCED_FACE('',(#505),#6786,.T.);
#7045=ADVANCED_FACE('',(#506),#6787,.T.);
#7046=ADVANCED_FACE('',(#507),#6788,.T.);
#7047=ADVANCED_FACE('',(#508),#6789,.T.);
#7048=ADVANCED_FACE('',(#509),#6790,.T.);
#7049=ADVANCED_FACE('',(#510),#6791,.T.);
#7050=ADVANCED_FACE('',(#511),#6792,.T.);
#7051=ADVANCED_FACE('',(#512),#6793,.T.);
#7052=ADVANCED_FACE('',(#513),#6794,.T.);
#7053=ADVANCED_FACE('',(#514),#6795,.T.);
#7054=ADVANCED_FACE('',(#515),#6796,.T.);
#7055=ADVANCED_FACE('',(#516),#6797,.T.);
#7056=ADVANCED_FACE('',(#517),#6798,.T.);
#7057=ADVANCED_FACE('',(#518),#6799,.T.);
#7058=ADVANCED_FACE('',(#519),#6800,.T.);
#7059=ADVANCED_FACE('',(#520),#6801,.F.);
#7060=ADVANCED_FACE('',(#521),#6802,.F.);
#7061=ADVANCED_FACE('',(#522),#6803,.T.);
#7062=ADVANCED_FACE('',(#523),#6804,.T.);
#7063=ADVANCED_FACE('',(#524),#6805,.T.);
#7064=ADVANCED_FACE('',(#525),#6806,.T.);
#7065=ADVANCED_FACE('',(#526),#6807,.T.);
#7066=ADVANCED_FACE('',(#527),#6808,.T.);
#7067=ADVANCED_FACE('',(#528),#6809,.T.);
#7068=ADVANCED_FACE('',(#529),#6810,.T.);
#7069=ADVANCED_FACE('',(#530),#6811,.T.);
#7070=ADVANCED_FACE('',(#531),#6812,.T.);
#7071=ADVANCED_FACE('',(#532),#6813,.T.);
#7072=ADVANCED_FACE('',(#533),#6814,.T.);
#7073=ADVANCED_FACE('',(#534),#6815,.T.);
#7074=ADVANCED_FACE('',(#535),#6816,.T.);
#7075=ADVANCED_FACE('',(#536),#6817,.T.);
#7076=ADVANCED_FACE('',(#537),#6818,.T.);
#7077=ADVANCED_FACE('',(#538),#6819,.T.);
#7078=ADVANCED_FACE('',(#539),#6820,.T.);
#7079=ADVANCED_FACE('',(#540),#6821,.T.);
#7080=ADVANCED_FACE('',(#541),#6822,.T.);
#7081=ADVANCED_FACE('',(#542),#6823,.T.);
#7082=ADVANCED_FACE('',(#543),#6824,.T.);
#7083=ADVANCED_FACE('',(#544),#6825,.T.);
#7084=ADVANCED_FACE('',(#545),#6826,.T.);
#7085=ADVANCED_FACE('',(#546),#6827,.T.);
#7086=ADVANCED_FACE('',(#547),#6828,.T.);
#7087=ADVANCED_FACE('',(#548),#6829,.T.);
#7088=ADVANCED_FACE('',(#549),#6830,.T.);
#7089=ADVANCED_FACE('',(#550),#6831,.T.);
#7090=ADVANCED_FACE('',(#551),#6832,.T.);
#7091=ADVANCED_FACE('',(#552),#6833,.T.);
#7092=ADVANCED_FACE('',(#553),#6834,.T.);
#7093=ADVANCED_FACE('',(#554),#6835,.T.);
#7094=ADVANCED_FACE('',(#555),#6836,.T.);
#7095=ADVANCED_FACE('',(#556),#6837,.T.);
#7096=ADVANCED_FACE('',(#557),#6838,.T.);
#7097=ADVANCED_FACE('',(#558),#6839,.T.);
#7098=ADVANCED_FACE('',(#559),#6840,.T.);
#7099=ADVANCED_FACE('',(#560),#6841,.T.);
#7100=ADVANCED_FACE('',(#561),#6842,.T.);
#7101=ADVANCED_FACE('',(#562),#6843,.T.);
#7102=ADVANCED_FACE('',(#563),#6844,.T.);
#7103=ADVANCED_FACE('',(#564),#6845,.T.);
#7104=ADVANCED_FACE('',(#565),#6846,.T.);
#7105=ADVANCED_FACE('',(#566),#6847,.T.);
#7106=ADVANCED_FACE('',(#567),#6848,.T.);
#7107=ADVANCED_FACE('',(#568),#6849,.T.);
#7108=ADVANCED_FACE('',(#569),#6850,.T.);
#7109=ADVANCED_FACE('',(#570),#6851,.T.);
#7110=ADVANCED_FACE('',(#571),#6852,.T.);
#7111=ADVANCED_FACE('',(#572),#6853,.T.);
#7112=ADVANCED_FACE('',(#573),#6854,.T.);
#7113=ADVANCED_FACE('',(#574),#6855,.T.);
#7114=ADVANCED_FACE('',(#575),#6856,.T.);
#7115=ADVANCED_FACE('',(#576),#6857,.T.);
#7116=ADVANCED_FACE('',(#577),#6858,.T.);
#7117=ADVANCED_FACE('',(#578),#6859,.T.);
#7118=ADVANCED_FACE('',(#579),#6860,.T.);
#7119=ADVANCED_FACE('',(#580),#6861,.T.);
#7120=ADVANCED_FACE('',(#581),#6862,.T.);
#7121=ADVANCED_FACE('',(#582),#6863,.T.);
#7122=ADVANCED_FACE('',(#583),#6864,.T.);
#7123=ADVANCED_FACE('',(#584),#6865,.T.);
#7124=ADVANCED_FACE('',(#585),#6866,.T.);
#7125=ADVANCED_FACE('',(#586),#6867,.T.);
#7126=ADVANCED_FACE('',(#587),#6868,.T.);
#7127=ADVANCED_FACE('',(#588),#6869,.T.);
#7128=ADVANCED_FACE('',(#589),#6870,.T.);
#7129=ADVANCED_FACE('',(#590),#6871,.T.);
#7130=ADVANCED_FACE('',(#591),#6872,.T.);
#7131=ADVANCED_FACE('',(#592),#6873,.T.);
#7132=ADVANCED_FACE('',(#593),#6874,.T.);
#7133=ADVANCED_FACE('',(#594),#6875,.T.);
#7134=ADVANCED_FACE('',(#595),#6876,.T.);
#7135=ADVANCED_FACE('',(#596),#6877,.T.);
#7136=ADVANCED_FACE('',(#597),#6878,.T.);
#7137=ADVANCED_FACE('',(#598),#6879,.T.);
#7138=ADVANCED_FACE('',(#599),#6880,.T.);
#7139=ADVANCED_FACE('',(#600),#6881,.T.);
#7140=ADVANCED_FACE('',(#601),#6882,.T.);
#7141=ADVANCED_FACE('',(#602),#6883,.T.);
#7142=ADVANCED_FACE('',(#603),#6884,.T.);
#7143=ADVANCED_FACE('',(#604),#6885,.T.);
#7144=ADVANCED_FACE('',(#605),#6886,.T.);
#7145=ADVANCED_FACE('',(#606),#6887,.T.);
#7146=ADVANCED_FACE('',(#607),#6888,.T.);
#7147=ADVANCED_FACE('',(#608),#6889,.T.);
#7148=ADVANCED_FACE('',(#609),#6890,.T.);
#7149=ADVANCED_FACE('',(#610),#6891,.T.);
#7150=ADVANCED_FACE('',(#611),#6892,.T.);
#7151=ADVANCED_FACE('',(#612),#6893,.T.);
#7152=ADVANCED_FACE('',(#613),#6894,.T.);
#7153=ADVANCED_FACE('',(#614),#6895,.T.);
#7154=ADVANCED_FACE('',(#615),#6896,.T.);
#7155=ADVANCED_FACE('',(#616),#6897,.T.);
#7156=ADVANCED_FACE('',(#617),#6898,.T.);
#7157=ADVANCED_FACE('',(#618),#6899,.T.);
#7158=ADVANCED_FACE('',(#619,#392),#6900,.T.);
#7159=ADVANCED_FACE('',(#620),#6901,.T.);
#7160=ADVANCED_FACE('',(#621),#6902,.T.);
#7161=ADVANCED_FACE('',(#622),#6903,.T.);
#7162=ADVANCED_FACE('',(#623),#6904,.T.);
#7163=ADVANCED_FACE('',(#624),#6905,.T.);
#7164=ADVANCED_FACE('',(#625),#6906,.T.);
#7165=ADVANCED_FACE('',(#626),#6907,.T.);
#7166=ADVANCED_FACE('',(#627),#6908,.T.);
#7167=ADVANCED_FACE('',(#628),#6909,.T.);
#7168=ADVANCED_FACE('',(#629),#6910,.T.);
#7169=ADVANCED_FACE('',(#630),#6911,.T.);
#7170=ADVANCED_FACE('',(#631),#6912,.T.);
#7171=ADVANCED_FACE('',(#632),#6913,.T.);
#7172=ADVANCED_FACE('',(#633),#6914,.T.);
#7173=ADVANCED_FACE('',(#634),#6915,.T.);
#7174=ADVANCED_FACE('',(#635),#6916,.T.);
#7175=ADVANCED_FACE('',(#636),#6917,.T.);
#7176=ADVANCED_FACE('',(#637),#6918,.T.);
#7177=ADVANCED_FACE('',(#638),#6919,.T.);
#7178=ADVANCED_FACE('',(#639),#6920,.T.);
#7179=ADVANCED_FACE('',(#640),#6921,.T.);
#7180=ADVANCED_FACE('',(#641),#6922,.T.);
#7181=ADVANCED_FACE('',(#642),#6923,.T.);
#7182=ADVANCED_FACE('',(#643),#6924,.T.);
#7183=ADVANCED_FACE('',(#644),#6925,.T.);
#7184=ADVANCED_FACE('',(#645),#6926,.T.);
#7185=ADVANCED_FACE('',(#646),#6927,.T.);
#7186=ADVANCED_FACE('',(#647),#6928,.T.);
#7187=ADVANCED_FACE('',(#648),#6929,.T.);
#7188=ADVANCED_FACE('',(#649),#6930,.T.);
#7189=ADVANCED_FACE('',(#650),#6931,.T.);
#7190=ADVANCED_FACE('',(#651),#6932,.T.);
#7191=ADVANCED_FACE('',(#652),#6933,.T.);
#7192=ADVANCED_FACE('',(#653),#6934,.T.);
#7193=ADVANCED_FACE('',(#654),#6935,.T.);
#7194=ADVANCED_FACE('',(#655),#6936,.T.);
#7195=ADVANCED_FACE('',(#656),#6937,.T.);
#7196=ADVANCED_FACE('',(#657),#6938,.T.);
#7197=ADVANCED_FACE('',(#658),#6939,.T.);
#7198=ADVANCED_FACE('',(#659),#6940,.T.);
#7199=ADVANCED_FACE('',(#660),#6941,.T.);
#7200=ADVANCED_FACE('',(#661),#6942,.T.);
#7201=ADVANCED_FACE('',(#662),#6943,.T.);
#7202=ADVANCED_FACE('',(#663),#6944,.T.);
#7203=ADVANCED_FACE('',(#664),#6945,.T.);
#7204=ADVANCED_FACE('',(#665),#6946,.T.);
#7205=ADVANCED_FACE('',(#666),#6947,.T.);
#7206=ADVANCED_FACE('',(#667),#6948,.T.);
#7207=ADVANCED_FACE('',(#668),#343,.T.);
#7208=ADVANCED_FACE('',(#669),#344,.T.);
#7209=ADVANCED_FACE('',(#670),#345,.T.);
#7210=ADVANCED_FACE('',(#671),#346,.T.);
#7211=ADVANCED_FACE('',(#672),#347,.T.);
#7212=ADVANCED_FACE('',(#673),#348,.T.);
#7213=ADVANCED_FACE('',(#674),#349,.T.);
#7214=ADVANCED_FACE('',(#675),#350,.T.);
#7215=ADVANCED_FACE('',(#676),#351,.T.);
#7216=ADVANCED_FACE('',(#677),#352,.T.);
#7217=ADVANCED_FACE('',(#678),#353,.T.);
#7218=ADVANCED_FACE('',(#679),#354,.T.);
#7219=ADVANCED_FACE('',(#680),#355,.T.);
#7220=ADVANCED_FACE('',(#681),#356,.T.);
#7221=ADVANCED_FACE('',(#682),#357,.T.);
#7222=ADVANCED_FACE('',(#683),#358,.T.);
#7223=ADVANCED_FACE('',(#684),#359,.T.);
#7224=ADVANCED_FACE('',(#685),#360,.T.);
#7225=ADVANCED_FACE('',(#686),#361,.T.);
#7226=ADVANCED_FACE('',(#687),#362,.T.);
#7227=ADVANCED_FACE('',(#688),#363,.T.);
#7228=ADVANCED_FACE('',(#689),#364,.T.);
#7229=ADVANCED_FACE('',(#690),#365,.T.);
#7230=ADVANCED_FACE('',(#691),#366,.T.);
#7231=ADVANCED_FACE('',(#692),#367,.T.);
#7232=ADVANCED_FACE('',(#693),#368,.T.);
#7233=ADVANCED_FACE('',(#694),#369,.T.);
#7234=ADVANCED_FACE('',(#695),#370,.T.);
#7235=ADVANCED_FACE('',(#696),#371,.T.);
#7236=ADVANCED_FACE('',(#697),#372,.T.);
#7237=ADVANCED_FACE('',(#698),#373,.T.);
#7238=ADVANCED_FACE('',(#699),#374,.T.);
#7239=ADVANCED_FACE('',(#700),#375,.T.);
#7240=ADVANCED_FACE('',(#701),#376,.T.);
#7241=ADVANCED_FACE('',(#702),#377,.T.);
#7242=ADVANCED_FACE('',(#703),#378,.T.);
#7243=ADVANCED_FACE('',(#704),#379,.T.);
#7244=ADVANCED_FACE('',(#705),#380,.T.);
#7245=ADVANCED_FACE('',(#706),#381,.T.);
#7246=ADVANCED_FACE('',(#707),#382,.T.);
#7247=ADVANCED_FACE('',(#708),#383,.T.);
#7248=ADVANCED_FACE('',(#709),#384,.T.);
#7249=ADVANCED_FACE('',(#710),#385,.T.);
#7250=ADVANCED_FACE('',(#711),#386,.T.);
#7251=ADVANCED_FACE('',(#712),#387,.T.);
#7252=ADVANCED_FACE('',(#713),#388,.T.);
#7253=ADVANCED_FACE('',(#714),#389,.T.);
#7254=ADVANCED_FACE('',(#715),#390,.T.);
#7255=ADVANCED_FACE('',(#716),#215,.T.);
#7256=ADVANCED_FACE('',(#717),#216,.T.);
#7257=ADVANCED_FACE('',(#718),#217,.T.);
#7258=ADVANCED_FACE('',(#719),#218,.T.);
#7259=ADVANCED_FACE('',(#720),#6949,.F.);
#7260=ADVANCED_FACE('',(#721),#6950,.F.);
#7261=ADVANCED_FACE('',(#722,#393,#394,#395,#396,#397,#398,#399,#400,#401,
#402,#403,#404,#405,#406,#407),#391,.F.);
#7262=ADVANCED_FACE('',(#723),#219,.T.);
#7263=ADVANCED_FACE('',(#724),#220,.T.);
#7264=ADVANCED_FACE('',(#725),#221,.T.);
#7265=ADVANCED_FACE('',(#726),#222,.T.);
#7266=ADVANCED_FACE('',(#727),#6951,.F.);
#7267=ADVANCED_FACE('',(#728),#6952,.F.);
#7268=ADVANCED_FACE('',(#729),#223,.T.);
#7269=ADVANCED_FACE('',(#730),#224,.T.);
#7270=ADVANCED_FACE('',(#731),#225,.T.);
#7271=ADVANCED_FACE('',(#732),#226,.T.);
#7272=ADVANCED_FACE('',(#733),#6953,.F.);
#7273=ADVANCED_FACE('',(#734),#6954,.F.);
#7274=ADVANCED_FACE('',(#735),#227,.T.);
#7275=ADVANCED_FACE('',(#736),#228,.T.);
#7276=ADVANCED_FACE('',(#737),#229,.T.);
#7277=ADVANCED_FACE('',(#738),#230,.T.);
#7278=ADVANCED_FACE('',(#739),#6955,.F.);
#7279=ADVANCED_FACE('',(#740),#6956,.F.);
#7280=ADVANCED_FACE('',(#741),#231,.T.);
#7281=ADVANCED_FACE('',(#742),#232,.T.);
#7282=ADVANCED_FACE('',(#743),#233,.T.);
#7283=ADVANCED_FACE('',(#744),#234,.T.);
#7284=ADVANCED_FACE('',(#745),#6957,.F.);
#7285=ADVANCED_FACE('',(#746),#6958,.F.);
#7286=ADVANCED_FACE('',(#747),#235,.T.);
#7287=ADVANCED_FACE('',(#748),#236,.T.);
#7288=ADVANCED_FACE('',(#749),#237,.T.);
#7289=ADVANCED_FACE('',(#750),#238,.T.);
#7290=ADVANCED_FACE('',(#751),#6959,.F.);
#7291=ADVANCED_FACE('',(#752),#6960,.F.);
#7292=ADVANCED_FACE('',(#753),#239,.T.);
#7293=ADVANCED_FACE('',(#754),#240,.T.);
#7294=ADVANCED_FACE('',(#755),#241,.T.);
#7295=ADVANCED_FACE('',(#756),#242,.T.);
#7296=ADVANCED_FACE('',(#757),#6961,.F.);
#7297=ADVANCED_FACE('',(#758),#6962,.F.);
#7298=ADVANCED_FACE('',(#759),#243,.T.);
#7299=ADVANCED_FACE('',(#760),#244,.T.);
#7300=ADVANCED_FACE('',(#761),#245,.T.);
#7301=ADVANCED_FACE('',(#762),#246,.T.);
#7302=ADVANCED_FACE('',(#763),#6963,.F.);
#7303=ADVANCED_FACE('',(#764),#6964,.F.);
#7304=ADVANCED_FACE('',(#765),#247,.T.);
#7305=ADVANCED_FACE('',(#766),#248,.T.);
#7306=ADVANCED_FACE('',(#767),#249,.T.);
#7307=ADVANCED_FACE('',(#768),#250,.T.);
#7308=ADVANCED_FACE('',(#769),#6965,.F.);
#7309=ADVANCED_FACE('',(#770),#6966,.F.);
#7310=ADVANCED_FACE('',(#771),#251,.T.);
#7311=ADVANCED_FACE('',(#772),#252,.T.);
#7312=ADVANCED_FACE('',(#773),#253,.T.);
#7313=ADVANCED_FACE('',(#774),#254,.T.);
#7314=ADVANCED_FACE('',(#775),#6967,.F.);
#7315=ADVANCED_FACE('',(#776),#6968,.F.);
#7316=ADVANCED_FACE('',(#777),#255,.T.);
#7317=ADVANCED_FACE('',(#778),#256,.T.);
#7318=ADVANCED_FACE('',(#779),#257,.T.);
#7319=ADVANCED_FACE('',(#780),#258,.T.);
#7320=ADVANCED_FACE('',(#781),#6969,.F.);
#7321=ADVANCED_FACE('',(#782),#6970,.F.);
#7322=ADVANCED_FACE('',(#783),#259,.T.);
#7323=ADVANCED_FACE('',(#784),#260,.T.);
#7324=ADVANCED_FACE('',(#785),#261,.T.);
#7325=ADVANCED_FACE('',(#786),#262,.T.);
#7326=ADVANCED_FACE('',(#787),#6971,.F.);
#7327=ADVANCED_FACE('',(#788),#6972,.F.);
#7328=ADVANCED_FACE('',(#789),#263,.T.);
#7329=ADVANCED_FACE('',(#790),#264,.T.);
#7330=ADVANCED_FACE('',(#791),#265,.T.);
#7331=ADVANCED_FACE('',(#792),#266,.T.);
#7332=ADVANCED_FACE('',(#793),#6973,.F.);
#7333=ADVANCED_FACE('',(#794),#6974,.F.);
#7334=ADVANCED_FACE('',(#795),#267,.T.);
#7335=ADVANCED_FACE('',(#796),#268,.T.);
#7336=ADVANCED_FACE('',(#797),#269,.T.);
#7337=ADVANCED_FACE('',(#798),#270,.T.);
#7338=ADVANCED_FACE('',(#799),#6975,.F.);
#7339=ADVANCED_FACE('',(#800),#6976,.F.);
#7340=ADVANCED_FACE('',(#801),#271,.T.);
#7341=ADVANCED_FACE('',(#802),#272,.T.);
#7342=ADVANCED_FACE('',(#803),#273,.T.);
#7343=ADVANCED_FACE('',(#804),#274,.T.);
#7344=ADVANCED_FACE('',(#805),#6977,.F.);
#7345=ADVANCED_FACE('',(#806),#6978,.F.);
#7346=ADVANCED_FACE('',(#807),#275,.T.);
#7347=ADVANCED_FACE('',(#808),#276,.T.);
#7348=ADVANCED_FACE('',(#809),#277,.T.);
#7349=ADVANCED_FACE('',(#810),#278,.T.);
#7350=ADVANCED_FACE('',(#811),#6979,.F.);
#7351=ADVANCED_FACE('',(#812),#6980,.F.);
#7352=ADVANCED_FACE('',(#813),#6981,.F.);
#7353=ADVANCED_FACE('',(#814),#6982,.F.);
#7354=ADVANCED_FACE('',(#815),#6983,.F.);
#7355=ADVANCED_FACE('',(#816),#6984,.F.);
#7356=ADVANCED_FACE('',(#817),#6985,.F.);
#7357=ADVANCED_FACE('',(#818),#6986,.F.);
#7358=ADVANCED_FACE('',(#819),#6987,.F.);
#7359=ADVANCED_FACE('',(#820),#6988,.F.);
#7360=ADVANCED_FACE('',(#821),#6989,.F.);
#7361=ADVANCED_FACE('',(#822),#6990,.F.);
#7362=ADVANCED_FACE('',(#823),#6991,.F.);
#7363=ADVANCED_FACE('',(#824),#6992,.F.);
#7364=ADVANCED_FACE('',(#825),#6993,.F.);
#7365=ADVANCED_FACE('',(#826),#6994,.F.);
#7366=ADVANCED_FACE('',(#827),#6995,.F.);
#7367=ADVANCED_FACE('',(#828),#6996,.F.);
#7368=ADVANCED_FACE('',(#829),#6997,.F.);
#7369=ADVANCED_FACE('',(#830),#6998,.F.);
#7370=ADVANCED_FACE('',(#831),#6999,.F.);
#7371=ADVANCED_FACE('',(#832),#7000,.F.);
#7372=ADVANCED_FACE('',(#833),#7001,.F.);
#7373=ADVANCED_FACE('',(#834),#7002,.F.);
#7374=ADVANCED_FACE('',(#835),#7003,.F.);
#7375=ADVANCED_FACE('',(#836),#7004,.F.);
#7376=ADVANCED_FACE('',(#837),#7005,.F.);
#7377=ADVANCED_FACE('',(#838),#7006,.F.);
#7378=ADVANCED_FACE('',(#839),#7007,.F.);
#7379=ADVANCED_FACE('',(#840),#7008,.F.);
#7380=ADVANCED_FACE('',(#841),#7009,.F.);
#7381=ADVANCED_FACE('',(#842),#7010,.F.);
#7382=ADVANCED_FACE('',(#843),#7011,.F.);
#7383=ADVANCED_FACE('',(#844),#7012,.F.);
#7384=ADVANCED_FACE('',(#845,#408),#7013,.F.);
#7385=CLOSED_SHELL('',(#7014,#7015,#7016,#7017,#7018,#7019,#7020,#7021,
#7022,#7023,#7024,#7025,#7026,#7027,#7028,#7029,#7030,#7031,#7032,#7033,
#7034,#7035,#7036,#7037,#7038,#7039,#7040,#7041,#7042,#7043,#7044,#7045,
#7046,#7047,#7048,#7049,#7050,#7051,#7052,#7053,#7054,#7055,#7056,#7057,
#7058,#7059,#7060,#7061,#7062,#7063,#7064,#7065,#7066,#7067,#7068,#7069,
#7070,#7071,#7072,#7073,#7074,#7075,#7076,#7077,#7078,#7079,#7080,#7081,
#7082,#7083,#7084,#7085,#7086,#7087,#7088,#7089,#7090,#7091,#7092,#7093,
#7094,#7095,#7096,#7097,#7098,#7099,#7100,#7101,#7102,#7103,#7104,#7105,
#7106,#7107,#7108,#7109,#7110,#7111,#7112,#7113,#7114,#7115,#7116,#7117,
#7118,#7119,#7120,#7121,#7122,#7123,#7124,#7125,#7126,#7127,#7128,#7129,
#7130,#7131,#7132,#7133,#7134,#7135,#7136,#7137,#7138,#7139,#7140,#7141,
#7142,#7143,#7144,#7145,#7146,#7147,#7148,#7149,#7150,#7151,#7152,#7153,
#7154,#7155,#7156,#7157,#7158,#7159,#7160,#7161,#7162,#7163,#7164,#7165,
#7166,#7167,#7168,#7169,#7170,#7171,#7172,#7173,#7174,#7175,#7176,#7177,
#7178,#7179,#7180,#7181,#7182,#7183,#7184,#7185,#7186,#7187,#7188,#7189,
#7190,#7191,#7192,#7193,#7194,#7195,#7196,#7197,#7198,#7199,#7200,#7201,
#7202,#7203,#7204,#7205,#7206,#7207,#7208,#7209,#7210,#7211,#7212,#7213,
#7214,#7215,#7216,#7217,#7218,#7219,#7220,#7221,#7222,#7223,#7224,#7225,
#7226,#7227,#7228,#7229,#7230,#7231,#7232,#7233,#7234,#7235,#7236,#7237,
#7238,#7239,#7240,#7241,#7242,#7243,#7244,#7245,#7246,#7247,#7248,#7249,
#7250,#7251,#7252,#7253,#7254,#7255,#7256,#7257,#7258,#7259,#7260,#7261,
#7262,#7263,#7264,#7265,#7266,#7267,#7268,#7269,#7270,#7271,#7272,#7273,
#7274,#7275,#7276,#7277,#7278,#7279,#7280,#7281,#7282,#7283,#7284,#7285,
#7286,#7287,#7288,#7289,#7290,#7291,#7292,#7293,#7294,#7295,#7296,#7297,
#7298,#7299,#7300,#7301,#7302,#7303,#7304,#7305,#7306,#7307,#7308,#7309,
#7310,#7311,#7312,#7313,#7314,#7315,#7316,#7317,#7318,#7319,#7320,#7321,
#7322,#7323,#7324,#7325,#7326,#7327,#7328,#7329,#7330,#7331,#7332,#7333,
#7334,#7335,#7336,#7337,#7338,#7339,#7340,#7341,#7342,#7343,#7344,#7345,
#7346,#7347,#7348,#7349,#7350,#7351,#7352,#7353,#7354,#7355,#7356,#7357,
#7358,#7359,#7360,#7361,#7362,#7363,#7364,#7365,#7366,#7367,#7368,#7369,
#7370,#7371,#7372,#7373,#7374,#7375,#7376,#7377,#7378,#7379,#7380,#7381,
#7382,#7383,#7384));
#7386=DERIVED_UNIT_ELEMENT(#7388,1.);
#7387=DERIVED_UNIT_ELEMENT(#13399,-3.);
#7388=(
MASS_UNIT()
NAMED_UNIT(*)
SI_UNIT(.KILO.,.GRAM.)
);
#7389=DERIVED_UNIT((#7386,#7387));
#7390=MEASURE_REPRESENTATION_ITEM('density measure',
POSITIVE_RATIO_MEASURE(1060.),#7389);
#7391=PROPERTY_DEFINITION_REPRESENTATION(#7396,#7393);
#7392=PROPERTY_DEFINITION_REPRESENTATION(#7397,#7394);
#7393=REPRESENTATION('material name',(#7395),#13396);
#7394=REPRESENTATION('density',(#7390),#13396);
#7395=DESCRIPTIVE_REPRESENTATION_ITEM('ABS Plastic','ABS Plastic');
#7396=PROPERTY_DEFINITION('material property','material name',#13411);
#7397=PROPERTY_DEFINITION('material property','density of part',#13411);
#7398=AXIS2_PLACEMENT_3D('',#9491,#7839,#7840);
#7399=AXIS2_PLACEMENT_3D('',#9492,#7841,#7842);
#7400=AXIS2_PLACEMENT_3D('',#9493,#7843,#7844);
#7401=AXIS2_PLACEMENT_3D('',#9500,#7848,#7849);
#7402=AXIS2_PLACEMENT_3D('',#9507,#7853,#7854);
#7403=AXIS2_PLACEMENT_3D('',#9514,#7858,#7859);
#7404=AXIS2_PLACEMENT_3D('',#9521,#7863,#7864);
#7405=AXIS2_PLACEMENT_3D('',#9528,#7868,#7869);
#7406=AXIS2_PLACEMENT_3D('',#9535,#7873,#7874);
#7407=AXIS2_PLACEMENT_3D('',#9542,#7878,#7879);
#7408=AXIS2_PLACEMENT_3D('',#9549,#7883,#7884);
#7409=AXIS2_PLACEMENT_3D('',#9556,#7888,#7889);
#7410=AXIS2_PLACEMENT_3D('',#9563,#7893,#7894);
#7411=AXIS2_PLACEMENT_3D('',#9570,#7898,#7899);
#7412=AXIS2_PLACEMENT_3D('',#9577,#7903,#7904);
#7413=AXIS2_PLACEMENT_3D('',#9584,#7908,#7909);
#7414=AXIS2_PLACEMENT_3D('',#9591,#7913,#7914);
#7415=AXIS2_PLACEMENT_3D('',#9598,#7918,#7919);
#7416=AXIS2_PLACEMENT_3D('',#9605,#7923,#7924);
#7417=AXIS2_PLACEMENT_3D('',#9612,#7928,#7929);
#7418=AXIS2_PLACEMENT_3D('',#9619,#7933,#7934);
#7419=AXIS2_PLACEMENT_3D('',#9626,#7938,#7939);
#7420=AXIS2_PLACEMENT_3D('',#9633,#7943,#7944);
#7421=AXIS2_PLACEMENT_3D('',#9640,#7948,#7949);
#7422=AXIS2_PLACEMENT_3D('',#9647,#7953,#7954);
#7423=AXIS2_PLACEMENT_3D('',#9654,#7958,#7959);
#7424=AXIS2_PLACEMENT_3D('',#9661,#7963,#7964);
#7425=AXIS2_PLACEMENT_3D('',#9668,#7968,#7969);
#7426=AXIS2_PLACEMENT_3D('',#9675,#7973,#7974);
#7427=AXIS2_PLACEMENT_3D('',#9682,#7978,#7979);
#7428=AXIS2_PLACEMENT_3D('',#9689,#7983,#7984);
#7429=AXIS2_PLACEMENT_3D('',#9696,#7988,#7989);
#7430=AXIS2_PLACEMENT_3D('',#9703,#7993,#7994);
#7431=AXIS2_PLACEMENT_3D('',#9721,#8004,#8005);
#7432=AXIS2_PLACEMENT_3D('',#9739,#8015,#8016);
#7433=AXIS2_PLACEMENT_3D('',#9757,#8026,#8027);
#7434=AXIS2_PLACEMENT_3D('',#9775,#8037,#8038);
#7435=AXIS2_PLACEMENT_3D('',#9793,#8048,#8049);
#7436=AXIS2_PLACEMENT_3D('',#9811,#8059,#8060);
#7437=AXIS2_PLACEMENT_3D('',#9829,#8070,#8071);
#7438=AXIS2_PLACEMENT_3D('',#9847,#8081,#8082);
#7439=AXIS2_PLACEMENT_3D('',#9865,#8092,#8093);
#7440=AXIS2_PLACEMENT_3D('',#9883,#8103,#8104);
#7441=AXIS2_PLACEMENT_3D('',#9901,#8114,#8115);
#7442=AXIS2_PLACEMENT_3D('',#9919,#8125,#8126);
#7443=AXIS2_PLACEMENT_3D('',#9937,#8136,#8137);
#7444=AXIS2_PLACEMENT_3D('',#9955,#8147,#8148);
#7445=AXIS2_PLACEMENT_3D('',#9973,#8158,#8159);
#7446=AXIS2_PLACEMENT_3D('',#9980,#8163,#8164);
#7447=AXIS2_PLACEMENT_3D('',#9987,#8168,#8169);
#7448=AXIS2_PLACEMENT_3D('',#10005,#8179,#8180);
#7449=AXIS2_PLACEMENT_3D('',#10011,#8184,#8185);
#7450=AXIS2_PLACEMENT_3D('',#10015,#8188,#8189);
#7451=AXIS2_PLACEMENT_3D('',#10023,#8194,#8195);
#7452=AXIS2_PLACEMENT_3D('',#10032,#8200,#8201);
#7453=AXIS2_PLACEMENT_3D('',#10038,#8205,#8206);
#7454=AXIS2_PLACEMENT_3D('',#10051,#8214,#8215);
#7455=AXIS2_PLACEMENT_3D('',#10057,#8219,#8220);
#7456=AXIS2_PLACEMENT_3D('',#10061,#8223,#8224);
#7457=AXIS2_PLACEMENT_3D('',#10069,#8229,#8230);
#7458=AXIS2_PLACEMENT_3D('',#10078,#8235,#8236);
#7459=AXIS2_PLACEMENT_3D('',#10084,#8240,#8241);
#7460=AXIS2_PLACEMENT_3D('',#10097,#8249,#8250);
#7461=AXIS2_PLACEMENT_3D('',#10103,#8254,#8255);
#7462=AXIS2_PLACEMENT_3D('',#10107,#8258,#8259);
#7463=AXIS2_PLACEMENT_3D('',#10115,#8264,#8265);
#7464=AXIS2_PLACEMENT_3D('',#10124,#8270,#8271);
#7465=AXIS2_PLACEMENT_3D('',#10130,#8275,#8276);
#7466=AXIS2_PLACEMENT_3D('',#10143,#8284,#8285);
#7467=AXIS2_PLACEMENT_3D('',#10149,#8289,#8290);
#7468=AXIS2_PLACEMENT_3D('',#10153,#8293,#8294);
#7469=AXIS2_PLACEMENT_3D('',#10161,#8299,#8300);
#7470=AXIS2_PLACEMENT_3D('',#10170,#8305,#8306);
#7471=AXIS2_PLACEMENT_3D('',#10176,#8310,#8311);
#7472=AXIS2_PLACEMENT_3D('',#10189,#8319,#8320);
#7473=AXIS2_PLACEMENT_3D('',#10195,#8324,#8325);
#7474=AXIS2_PLACEMENT_3D('',#10199,#8328,#8329);
#7475=AXIS2_PLACEMENT_3D('',#10207,#8334,#8335);
#7476=AXIS2_PLACEMENT_3D('',#10216,#8340,#8341);
#7477=AXIS2_PLACEMENT_3D('',#10222,#8345,#8346);
#7478=AXIS2_PLACEMENT_3D('',#10235,#8354,#8355);
#7479=AXIS2_PLACEMENT_3D('',#10241,#8359,#8360);
#7480=AXIS2_PLACEMENT_3D('',#10245,#8363,#8364);
#7481=AXIS2_PLACEMENT_3D('',#10253,#8369,#8370);
#7482=AXIS2_PLACEMENT_3D('',#10262,#8375,#8376);
#7483=AXIS2_PLACEMENT_3D('',#10268,#8380,#8381);
#7484=AXIS2_PLACEMENT_3D('',#10281,#8389,#8390);
#7485=AXIS2_PLACEMENT_3D('',#10287,#8394,#8395);
#7486=AXIS2_PLACEMENT_3D('',#10291,#8398,#8399);
#7487=AXIS2_PLACEMENT_3D('',#10299,#8404,#8405);
#7488=AXIS2_PLACEMENT_3D('',#10308,#8410,#8411);
#7489=AXIS2_PLACEMENT_3D('',#10314,#8415,#8416);
#7490=AXIS2_PLACEMENT_3D('',#10327,#8424,#8425);
#7491=AXIS2_PLACEMENT_3D('',#10333,#8429,#8430);
#7492=AXIS2_PLACEMENT_3D('',#10337,#8433,#8434);
#7493=AXIS2_PLACEMENT_3D('',#10345,#8439,#8440);
#7494=AXIS2_PLACEMENT_3D('',#10354,#8445,#8446);
#7495=AXIS2_PLACEMENT_3D('',#10360,#8450,#8451);
#7496=AXIS2_PLACEMENT_3D('',#10373,#8459,#8460);
#7497=AXIS2_PLACEMENT_3D('',#10379,#8464,#8465);
#7498=AXIS2_PLACEMENT_3D('',#10383,#8468,#8469);
#7499=AXIS2_PLACEMENT_3D('',#10391,#8474,#8475);
#7500=AXIS2_PLACEMENT_3D('',#10400,#8480,#8481);
#7501=AXIS2_PLACEMENT_3D('',#10406,#8485,#8486);
#7502=AXIS2_PLACEMENT_3D('',#10419,#8494,#8495);
#7503=AXIS2_PLACEMENT_3D('',#10425,#8499,#8500);
#7504=AXIS2_PLACEMENT_3D('',#10429,#8503,#8504);
#7505=AXIS2_PLACEMENT_3D('',#10437,#8509,#8510);
#7506=AXIS2_PLACEMENT_3D('',#10446,#8515,#8516);
#7507=AXIS2_PLACEMENT_3D('',#10452,#8520,#8521);
#7508=AXIS2_PLACEMENT_3D('',#10465,#8529,#8530);
#7509=AXIS2_PLACEMENT_3D('',#10471,#8534,#8535);
#7510=AXIS2_PLACEMENT_3D('',#10475,#8538,#8539);
#7511=AXIS2_PLACEMENT_3D('',#10483,#8544,#8545);
#7512=AXIS2_PLACEMENT_3D('',#10492,#8550,#8551);
#7513=AXIS2_PLACEMENT_3D('',#10498,#8555,#8556);
#7514=AXIS2_PLACEMENT_3D('',#10511,#8564,#8565);
#7515=AXIS2_PLACEMENT_3D('',#10517,#8569,#8570);
#7516=AXIS2_PLACEMENT_3D('',#10521,#8573,#8574);
#7517=AXIS2_PLACEMENT_3D('',#10529,#8579,#8580);
#7518=AXIS2_PLACEMENT_3D('',#10538,#8585,#8586);
#7519=AXIS2_PLACEMENT_3D('',#10544,#8590,#8591);
#7520=AXIS2_PLACEMENT_3D('',#10557,#8599,#8600);
#7521=AXIS2_PLACEMENT_3D('',#10563,#8604,#8605);
#7522=AXIS2_PLACEMENT_3D('',#10567,#8608,#8609);
#7523=AXIS2_PLACEMENT_3D('',#10575,#8614,#8615);
#7524=AXIS2_PLACEMENT_3D('',#10584,#8620,#8621);
#7525=AXIS2_PLACEMENT_3D('',#10590,#8625,#8626);
#7526=AXIS2_PLACEMENT_3D('',#10603,#8634,#8635);
#7527=AXIS2_PLACEMENT_3D('',#10609,#8639,#8640);
#7528=AXIS2_PLACEMENT_3D('',#10613,#8643,#8644);
#7529=AXIS2_PLACEMENT_3D('',#10621,#8649,#8650);
#7530=AXIS2_PLACEMENT_3D('',#10630,#8655,#8656);
#7531=AXIS2_PLACEMENT_3D('',#10636,#8660,#8661);
#7532=AXIS2_PLACEMENT_3D('',#10649,#8669,#8670);
#7533=AXIS2_PLACEMENT_3D('',#10658,#8675,#8676);
#7534=AXIS2_PLACEMENT_3D('',#10664,#8680,#8681);
#7535=AXIS2_PLACEMENT_3D('',#10672,#8686,#8687);
#7536=AXIS2_PLACEMENT_3D('',#10678,#8691,#8692);
#7537=AXIS2_PLACEMENT_3D('',#10682,#8695,#8696);
#7538=AXIS2_PLACEMENT_3D('',#10688,#8700,#8701);
#7539=AXIS2_PLACEMENT_3D('',#10692,#8704,#8705);
#7540=AXIS2_PLACEMENT_3D('',#10700,#8710,#8711);
#7541=AXIS2_PLACEMENT_3D('',#10709,#8716,#8717);
#7542=AXIS2_PLACEMENT_3D('',#10715,#8721,#8722);
#7543=AXIS2_PLACEMENT_3D('',#10728,#8730,#8731);
#7544=AXIS2_PLACEMENT_3D('',#10730,#8733,#8734);
#7545=AXIS2_PLACEMENT_3D('',#10732,#8735,#8736);
#7546=AXIS2_PLACEMENT_3D('',#10736,#8739,#8740);
#7547=AXIS2_PLACEMENT_3D('',#10739,#8742,#8743);
#7548=AXIS2_PLACEMENT_3D('',#10743,#8746,#8747);
#7549=AXIS2_PLACEMENT_3D('',#10746,#8749,#8750);
#7550=AXIS2_PLACEMENT_3D('',#10750,#8753,#8754);
#7551=AXIS2_PLACEMENT_3D('',#10753,#8756,#8757);
#7552=AXIS2_PLACEMENT_3D('',#10757,#8760,#8761);
#7553=AXIS2_PLACEMENT_3D('',#10760,#8763,#8764);
#7554=AXIS2_PLACEMENT_3D('',#10764,#8767,#8768);
#7555=AXIS2_PLACEMENT_3D('',#10767,#8770,#8771);
#7556=AXIS2_PLACEMENT_3D('',#10771,#8774,#8775);
#7557=AXIS2_PLACEMENT_3D('',#10774,#8777,#8778);
#7558=AXIS2_PLACEMENT_3D('',#10778,#8781,#8782);
#7559=AXIS2_PLACEMENT_3D('',#10781,#8784,#8785);
#7560=AXIS2_PLACEMENT_3D('',#10785,#8788,#8789);
#7561=AXIS2_PLACEMENT_3D('',#10788,#8791,#8792);
#7562=AXIS2_PLACEMENT_3D('',#10792,#8795,#8796);
#7563=AXIS2_PLACEMENT_3D('',#10795,#8798,#8799);
#7564=AXIS2_PLACEMENT_3D('',#10799,#8802,#8803);
#7565=AXIS2_PLACEMENT_3D('',#10802,#8805,#8806);
#7566=AXIS2_PLACEMENT_3D('',#10806,#8809,#8810);
#7567=AXIS2_PLACEMENT_3D('',#10809,#8812,#8813);
#7568=AXIS2_PLACEMENT_3D('',#10813,#8816,#8817);
#7569=AXIS2_PLACEMENT_3D('',#10816,#8819,#8820);
#7570=AXIS2_PLACEMENT_3D('',#10820,#8823,#8824);
#7571=AXIS2_PLACEMENT_3D('',#10823,#8826,#8827);
#7572=AXIS2_PLACEMENT_3D('',#10828,#8830,#8831);
#7573=AXIS2_PLACEMENT_3D('',#10833,#8834,#8835);
#7574=AXIS2_PLACEMENT_3D('',#10837,#8838,#8839);
#7575=AXIS2_PLACEMENT_3D('',#10840,#8841,#8842);
#7576=AXIS2_PLACEMENT_3D('',#10844,#8845,#8846);
#7577=AXIS2_PLACEMENT_3D('',#10846,#8847,#8848);
#7578=AXIS2_PLACEMENT_3D('',#10847,#8849,#8850);
#7579=AXIS2_PLACEMENT_3D('',#10849,#8852,#8853);
#7580=AXIS2_PLACEMENT_3D('',#10853,#8856,#8857);
#7581=AXIS2_PLACEMENT_3D('',#10854,#8858,#8859);
#7582=AXIS2_PLACEMENT_3D('',#10856,#8861,#8862);
#7583=AXIS2_PLACEMENT_3D('',#10860,#8865,#8866);
#7584=AXIS2_PLACEMENT_3D('',#10862,#8868,#8869);
#7585=AXIS2_PLACEMENT_3D('',#10871,#8875,#8876);
#7586=AXIS2_PLACEMENT_3D('',#10873,#8878,#8879);
#7587=AXIS2_PLACEMENT_3D('',#10877,#8882,#8883);
#7588=AXIS2_PLACEMENT_3D('',#10878,#8884,#8885);
#7589=AXIS2_PLACEMENT_3D('',#10880,#8887,#8888);
#7590=AXIS2_PLACEMENT_3D('',#10884,#8891,#8892);
#7591=AXIS2_PLACEMENT_3D('',#10885,#8893,#8894);
#7592=AXIS2_PLACEMENT_3D('',#10887,#8896,#8897);
#7593=AXIS2_PLACEMENT_3D('',#10891,#8900,#8901);
#7594=AXIS2_PLACEMENT_3D('',#10892,#8902,#8903);
#7595=AXIS2_PLACEMENT_3D('',#10894,#8905,#8906);
#7596=AXIS2_PLACEMENT_3D('',#10898,#8909,#8910);
#7597=AXIS2_PLACEMENT_3D('',#10899,#8911,#8912);
#7598=AXIS2_PLACEMENT_3D('',#10901,#8914,#8915);
#7599=AXIS2_PLACEMENT_3D('',#10905,#8918,#8919);
#7600=AXIS2_PLACEMENT_3D('',#10906,#8920,#8921);
#7601=AXIS2_PLACEMENT_3D('',#10908,#8923,#8924);
#7602=AXIS2_PLACEMENT_3D('',#10912,#8927,#8928);
#7603=AXIS2_PLACEMENT_3D('',#10913,#8929,#8930);
#7604=AXIS2_PLACEMENT_3D('',#10915,#8932,#8933);
#7605=AXIS2_PLACEMENT_3D('',#10919,#8936,#8937);
#7606=AXIS2_PLACEMENT_3D('',#10920,#8938,#8939);
#7607=AXIS2_PLACEMENT_3D('',#10922,#8941,#8942);
#7608=AXIS2_PLACEMENT_3D('',#10926,#8945,#8946);
#7609=AXIS2_PLACEMENT_3D('',#10927,#8947,#8948);
#7610=AXIS2_PLACEMENT_3D('',#10929,#8950,#8951);
#7611=AXIS2_PLACEMENT_3D('',#10933,#8954,#8955);
#7612=AXIS2_PLACEMENT_3D('',#10934,#8956,#8957);
#7613=AXIS2_PLACEMENT_3D('',#10936,#8959,#8960);
#7614=AXIS2_PLACEMENT_3D('',#10940,#8963,#8964);
#7615=AXIS2_PLACEMENT_3D('',#10941,#8965,#8966);
#7616=AXIS2_PLACEMENT_3D('',#10943,#8968,#8969);
#7617=AXIS2_PLACEMENT_3D('',#10947,#8972,#8973);
#7618=AXIS2_PLACEMENT_3D('',#10948,#8974,#8975);
#7619=AXIS2_PLACEMENT_3D('',#10950,#8977,#8978);
#7620=AXIS2_PLACEMENT_3D('',#10954,#8981,#8982);
#7621=AXIS2_PLACEMENT_3D('',#10955,#8983,#8984);
#7622=AXIS2_PLACEMENT_3D('',#10957,#8986,#8987);
#7623=AXIS2_PLACEMENT_3D('',#10961,#8990,#8991);
#7624=AXIS2_PLACEMENT_3D('',#10962,#8992,#8993);
#7625=AXIS2_PLACEMENT_3D('',#10964,#8995,#8996);
#7626=AXIS2_PLACEMENT_3D('',#10968,#8999,#9000);
#7627=AXIS2_PLACEMENT_3D('',#10970,#9001,#9002);
#7628=AXIS2_PLACEMENT_3D('',#10971,#9003,#9004);
#7629=AXIS2_PLACEMENT_3D('',#10972,#9005,#9006);
#7630=AXIS2_PLACEMENT_3D('',#10974,#9007,#9008);
#7631=AXIS2_PLACEMENT_3D('',#10975,#9009,#9010);
#7632=AXIS2_PLACEMENT_3D('',#10976,#9011,#9012);
#7633=AXIS2_PLACEMENT_3D('',#10977,#9013,#9014);
#7634=AXIS2_PLACEMENT_3D('',#10978,#9015,#9016);
#7635=AXIS2_PLACEMENT_3D('',#10979,#9017,#9018);
#7636=AXIS2_PLACEMENT_3D('',#10981,#9019,#9020);
#7637=AXIS2_PLACEMENT_3D('',#10982,#9021,#9022);
#7638=AXIS2_PLACEMENT_3D('',#10983,#9023,#9024);
#7639=AXIS2_PLACEMENT_3D('',#10985,#9025,#9026);
#7640=AXIS2_PLACEMENT_3D('',#10986,#9027,#9028);
#7641=AXIS2_PLACEMENT_3D('',#10987,#9029,#9030);
#7642=AXIS2_PLACEMENT_3D('',#10988,#9031,#9032);
#7643=AXIS2_PLACEMENT_3D('',#10989,#9033,#9034);
#7644=AXIS2_PLACEMENT_3D('',#10990,#9035,#9036);
#7645=AXIS2_PLACEMENT_3D('',#10992,#9037,#9038);
#7646=AXIS2_PLACEMENT_3D('',#10993,#9039,#9040);
#7647=AXIS2_PLACEMENT_3D('',#10994,#9041,#9042);
#7648=AXIS2_PLACEMENT_3D('',#10996,#9043,#9044);
#7649=AXIS2_PLACEMENT_3D('',#10997,#9045,#9046);
#7650=AXIS2_PLACEMENT_3D('',#10998,#9047,#9048);
#7651=AXIS2_PLACEMENT_3D('',#10999,#9049,#9050);
#7652=AXIS2_PLACEMENT_3D('',#11000,#9051,#9052);
#7653=AXIS2_PLACEMENT_3D('',#11001,#9053,#9054);
#7654=AXIS2_PLACEMENT_3D('',#11003,#9055,#9056);
#7655=AXIS2_PLACEMENT_3D('',#11004,#9057,#9058);
#7656=AXIS2_PLACEMENT_3D('',#11005,#9059,#9060);
#7657=AXIS2_PLACEMENT_3D('',#11007,#9061,#9062);
#7658=AXIS2_PLACEMENT_3D('',#11008,#9063,#9064);
#7659=AXIS2_PLACEMENT_3D('',#11009,#9065,#9066);
#7660=AXIS2_PLACEMENT_3D('',#11010,#9067,#9068);
#7661=AXIS2_PLACEMENT_3D('',#11011,#9069,#9070);
#7662=AXIS2_PLACEMENT_3D('',#11012,#9071,#9072);
#7663=AXIS2_PLACEMENT_3D('',#11014,#9073,#9074);
#7664=AXIS2_PLACEMENT_3D('',#11015,#9075,#9076);
#7665=AXIS2_PLACEMENT_3D('',#11016,#9077,#9078);
#7666=AXIS2_PLACEMENT_3D('',#11018,#9079,#9080);
#7667=AXIS2_PLACEMENT_3D('',#11019,#9081,#9082);
#7668=AXIS2_PLACEMENT_3D('',#11020,#9083,#9084);
#7669=AXIS2_PLACEMENT_3D('',#11021,#9085,#9086);
#7670=AXIS2_PLACEMENT_3D('',#11022,#9087,#9088);
#7671=AXIS2_PLACEMENT_3D('',#11023,#9089,#9090);
#7672=AXIS2_PLACEMENT_3D('',#11025,#9091,#9092);
#7673=AXIS2_PLACEMENT_3D('',#11026,#9093,#9094);
#7674=AXIS2_PLACEMENT_3D('',#11027,#9095,#9096);
#7675=AXIS2_PLACEMENT_3D('',#11029,#9097,#9098);
#7676=AXIS2_PLACEMENT_3D('',#11030,#9099,#9100);
#7677=AXIS2_PLACEMENT_3D('',#11031,#9101,#9102);
#7678=AXIS2_PLACEMENT_3D('',#11032,#9103,#9104);
#7679=AXIS2_PLACEMENT_3D('',#11033,#9105,#9106);
#7680=AXIS2_PLACEMENT_3D('',#11034,#9107,#9108);
#7681=AXIS2_PLACEMENT_3D('',#11036,#9109,#9110);
#7682=AXIS2_PLACEMENT_3D('',#11037,#9111,#9112);
#7683=AXIS2_PLACEMENT_3D('',#11038,#9113,#9114);
#7684=AXIS2_PLACEMENT_3D('',#11040,#9115,#9116);
#7685=AXIS2_PLACEMENT_3D('',#11041,#9117,#9118);
#7686=AXIS2_PLACEMENT_3D('',#11042,#9119,#9120);
#7687=AXIS2_PLACEMENT_3D('',#11043,#9121,#9122);
#7688=AXIS2_PLACEMENT_3D('',#11044,#9123,#9124);
#7689=AXIS2_PLACEMENT_3D('',#11045,#9125,#9126);
#7690=AXIS2_PLACEMENT_3D('',#11047,#9127,#9128);
#7691=AXIS2_PLACEMENT_3D('',#11048,#9129,#9130);
#7692=AXIS2_PLACEMENT_3D('',#11049,#9131,#9132);
#7693=AXIS2_PLACEMENT_3D('',#11051,#9133,#9134);
#7694=AXIS2_PLACEMENT_3D('',#11052,#9135,#9136);
#7695=AXIS2_PLACEMENT_3D('',#11053,#9137,#9138);
#7696=AXIS2_PLACEMENT_3D('',#11054,#9139,#9140);
#7697=AXIS2_PLACEMENT_3D('',#11055,#9141,#9142);
#7698=AXIS2_PLACEMENT_3D('',#11056,#9143,#9144);
#7699=AXIS2_PLACEMENT_3D('',#11058,#9145,#9146);
#7700=AXIS2_PLACEMENT_3D('',#11059,#9147,#9148);
#7701=AXIS2_PLACEMENT_3D('',#11060,#9149,#9150);
#7702=AXIS2_PLACEMENT_3D('',#11062,#9151,#9152);
#7703=AXIS2_PLACEMENT_3D('',#11063,#9153,#9154);
#7704=AXIS2_PLACEMENT_3D('',#11064,#9155,#9156);
#7705=AXIS2_PLACEMENT_3D('',#11065,#9157,#9158);
#7706=AXIS2_PLACEMENT_3D('',#11066,#9159,#9160);
#7707=AXIS2_PLACEMENT_3D('',#11067,#9161,#9162);
#7708=AXIS2_PLACEMENT_3D('',#11069,#9163,#9164);
#7709=AXIS2_PLACEMENT_3D('',#11070,#9165,#9166);
#7710=AXIS2_PLACEMENT_3D('',#11071,#9167,#9168);
#7711=AXIS2_PLACEMENT_3D('',#11073,#9169,#9170);
#7712=AXIS2_PLACEMENT_3D('',#11074,#9171,#9172);
#7713=AXIS2_PLACEMENT_3D('',#11075,#9173,#9174);
#7714=AXIS2_PLACEMENT_3D('',#11076,#9175,#9176);
#7715=AXIS2_PLACEMENT_3D('',#11077,#9177,#9178);
#7716=AXIS2_PLACEMENT_3D('',#11078,#9179,#9180);
#7717=AXIS2_PLACEMENT_3D('',#11080,#9181,#9182);
#7718=AXIS2_PLACEMENT_3D('',#11081,#9183,#9184);
#7719=AXIS2_PLACEMENT_3D('',#11082,#9185,#9186);
#7720=AXIS2_PLACEMENT_3D('',#11084,#9187,#9188);
#7721=AXIS2_PLACEMENT_3D('',#11085,#9189,#9190);
#7722=AXIS2_PLACEMENT_3D('',#11086,#9191,#9192);
#7723=AXIS2_PLACEMENT_3D('',#11087,#9193,#9194);
#7724=AXIS2_PLACEMENT_3D('',#11088,#9195,#9196);
#7725=AXIS2_PLACEMENT_3D('',#11089,#9197,#9198);
#7726=AXIS2_PLACEMENT_3D('',#11091,#9199,#9200);
#7727=AXIS2_PLACEMENT_3D('',#11092,#9201,#9202);
#7728=AXIS2_PLACEMENT_3D('',#11093,#9203,#9204);
#7729=AXIS2_PLACEMENT_3D('',#11095,#9205,#9206);
#7730=AXIS2_PLACEMENT_3D('',#11096,#9207,#9208);
#7731=AXIS2_PLACEMENT_3D('',#11097,#9209,#9210);
#7732=AXIS2_PLACEMENT_3D('',#11098,#9211,#9212);
#7733=AXIS2_PLACEMENT_3D('',#11099,#9213,#9214);
#7734=AXIS2_PLACEMENT_3D('',#11100,#9215,#9216);
#7735=AXIS2_PLACEMENT_3D('',#11102,#9217,#9218);
#7736=AXIS2_PLACEMENT_3D('',#11103,#9219,#9220);
#7737=AXIS2_PLACEMENT_3D('',#11104,#9221,#9222);
#7738=AXIS2_PLACEMENT_3D('',#11106,#9223,#9224);
#7739=AXIS2_PLACEMENT_3D('',#11107,#9225,#9226);
#7740=AXIS2_PLACEMENT_3D('',#11108,#9227,#9228);
#7741=AXIS2_PLACEMENT_3D('',#11109,#9229,#9230);
#7742=AXIS2_PLACEMENT_3D('',#11110,#9231,#9232);
#7743=AXIS2_PLACEMENT_3D('',#11111,#9233,#9234);
#7744=AXIS2_PLACEMENT_3D('',#11113,#9235,#9236);
#7745=AXIS2_PLACEMENT_3D('',#11114,#9237,#9238);
#7746=AXIS2_PLACEMENT_3D('',#11115,#9239,#9240);
#7747=AXIS2_PLACEMENT_3D('',#11117,#9241,#9242);
#7748=AXIS2_PLACEMENT_3D('',#11118,#9243,#9244);
#7749=AXIS2_PLACEMENT_3D('',#11119,#9245,#9246);
#7750=AXIS2_PLACEMENT_3D('',#11120,#9247,#9248);
#7751=AXIS2_PLACEMENT_3D('',#11121,#9249,#9250);
#7752=AXIS2_PLACEMENT_3D('',#11122,#9251,#9252);
#7753=AXIS2_PLACEMENT_3D('',#11124,#9253,#9254);
#7754=AXIS2_PLACEMENT_3D('',#11125,#9255,#9256);
#7755=AXIS2_PLACEMENT_3D('',#11126,#9257,#9258);
#7756=AXIS2_PLACEMENT_3D('',#11127,#9259,#9260);
#7757=AXIS2_PLACEMENT_3D('',#11128,#9261,#9262);
#7758=AXIS2_PLACEMENT_3D('',#11130,#9263,#9264);
#7759=AXIS2_PLACEMENT_3D('',#11131,#9265,#9266);
#7760=AXIS2_PLACEMENT_3D('',#11132,#9267,#9268);
#7761=AXIS2_PLACEMENT_3D('',#11133,#9269,#9270);
#7762=AXIS2_PLACEMENT_3D('',#11134,#9271,#9272);
#7763=AXIS2_PLACEMENT_3D('',#11136,#9273,#9274);
#7764=AXIS2_PLACEMENT_3D('',#11137,#9275,#9276);
#7765=AXIS2_PLACEMENT_3D('',#11138,#9277,#9278);
#7766=AXIS2_PLACEMENT_3D('',#11139,#9279,#9280);
#7767=AXIS2_PLACEMENT_3D('',#11140,#9281,#9282);
#7768=AXIS2_PLACEMENT_3D('',#11142,#9283,#9284);
#7769=AXIS2_PLACEMENT_3D('',#11143,#9285,#9286);
#7770=AXIS2_PLACEMENT_3D('',#11276,#9287,#9288);
#7771=AXIS2_PLACEMENT_3D('',#11279,#9291,#9292);
#7772=AXIS2_PLACEMENT_3D('',#11281,#9294,#9295);
#7773=AXIS2_PLACEMENT_3D('',#11296,#9298,#9299);
#7774=AXIS2_PLACEMENT_3D('',#11698,#9300,#9301);
#7775=AXIS2_PLACEMENT_3D('',#11701,#9304,#9305);
#7776=AXIS2_PLACEMENT_3D('',#11815,#9307,#9308);
#7777=AXIS2_PLACEMENT_3D('',#11818,#9311,#9312);
#7778=AXIS2_PLACEMENT_3D('',#11932,#9314,#9315);
#7779=AXIS2_PLACEMENT_3D('',#11935,#9318,#9319);
#7780=AXIS2_PLACEMENT_3D('',#12049,#9321,#9322);
#7781=AXIS2_PLACEMENT_3D('',#12052,#9325,#9326);
#7782=AXIS2_PLACEMENT_3D('',#12166,#9328,#9329);
#7783=AXIS2_PLACEMENT_3D('',#12169,#9332,#9333);
#7784=AXIS2_PLACEMENT_3D('',#12283,#9335,#9336);
#7785=AXIS2_PLACEMENT_3D('',#12286,#9339,#9340);
#7786=AXIS2_PLACEMENT_3D('',#12400,#9342,#9343);
#7787=AXIS2_PLACEMENT_3D('',#12403,#9346,#9347);
#7788=AXIS2_PLACEMENT_3D('',#12517,#9349,#9350);
#7789=AXIS2_PLACEMENT_3D('',#12520,#9353,#9354);
#7790=AXIS2_PLACEMENT_3D('',#12634,#9356,#9357);
#7791=AXIS2_PLACEMENT_3D('',#12637,#9360,#9361);
#7792=AXIS2_PLACEMENT_3D('',#12751,#9363,#9364);
#7793=AXIS2_PLACEMENT_3D('',#12754,#9367,#9368);
#7794=AXIS2_PLACEMENT_3D('',#12868,#9370,#9371);
#7795=AXIS2_PLACEMENT_3D('',#12871,#9374,#9375);
#7796=AXIS2_PLACEMENT_3D('',#12985,#9377,#9378);
#7797=AXIS2_PLACEMENT_3D('',#12988,#9381,#9382);
#7798=AXIS2_PLACEMENT_3D('',#13102,#9384,#9385);
#7799=AXIS2_PLACEMENT_3D('',#13105,#9388,#9389);
#7800=AXIS2_PLACEMENT_3D('',#13219,#9391,#9392);
#7801=AXIS2_PLACEMENT_3D('',#13222,#9395,#9396);
#7802=AXIS2_PLACEMENT_3D('',#13336,#9398,#9399);
#7803=AXIS2_PLACEMENT_3D('',#13339,#9402,#9403);
#7804=AXIS2_PLACEMENT_3D('',#13341,#9405,#9406);
#7805=AXIS2_PLACEMENT_3D('',#13343,#9408,#9409);
#7806=AXIS2_PLACEMENT_3D('',#13344,#9410,#9411);
#7807=AXIS2_PLACEMENT_3D('',#13346,#9413,#9414);
#7808=AXIS2_PLACEMENT_3D('',#13347,#9415,#9416);
#7809=AXIS2_PLACEMENT_3D('',#13349,#9418,#9419);
#7810=AXIS2_PLACEMENT_3D('',#13350,#9420,#9421);
#7811=AXIS2_PLACEMENT_3D('',#13352,#9423,#9424);
#7812=AXIS2_PLACEMENT_3D('',#13353,#9425,#9426);
#7813=AXIS2_PLACEMENT_3D('',#13355,#9428,#9429);
#7814=AXIS2_PLACEMENT_3D('',#13356,#9430,#9431);
#7815=AXIS2_PLACEMENT_3D('',#13358,#9433,#9434);
#7816=AXIS2_PLACEMENT_3D('',#13359,#9435,#9436);
#7817=AXIS2_PLACEMENT_3D('',#13361,#9438,#9439);
#7818=AXIS2_PLACEMENT_3D('',#13362,#9440,#9441);
#7819=AXIS2_PLACEMENT_3D('',#13364,#9443,#9444);
#7820=AXIS2_PLACEMENT_3D('',#13365,#9445,#9446);
#7821=AXIS2_PLACEMENT_3D('',#13367,#9448,#9449);
#7822=AXIS2_PLACEMENT_3D('',#13368,#9450,#9451);
#7823=AXIS2_PLACEMENT_3D('',#13370,#9453,#9454);
#7824=AXIS2_PLACEMENT_3D('',#13371,#9455,#9456);
#7825=AXIS2_PLACEMENT_3D('',#13373,#9458,#9459);
#7826=AXIS2_PLACEMENT_3D('',#13374,#9460,#9461);
#7827=AXIS2_PLACEMENT_3D('',#13376,#9463,#9464);
#7828=AXIS2_PLACEMENT_3D('',#13377,#9465,#9466);
#7829=AXIS2_PLACEMENT_3D('',#13379,#9468,#9469);
#7830=AXIS2_PLACEMENT_3D('',#13380,#9470,#9471);
#7831=AXIS2_PLACEMENT_3D('',#13382,#9473,#9474);
#7832=AXIS2_PLACEMENT_3D('',#13383,#9475,#9476);
#7833=AXIS2_PLACEMENT_3D('',#13385,#9478,#9479);
#7834=AXIS2_PLACEMENT_3D('',#13386,#9480,#9481);
#7835=AXIS2_PLACEMENT_3D('',#13388,#9483,#9484);
#7836=AXIS2_PLACEMENT_3D('',#13389,#9485,#9486);
#7837=AXIS2_PLACEMENT_3D('',#13390,#9487,#9488);
#7838=AXIS2_PLACEMENT_3D('',#13391,#9489,#9490);
#7839=DIRECTION('axis',(0.,0.,1.));
#7840=DIRECTION('refdir',(1.,0.,0.));
#7841=DIRECTION('axis',(0.,0.,1.));
#7842=DIRECTION('refdir',(1.,0.,0.));
#7843=DIRECTION('center_axis',(-0.382683432365091,-0.923879532511287,0.));
#7844=DIRECTION('ref_axis',(0.,0.,-1.));
#7845=DIRECTION('',(0.,0.,1.));
#7846=DIRECTION('',(0.653281482438188,-0.270598050073099,-0.707106781186548));
#7847=DIRECTION('',(-0.653281482438188,0.270598050073099,-0.707106781186548));
#7848=DIRECTION('center_axis',(-0.382683432365091,-0.923879532511287,0.));
#7849=DIRECTION('ref_axis',(0.,0.,-1.));
#7850=DIRECTION('',(0.,0.,-1.));
#7851=DIRECTION('',(-0.653281482438188,0.270598050073099,0.707106781186547));
#7852=DIRECTION('',(0.653281482438188,-0.270598050073099,0.707106781186548));
#7853=DIRECTION('center_axis',(-0.707106781186548,-0.707106781186547,0.));
#7854=DIRECTION('ref_axis',(0.,0.,-1.));
#7855=DIRECTION('',(0.,0.,1.));
#7856=DIRECTION('',(0.5,-0.5,-0.707106781186548));
#7857=DIRECTION('',(-0.5,0.5,-0.707106781186548));
#7858=DIRECTION('center_axis',(-0.707106781186548,-0.707106781186547,0.));
#7859=DIRECTION('ref_axis',(0.,0.,-1.));
#7860=DIRECTION('',(0.,0.,-1.));
#7861=DIRECTION('',(-0.5,0.5,0.707106781186547));
#7862=DIRECTION('',(0.5,-0.5,0.707106781186548));
#7863=DIRECTION('center_axis',(-0.923879532511287,-0.38268343236509,0.));
#7864=DIRECTION('ref_axis',(0.,0.,-1.));
#7865=DIRECTION('',(0.,0.,1.));
#7866=DIRECTION('',(0.270598050073099,-0.653281482438188,-0.707106781186548));
#7867=DIRECTION('',(-0.270598050073099,0.653281482438188,-0.707106781186548));
#7868=DIRECTION('center_axis',(-0.923879532511287,-0.38268343236509,0.));
#7869=DIRECTION('ref_axis',(0.,0.,-1.));
#7870=DIRECTION('',(0.,0.,-1.));
#7871=DIRECTION('',(-0.270598050073099,0.653281482438188,0.707106781186547));
#7872=DIRECTION('',(0.270598050073099,-0.653281482438188,0.707106781186548));
#7873=DIRECTION('center_axis',(-1.,1.66533453693774E-16,0.));
#7874=DIRECTION('ref_axis',(0.,0.,-1.));
#7875=DIRECTION('',(0.,0.,1.));
#7876=DIRECTION('',(-1.11022302462516E-16,-0.707106781186547,-0.707106781186548));
#7877=DIRECTION('',(1.66533453693773E-16,0.707106781186547,-0.707106781186548));
#7878=DIRECTION('center_axis',(-1.,1.66533453693774E-16,0.));
#7879=DIRECTION('ref_axis',(0.,0.,-1.));
#7880=DIRECTION('',(0.,0.,-1.));
#7881=DIRECTION('',(1.38777878078145E-16,0.707106781186547,0.707106781186547));
#7882=DIRECTION('',(-1.38777878078145E-16,-0.707106781186547,0.707106781186548));
#7883=DIRECTION('center_axis',(-0.923879532511287,0.38268343236509,0.));
#7884=DIRECTION('ref_axis',(0.,0.,-1.));
#7885=DIRECTION('',(0.,0.,1.));
#7886=DIRECTION('',(-0.270598050073099,-0.653281482438188,-0.707106781186548));
#7887=DIRECTION('',(0.270598050073099,0.653281482438188,-0.707106781186548));
#7888=DIRECTION('center_axis',(-0.923879532511287,0.38268343236509,0.));
#7889=DIRECTION('ref_axis',(0.,0.,-1.));
#7890=DIRECTION('',(0.,0.,-1.));
#7891=DIRECTION('',(0.270598050073099,0.653281482438188,0.707106781186548));
#7892=DIRECTION('',(-0.270598050073099,-0.653281482438188,0.707106781186548));
#7893=DIRECTION('center_axis',(-0.707106781186547,0.707106781186548,0.));
#7894=DIRECTION('ref_axis',(0.,0.,-1.));
#7895=DIRECTION('',(0.,0.,1.));
#7896=DIRECTION('',(-0.5,-0.5,-0.707106781186548));
#7897=DIRECTION('',(0.5,0.5,-0.707106781186548));
#7898=DIRECTION('center_axis',(-0.707106781186547,0.707106781186548,0.));
#7899=DIRECTION('ref_axis',(0.,0.,-1.));
#7900=DIRECTION('',(0.,0.,-1.));
#7901=DIRECTION('',(0.5,0.5,0.707106781186547));
#7902=DIRECTION('',(-0.5,-0.5,0.707106781186548));
#7903=DIRECTION('center_axis',(-0.38268343236509,0.923879532511287,0.));
#7904=DIRECTION('ref_axis',(0.,0.,-1.));
#7905=DIRECTION('',(0.,0.,1.));
#7906=DIRECTION('',(-0.653281482438188,-0.270598050073098,-0.707106781186548));
#7907=DIRECTION('',(0.653281482438188,0.270598050073098,-0.707106781186548));
#7908=DIRECTION('center_axis',(-0.38268343236509,0.923879532511287,0.));
#7909=DIRECTION('ref_axis',(0.,0.,-1.));
#7910=DIRECTION('',(0.,0.,-1.));
#7911=DIRECTION('',(0.653281482438188,0.270598050073098,0.707106781186547));
#7912=DIRECTION('',(-0.653281482438188,-0.270598050073098,0.707106781186548));
#7913=DIRECTION('center_axis',(5.55111512312578E-17,1.,0.));
#7914=DIRECTION('ref_axis',(0.,0.,-1.));
#7915=DIRECTION('',(0.,0.,1.));
#7916=DIRECTION('',(-0.707106781186547,5.55111512312578E-17,-0.707106781186548));
#7917=DIRECTION('',(0.707106781186547,-8.32667268468867E-17,-0.707106781186548));
#7918=DIRECTION('center_axis',(5.55111512312578E-17,1.,0.));
#7919=DIRECTION('ref_axis',(0.,0.,-1.));
#7920=DIRECTION('',(0.,0.,-1.));
#7921=DIRECTION('',(0.707106781186548,-1.11022302462516E-16,0.707106781186547));
#7922=DIRECTION('',(-0.707106781186548,1.11022302462516E-16,0.707106781186548));
#7923=DIRECTION('center_axis',(0.38268343236509,0.923879532511287,0.));
#7924=DIRECTION('ref_axis',(0.,0.,-1.));
#7925=DIRECTION('',(0.,0.,1.));
#7926=DIRECTION('',(-0.653281482438188,0.270598050073099,-0.707106781186548));
#7927=DIRECTION('',(0.653281482438188,-0.270598050073099,-0.707106781186548));
#7928=DIRECTION('center_axis',(0.38268343236509,0.923879532511287,0.));
#7929=DIRECTION('ref_axis',(0.,0.,-1.));
#7930=DIRECTION('',(0.,0.,-1.));
#7931=DIRECTION('',(0.653281482438188,-0.270598050073099,0.707106781186547));
#7932=DIRECTION('',(-0.653281482438188,0.270598050073099,0.707106781186548));
#7933=DIRECTION('center_axis',(0.707106781186548,0.707106781186548,0.));
#7934=DIRECTION('ref_axis',(0.,0.,-1.));
#7935=DIRECTION('',(0.,0.,1.));
#7936=DIRECTION('',(-0.5,0.5,-0.707106781186548));
#7937=DIRECTION('',(0.5,-0.5,-0.707106781186548));
#7938=DIRECTION('center_axis',(0.707106781186548,0.707106781186548,0.));
#7939=DIRECTION('ref_axis',(0.,0.,-1.));
#7940=DIRECTION('',(0.,0.,-1.));
#7941=DIRECTION('',(0.5,-0.5,0.707106781186547));
#7942=DIRECTION('',(-0.5,0.5,0.707106781186548));
#7943=DIRECTION('center_axis',(0.923879532511287,0.38268343236509,0.));
#7944=DIRECTION('ref_axis',(0.,0.,-1.));
#7945=DIRECTION('',(0.,0.,1.));
#7946=DIRECTION('',(-0.270598050073098,0.653281482438188,-0.707106781186548));
#7947=DIRECTION('',(0.270598050073098,-0.653281482438188,-0.707106781186548));
#7948=DIRECTION('center_axis',(0.923879532511287,0.38268343236509,0.));
#7949=DIRECTION('ref_axis',(0.,0.,-1.));
#7950=DIRECTION('',(0.,0.,-1.));
#7951=DIRECTION('',(0.270598050073098,-0.653281482438188,0.707106781186547));
#7952=DIRECTION('',(-0.270598050073098,0.653281482438188,0.707106781186548));
#7953=DIRECTION('center_axis',(1.,-5.55111512312578E-17,0.));
#7954=DIRECTION('ref_axis',(0.,0.,-1.));
#7955=DIRECTION('',(0.,0.,1.));
#7956=DIRECTION('',(0.,0.707106781186547,-0.707106781186548));
#7957=DIRECTION('',(-2.77555756156289E-17,-0.707106781186547,-0.707106781186548));
#7958=DIRECTION('center_axis',(1.,-5.55111512312578E-17,0.));
#7959=DIRECTION('ref_axis',(0.,0.,-1.));
#7960=DIRECTION('',(0.,0.,-1.));
#7961=DIRECTION('',(-5.55111512312578E-17,-0.707106781186547,0.707106781186547));
#7962=DIRECTION('',(5.55111512312578E-17,0.707106781186547,0.707106781186548));
#7963=DIRECTION('center_axis',(0.923879532511287,-0.38268343236509,0.));
#7964=DIRECTION('ref_axis',(0.,0.,-1.));
#7965=DIRECTION('',(0.,0.,1.));
#7966=DIRECTION('',(0.270598050073099,0.653281482438188,-0.707106781186548));
#7967=DIRECTION('',(-0.270598050073099,-0.653281482438188,-0.707106781186548));
#7968=DIRECTION('center_axis',(0.923879532511287,-0.38268343236509,0.));
#7969=DIRECTION('ref_axis',(0.,0.,-1.));
#7970=DIRECTION('',(0.,0.,-1.));
#7971=DIRECTION('',(-0.270598050073099,-0.653281482438188,0.707106781186547));
#7972=DIRECTION('',(0.270598050073099,0.653281482438188,0.707106781186548));
#7973=DIRECTION('center_axis',(0.707106781186548,-0.707106781186548,0.));
#7974=DIRECTION('ref_axis',(0.,0.,-1.));
#7975=DIRECTION('',(0.,0.,1.));
#7976=DIRECTION('',(0.5,0.5,-0.707106781186548));
#7977=DIRECTION('',(-0.5,-0.5,-0.707106781186548));
#7978=DIRECTION('center_axis',(0.707106781186548,-0.707106781186548,0.));
#7979=DIRECTION('ref_axis',(0.,0.,-1.));
#7980=DIRECTION('',(0.,0.,-1.));
#7981=DIRECTION('',(-0.5,-0.5,0.707106781186547));
#7982=DIRECTION('',(0.5,0.5,0.707106781186548));
#7983=DIRECTION('center_axis',(0.38268343236509,-0.923879532511287,0.));
#7984=DIRECTION('ref_axis',(0.,0.,-1.));
#7985=DIRECTION('',(0.,0.,-1.));
#7986=DIRECTION('',(-0.653281482438188,-0.270598050073099,0.707106781186547));
#7987=DIRECTION('',(0.653281482438188,0.270598050073099,0.707106781186548));
#7988=DIRECTION('center_axis',(0.38268343236509,-0.923879532511287,0.));
#7989=DIRECTION('ref_axis',(0.,0.,-1.));
#7990=DIRECTION('',(0.,0.,1.));
#7991=DIRECTION('',(0.653281482438188,0.270598050073098,-0.707106781186548));
#7992=DIRECTION('',(-0.653281482438188,-0.270598050073098,-0.707106781186548));
#7993=DIRECTION('center_axis',(-0.975835919556261,0.218504595154852,0.));
#7994=DIRECTION('ref_axis',(-0.218504595154852,-0.975835919556261,0.));
#7995=DIRECTION('',(-0.215358121475989,-0.961783848781287,-0.169093783853185));
#7996=DIRECTION('',(0.215358121475989,0.961783848781287,-0.169093783853185));
#7997=DIRECTION('',(0.,0.,1.));
#7998=DIRECTION('',(0.218504595154852,0.975835919556261,0.));
#7999=DIRECTION('',(0.154721294166338,0.690981332730065,-0.706120470564391));
#8000=DIRECTION('',(0.,0.,1.));
#8001=DIRECTION('',(-0.154721294166338,-0.690981332730065,-0.706120470564391));
#8002=DIRECTION('',(0.218504595154852,0.975835919556261,0.));
#8003=DIRECTION('',(0.,0.,1.));
#8004=DIRECTION('center_axis',(-0.817936744705957,0.575308162344166,0.));
#8005=DIRECTION('ref_axis',(-0.575308162344166,-0.817936744705957,0.));
#8006=DIRECTION('',(-0.567023705036675,-0.806158427474832,-0.169093783853184));
#8007=DIRECTION('',(0.567023705036675,0.806158427474832,-0.169093783853184));
#8008=DIRECTION('',(0.,0.,1.));
#8009=DIRECTION('',(0.575308162344166,0.817936744705957,0.));
#8010=DIRECTION('',(0.407370945033284,0.579174234745138,-0.706120470564388));
#8011=DIRECTION('',(0.,0.,1.));
#8012=DIRECTION('',(-0.407370945033284,-0.579174234745138,-0.706120470564389));
#8013=DIRECTION('',(0.575308162344166,0.817936744705957,0.));
#8014=DIRECTION('',(0.,0.,1.));
#8015=DIRECTION('center_axis',(-0.535514115089226,0.84452627699806,0.));
#8016=DIRECTION('ref_axis',(-0.84452627699806,-0.535514115089226,0.));
#8017=DIRECTION('',(-0.832365069588213,-0.527802693429677,-0.169093783853184));
#8018=DIRECTION('',(0.832365069588213,0.527802693429677,-0.169093783853184));
#8019=DIRECTION('',(0.,0.,1.));
#8020=DIRECTION('',(0.84452627699806,0.535514115089226,0.));
#8021=DIRECTION('',(0.598002062345724,0.379193109747772,-0.706120470564389));
#8022=DIRECTION('',(0.,0.,1.));
#8023=DIRECTION('',(-0.598002062345724,-0.379193109747772,-0.70612047056439));
#8024=DIRECTION('',(0.84452627699806,0.535514115089226,0.));
#8025=DIRECTION('',(0.,0.,1.));
#8026=DIRECTION('center_axis',(-0.171564315897701,0.985172921628764,0.));
#8027=DIRECTION('ref_axis',(-0.985172921628764,-0.171564315897701,0.));
#8028=DIRECTION('',(-0.970986397703091,-0.169093783853184,-0.169093783853184));
#8029=DIRECTION('',(0.970986397703091,0.169093783853184,-0.169093783853184));
#8030=DIRECTION('',(0.,0.,1.));
#8031=DIRECTION('',(0.985172921628764,0.171564315897701,0.));
#8032=DIRECTION('',(0.697592786568225,0.121483271185409,-0.706120470564387));
#8033=DIRECTION('',(0.,0.,1.));
#8034=DIRECTION('',(-0.697592786568224,-0.121483271185408,-0.706120470564389));
#8035=DIRECTION('',(0.985172921628764,0.171564315897701,0.));
#8036=DIRECTION('',(0.,0.,1.));
#8037=DIRECTION('center_axis',(0.218504595154852,0.975835919556261,0.));
#8038=DIRECTION('ref_axis',(-0.975835919556261,0.218504595154852,0.));
#8039=DIRECTION('',(-0.961783848781287,0.215358121475989,-0.169093783853184));
#8040=DIRECTION('',(0.961783848781287,-0.215358121475989,-0.169093783853185));
#8041=DIRECTION('',(0.,0.,1.));
#8042=DIRECTION('',(0.975835919556261,-0.218504595154852,0.));
#8043=DIRECTION('',(0.690981332730065,-0.154721294166338,-0.706120470564391));
#8044=DIRECTION('',(0.,0.,1.));
#8045=DIRECTION('',(-0.690981332730065,0.154721294166338,-0.706120470564391));
#8046=DIRECTION('',(0.975835919556261,-0.218504595154852,0.));
#8047=DIRECTION('',(0.,0.,1.));
#8048=DIRECTION('center_axis',(0.575308162344166,0.817936744705957,0.));
#8049=DIRECTION('ref_axis',(-0.817936744705957,0.575308162344166,0.));
#8050=DIRECTION('',(-0.806158427474832,0.567023705036675,-0.169093783853184));
#8051=DIRECTION('',(0.806158427474832,-0.567023705036675,-0.169093783853184));
#8052=DIRECTION('',(0.,0.,1.));
#8053=DIRECTION('',(0.817936744705957,-0.575308162344166,0.));
#8054=DIRECTION('',(0.579174234745138,-0.407370945033284,-0.706120470564388));
#8055=DIRECTION('',(0.,0.,1.));
#8056=DIRECTION('',(-0.579174234745138,0.407370945033284,-0.706120470564389));
#8057=DIRECTION('',(0.817936744705957,-0.575308162344166,0.));
#8058=DIRECTION('',(0.,0.,1.));
#8059=DIRECTION('center_axis',(0.84452627699806,0.535514115089226,0.));
#8060=DIRECTION('ref_axis',(-0.535514115089226,0.84452627699806,0.));
#8061=DIRECTION('',(-0.527802693429677,0.832365069588213,-0.169093783853184));
#8062=DIRECTION('',(0.527802693429677,-0.832365069588213,-0.169093783853184));
#8063=DIRECTION('',(0.,0.,1.));
#8064=DIRECTION('',(0.535514115089226,-0.84452627699806,0.));
#8065=DIRECTION('',(0.379193109747773,-0.598002062345726,-0.706120470564388));
#8066=DIRECTION('',(0.,0.,1.));
#8067=DIRECTION('',(-0.379193109747772,0.598002062345724,-0.70612047056439));
#8068=DIRECTION('',(0.535514115089226,-0.84452627699806,0.));
#8069=DIRECTION('',(0.,0.,1.));
#8070=DIRECTION('center_axis',(0.985172921628764,0.171564315897701,0.));
#8071=DIRECTION('ref_axis',(-0.171564315897701,0.985172921628764,0.));
#8072=DIRECTION('',(-0.169093783853184,0.970986397703091,-0.169093783853184));
#8073=DIRECTION('',(0.169093783853184,-0.970986397703091,-0.169093783853184));
#8074=DIRECTION('',(0.,0.,1.));
#8075=DIRECTION('',(0.171564315897701,-0.985172921628764,0.));
#8076=DIRECTION('',(0.121483271185409,-0.697592786568226,-0.706120470564386));
#8077=DIRECTION('',(0.,0.,1.));
#8078=DIRECTION('',(-0.121483271185409,0.697592786568224,-0.706120470564389));
#8079=DIRECTION('',(0.171564315897701,-0.985172921628764,0.));
#8080=DIRECTION('',(0.,0.,1.));
#8081=DIRECTION('center_axis',(0.975835919556261,-0.218504595154853,0.));
#8082=DIRECTION('ref_axis',(0.218504595154853,0.975835919556261,0.));
#8083=DIRECTION('',(0.215358121475989,0.961783848781287,-0.169093783853184));
#8084=DIRECTION('',(-0.215358121475989,-0.961783848781287,-0.169093783853184));
#8085=DIRECTION('',(0.,0.,1.));
#8086=DIRECTION('',(-0.218504595154853,-0.975835919556261,0.));
#8087=DIRECTION('',(-0.154721294166339,-0.690981332730068,-0.706120470564388));
#8088=DIRECTION('',(0.,0.,1.));
#8089=DIRECTION('',(0.154721294166339,0.690981332730067,-0.706120470564388));
#8090=DIRECTION('',(-0.218504595154853,-0.975835919556261,0.));
#8091=DIRECTION('',(0.,0.,1.));
#8092=DIRECTION('center_axis',(0.817936744705957,-0.575308162344166,0.));
#8093=DIRECTION('ref_axis',(0.575308162344166,0.817936744705957,0.));
#8094=DIRECTION('',(0.567023705036675,0.806158427474832,-0.169093783853184));
#8095=DIRECTION('',(-0.567023705036675,-0.806158427474832,-0.169093783853184));
#8096=DIRECTION('',(0.,0.,1.));
#8097=DIRECTION('',(-0.575308162344167,-0.817936744705957,0.));
#8098=DIRECTION('',(-0.407370945033283,-0.579174234745136,-0.70612047056439));
#8099=DIRECTION('',(0.,0.,1.));
#8100=DIRECTION('',(0.407370945033283,0.579174234745136,-0.70612047056439));
#8101=DIRECTION('',(-0.575308162344166,-0.817936744705957,0.));
#8102=DIRECTION('',(0.,0.,1.));
#8103=DIRECTION('center_axis',(0.535514115089226,-0.84452627699806,0.));
#8104=DIRECTION('ref_axis',(0.84452627699806,0.535514115089226,0.));
#8105=DIRECTION('',(0.832365069588213,0.527802693429678,-0.169093783853184));
#8106=DIRECTION('',(-0.832365069588213,-0.527802693429678,-0.169093783853184));
#8107=DIRECTION('',(0.,0.,1.));
#8108=DIRECTION('',(-0.84452627699806,-0.535514115089226,0.));
#8109=DIRECTION('',(-0.598002062345725,-0.379193109747773,-0.706120470564388));
#8110=DIRECTION('',(0.,0.,1.));
#8111=DIRECTION('',(0.598002062345723,0.379193109747771,-0.706120470564391));
#8112=DIRECTION('',(-0.844526276998059,-0.535514115089226,0.));
#8113=DIRECTION('',(0.,0.,1.));
#8114=DIRECTION('center_axis',(0.171564315897701,-0.985172921628764,0.));
#8115=DIRECTION('ref_axis',(0.985172921628764,0.171564315897701,0.));
#8116=DIRECTION('',(0.970986397703091,0.169093783853184,-0.169093783853184));
#8117=DIRECTION('',(-0.970986397703091,-0.169093783853184,-0.169093783853184));
#8118=DIRECTION('',(0.,0.,1.));
#8119=DIRECTION('',(-0.985172921628764,-0.171564315897701,0.));
#8120=DIRECTION('',(-0.697592786568225,-0.121483271185409,-0.706120470564387));
#8121=DIRECTION('',(0.,0.,1.));
#8122=DIRECTION('',(0.697592786568228,0.121483271185409,-0.706120470564384));
#8123=DIRECTION('',(-0.985172921628764,-0.171564315897701,0.));
#8124=DIRECTION('',(0.,0.,1.));
#8125=DIRECTION('center_axis',(-0.218504595154853,-0.975835919556261,0.));
#8126=DIRECTION('ref_axis',(0.975835919556261,-0.218504595154853,0.));
#8127=DIRECTION('',(0.961783848781287,-0.215358121475989,-0.169093783853184));
#8128=DIRECTION('',(-0.961783848781287,0.215358121475989,-0.169093783853184));
#8129=DIRECTION('',(0.,0.,1.));
#8130=DIRECTION('',(-0.975835919556261,0.218504595154853,0.));
#8131=DIRECTION('',(-0.690981332730068,0.154721294166339,-0.706120470564388));
#8132=DIRECTION('',(0.,0.,1.));
#8133=DIRECTION('',(0.690981332730068,-0.154721294166339,-0.706120470564388));
#8134=DIRECTION('',(-0.975835919556261,0.218504595154853,0.));
#8135=DIRECTION('',(0.,0.,1.));
#8136=DIRECTION('center_axis',(-0.575308162344166,-0.817936744705957,0.));
#8137=DIRECTION('ref_axis',(0.817936744705957,-0.575308162344166,0.));
#8138=DIRECTION('',(0.806158427474832,-0.567023705036675,-0.169093783853184));
#8139=DIRECTION('',(-0.806158427474832,0.567023705036675,-0.169093783853184));
#8140=DIRECTION('',(0.,0.,1.));
#8141=DIRECTION('',(-0.817936744705957,0.575308162344166,0.));
#8142=DIRECTION('',(-0.579174234745137,0.407370945033284,-0.706120470564389));
#8143=DIRECTION('',(0.,0.,1.));
#8144=DIRECTION('',(0.579174234745137,-0.407370945033284,-0.70612047056439));
#8145=DIRECTION('',(-0.817936744705957,0.575308162344166,0.));
#8146=DIRECTION('',(0.,0.,1.));
#8147=DIRECTION('center_axis',(0.976016644857371,0.217695909381321,0.));
#8148=DIRECTION('ref_axis',(-0.217695909381321,0.976016644857371,0.));
#8149=DIRECTION('',(0.21453182808677,-0.961830820153821,0.169875154569397));
#8150=DIRECTION('',(-0.21453182808677,0.961830820153821,0.169875154569397));
#8151=DIRECTION('',(0.,0.,-1.));
#8152=DIRECTION('',(0.217695909381321,-0.976016644857371,0.));
#8153=DIRECTION('',(-0.154148670467666,0.691109302819013,0.706120470564386));
#8154=DIRECTION('',(0.,0.,1.));
#8155=DIRECTION('',(0.154148670467666,-0.691109302819012,0.706120470564386));
#8156=DIRECTION('',(-0.217695909381321,0.976016644857371,0.));
#8157=DIRECTION('',(0.,0.,-1.));
#8158=DIRECTION('center_axis',(0.,-1.,0.));
#8159=DIRECTION('ref_axis',(0.,0.,-1.));
#8160=DIRECTION('',(0.,0.,1.));
#8161=DIRECTION('',(0.707106781186547,0.,-0.707106781186548));
#8162=DIRECTION('',(-0.707106781186547,0.,-0.707106781186548));
#8163=DIRECTION('center_axis',(0.,-1.,0.));
#8164=DIRECTION('ref_axis',(0.,0.,-1.));
#8165=DIRECTION('',(0.,0.,-1.));
#8166=DIRECTION('',(-0.707106781186548,0.,0.707106781186547));
#8167=DIRECTION('',(0.707106781186548,0.,0.707106781186548));
#8168=DIRECTION('center_axis',(-0.985172921628764,-0.171564315897701,0.));
#8169=DIRECTION('ref_axis',(0.171564315897701,-0.985172921628764,0.));
#8170=DIRECTION('',(0.169093783853184,-0.970986397703091,-0.169093783853184));
#8171=DIRECTION('',(-0.169093783853184,0.970986397703091,-0.169093783853184));
#8172=DIRECTION('',(0.,0.,1.));
#8173=DIRECTION('',(-0.171564315897701,0.985172921628764,0.));
#8174=DIRECTION('',(-0.121483271185409,0.697592786568225,-0.706120470564387));
#8175=DIRECTION('',(0.,0.,1.));
#8176=DIRECTION('',(0.121483271185408,-0.697592786568224,-0.706120470564389));
#8177=DIRECTION('',(-0.171564315897701,0.985172921628764,0.));
#8178=DIRECTION('',(0.,0.,1.));
#8179=DIRECTION('center_axis',(-0.205527702446472,-0.67657842378181,-0.707106781186545));
#8180=DIRECTION('ref_axis',(-0.96025940862067,0.,0.279109061399806));
#8181=DIRECTION('',(-0.255760748508999,-0.660288058783468,0.706120470564391));
#8182=DIRECTION('',(-0.956826382921243,0.290660064243181,0.));
#8183=DIRECTION('',(0.956826382921243,-0.290660064243181,0.));
#8184=DIRECTION('center_axis',(-0.290660064243181,-0.956826382921243,0.));
#8185=DIRECTION('ref_axis',(0.956826382921243,-0.290660064243181,0.));
#8186=DIRECTION('',(0.,0.,1.));
#8187=DIRECTION('',(0.956826382921243,-0.290660064243181,0.));
#8188=DIRECTION('center_axis',(0.932489453035189,-0.361197203724136,0.));
#8189=DIRECTION('ref_axis',(0.361197203724136,0.932489453035189,0.));
#8190=DIRECTION('',(0.361197203724136,0.932489453035189,0.));
#8191=DIRECTION('',(0.,0.,-1.));
#8192=DIRECTION('',(-0.361197203724136,-0.932489453035189,0.));
#8193=DIRECTION('',(0.255760748508998,0.660288058783468,0.706120470564391));
#8194=DIRECTION('center_axis',(-0.333599899787155,-0.623467005431723,-0.707106781186547));
#8195=DIRECTION('ref_axis',(-0.904402490702201,0.,0.426680366095812));
#8196=DIRECTION('',(0.286580648993584,0.647507075384002,-0.706120470564388));
#8197=DIRECTION('',(0.881715494773683,-0.471781502685299,0.));
#8198=DIRECTION('',(-0.379688504365853,-0.597687644763006,0.706120470564388));
#8199=DIRECTION('',(-0.881715494773683,0.471781502685299,0.));
#8200=DIRECTION('center_axis',(-0.471781502685299,-0.881715494773683,0.));
#8201=DIRECTION('ref_axis',(0.881715494773683,-0.4717815026853,0.));
#8202=DIRECTION('',(0.,0.,1.));
#8203=DIRECTION('',(0.881715494773683,-0.471781502685299,0.));
#8204=DIRECTION('',(0.,0.,1.));
#8205=DIRECTION('center_axis',(0.844082241889694,-0.536213734369485,0.));
#8206=DIRECTION('ref_axis',(0.536213734369485,0.844082241889694,0.));
#8207=DIRECTION('',(0.528420184864484,0.831814005705488,0.169875154569396));
#8208=DIRECTION('',(0.,0.,-1.));
#8209=DIRECTION('',(-0.536213734369485,-0.844082241889694,0.));
#8210=DIRECTION('',(0.379688504365854,0.597687644763009,0.706120470564385));
#8211=DIRECTION('',(0.536213734369485,0.844082241889694,0.));
#8212=DIRECTION('',(0.,0.,-1.));
#8213=DIRECTION('',(-0.528420184864484,-0.831814005705488,0.169875154569396));
#8214=DIRECTION('center_axis',(-0.448798191131349,-0.546424911252434,-0.707106781186547));
#8215=DIRECTION('ref_axis',(-0.844298439373712,0.,0.535873254857073));
#8216=DIRECTION('',(0.772761520311706,-0.634696488666466,0.));
#8217=DIRECTION('',(-0.488973421452172,-0.512151221967969,0.706120470564388));
#8218=DIRECTION('',(-0.772761520311706,0.634696488666466,0.));
#8219=DIRECTION('center_axis',(-0.634696488666466,-0.772761520311706,0.));
#8220=DIRECTION('ref_axis',(0.772761520311706,-0.634696488666466,0.));
#8221=DIRECTION('',(0.,0.,1.));
#8222=DIRECTION('',(0.772761520311706,-0.634696488666466,0.));
#8223=DIRECTION('center_axis',(0.723283734260031,-0.69055096825279,0.));
#8224=DIRECTION('ref_axis',(0.69055096825279,0.72328373426003,0.));
#8225=DIRECTION('',(0.69055096825279,0.723283734260031,0.));
#8226=DIRECTION('',(0.,0.,-1.));
#8227=DIRECTION('',(-0.69055096825279,-0.723283734260031,0.));
#8228=DIRECTION('',(0.488973421452171,0.512151221967969,0.706120470564389));
#8229=DIRECTION('center_axis',(-0.546796613066164,-0.448345250827274,-0.707106781186547));
#8230=DIRECTION('ref_axis',(-0.791070649822889,0.,0.611724796774491));
#8231=DIRECTION('',(0.512556226107605,0.488548867697243,-0.706120470564388));
#8232=DIRECTION('',(0.634055934345498,-0.773287186057843,0.));
#8233=DIRECTION('',(-0.579511597293548,-0.406890881751126,0.706120470564388));
#8234=DIRECTION('',(-0.634055934345498,0.773287186057843,0.));
#8235=DIRECTION('center_axis',(-0.773287186057843,-0.634055934345498,0.));
#8236=DIRECTION('ref_axis',(0.634055934345498,-0.773287186057843,0.));
#8237=DIRECTION('',(0.,0.,1.));
#8238=DIRECTION('',(0.634055934345498,-0.773287186057843,0.));
#8239=DIRECTION('',(0.,0.,1.));
#8240=DIRECTION('center_axis',(0.574630194688312,-0.818413183760179,0.));
#8241=DIRECTION('ref_axis',(0.818413183760179,0.574630194688312,0.));
#8242=DIRECTION('',(0.806518032154857,0.566278284652591,0.169875154569396));
#8243=DIRECTION('',(0.,0.,-1.));
#8244=DIRECTION('',(-0.818413183760179,-0.574630194688312,0.));
#8245=DIRECTION('',(0.579511597293547,0.406890881751126,0.706120470564388));
#8246=DIRECTION('',(0.818413183760179,0.574630194688312,0.));
#8247=DIRECTION('',(0.,0.,-1.));
#8248=DIRECTION('',(-0.806518032154857,-0.566278284652591,0.169875154569396));
#8249=DIRECTION('center_axis',(-0.623743223582214,-0.333083159339032,-0.707106781186546));
#8250=DIRECTION('ref_axis',(-0.74992967486049,0.,0.661517560434823));
#8251=DIRECTION('',(0.471050721335336,-0.882106126228278,0.));
#8252=DIRECTION('',(-0.647744323534353,-0.286044004270232,0.706120470564389));
#8253=DIRECTION('',(-0.471050721335336,0.882106126228278,0.));
#8254=DIRECTION('center_axis',(-0.882106126228278,-0.471050721335336,0.));
#8255=DIRECTION('ref_axis',(0.471050721335336,-0.882106126228278,0.));
#8256=DIRECTION('',(0.,0.,1.));
#8257=DIRECTION('',(0.471050721335336,-0.882106126228278,0.));
#8258=DIRECTION('center_axis',(0.403964623527161,-0.914774607725072,0.));
#8259=DIRECTION('ref_axis',(0.914774607725072,0.403964623527161,0.));
#8260=DIRECTION('',(0.914774607725072,0.403964623527161,0.));
#8261=DIRECTION('',(0.,0.,-1.));
#8262=DIRECTION('',(-0.914774607725072,-0.403964623527161,0.));
#8263=DIRECTION('',(0.647744323534353,0.286044004270232,0.70612047056439));
#8264=DIRECTION('center_axis',(-0.676748498729492,-0.204966996044192,-0.707106781186547));
#8265=DIRECTION('ref_axis',(-0.722445095994324,0.,0.691428292213843));
#8266=DIRECTION('',(0.660499764130502,0.255213523610092,-0.706120470564388));
#8267=DIRECTION('',(0.289867105644569,-0.957066905218878,0.));
#8268=DIRECTION('',(-0.69110930281901,-0.154148670467665,0.706120470564388));
#8269=DIRECTION('',(-0.289867105644569,0.957066905218878,0.));
#8270=DIRECTION('center_axis',(-0.957066905218878,-0.289867105644569,0.));
#8271=DIRECTION('ref_axis',(0.289867105644569,-0.957066905218878,0.));
#8272=DIRECTION('',(0.,0.,1.));
#8273=DIRECTION('',(0.289867105644569,-0.957066905218878,0.));
#8274=DIRECTION('',(0.,0.,1.));
#8275=DIRECTION('center_axis',(0.217695909381321,-0.976016644857371,0.));
#8276=DIRECTION('ref_axis',(0.976016644857371,0.217695909381321,0.));
#8277=DIRECTION('',(0.961830820153821,0.21453182808677,0.169875154569397));
#8278=DIRECTION('',(0.,0.,-1.));
#8279=DIRECTION('',(-0.976016644857371,-0.217695909381321,0.));
#8280=DIRECTION('',(0.691109302819013,0.154148670467666,0.706120470564385));
#8281=DIRECTION('',(0.976016644857371,0.217695909381321,0.));
#8282=DIRECTION('',(0.,0.,-1.));
#8283=DIRECTION('',(-0.961830820153821,-0.21453182808677,0.169875154569397));
#8284=DIRECTION('center_axis',(-0.703729004489085,-0.0690325158226199,-0.707106781186548));
#8285=DIRECTION('ref_axis',(-0.70879768159216,0.,0.70541182763658));
#8286=DIRECTION('',(0.0976267201210844,-0.995223102383782,0.));
#8287=DIRECTION('',(-0.707902024175347,-0.0163891799177094,0.706120470564387));
#8288=DIRECTION('',(-0.0976267201210844,0.995223102383782,0.));
#8289=DIRECTION('center_axis',(-0.995223102383782,-0.0976267201210844,0.));
#8290=DIRECTION('ref_axis',(0.0976267201210844,-0.995223102383782,0.));
#8291=DIRECTION('',(0.,0.,1.));
#8292=DIRECTION('',(0.0976267201210844,-0.995223102383782,0.));
#8293=DIRECTION('center_axis',(0.0231455608107125,-0.99973210562368,0.));
#8294=DIRECTION('ref_axis',(0.99973210562368,0.0231455608107125,0.));
#8295=DIRECTION('',(0.99973210562368,0.0231455608107125,0.));
#8296=DIRECTION('',(0.,0.,-1.));
#8297=DIRECTION('',(-0.99973210562368,-0.0231455608107125,0.));
#8298=DIRECTION('',(0.707902024175345,0.0163891799177094,0.706120470564389));
#8299=DIRECTION('center_axis',(-0.703671560201674,0.0696156258561729,-0.707106781186545));
#8300=DIRECTION('ref_axis',(-0.70882647266797,0.,0.705382897187821));
#8301=DIRECTION('',(0.707888200509799,-0.0169757659303428,-0.70612047056439));
#8302=DIRECTION('',(-0.0984513622388904,-0.995141863893439,0.));
#8303=DIRECTION('',(-0.697491881911707,0.12206127853332,0.70612047056439));
#8304=DIRECTION('',(0.0984513622388904,0.995141863893439,0.));
#8305=DIRECTION('center_axis',(-0.995141863893439,0.0984513622388904,0.));
#8306=DIRECTION('ref_axis',(-0.0984513622388904,-0.995141863893439,0.));
#8307=DIRECTION('',(0.,0.,1.));
#8308=DIRECTION('',(-0.0984513622388904,-0.995141863893439,0.));
#8309=DIRECTION('',(0.,0.,1.));
#8310=DIRECTION('center_axis',(-0.172380604710643,-0.985030419387946,0.));
#8311=DIRECTION('ref_axis',(0.985030419387946,-0.172380604710643,0.));
#8312=DIRECTION('',(0.970713584802462,-0.169875154569397,0.169875154569396));
#8313=DIRECTION('',(0.,0.,-1.));
#8314=DIRECTION('',(-0.985030419387946,0.172380604710643,0.));
#8315=DIRECTION('',(0.697491881911707,-0.12206127853332,0.706120470564391));
#8316=DIRECTION('',(0.985030419387946,-0.172380604710643,0.));
#8317=DIRECTION('',(0.,0.,-1.));
#8318=DIRECTION('',(-0.970713584802462,0.169875154569397,0.169875154569396));
#8319=DIRECTION('center_axis',(-0.67657842378181,0.205527702446472,-0.707106781186545));
#8320=DIRECTION('ref_axis',(-0.722531899222426,0.,0.691337583678216));
#8321=DIRECTION('',(-0.290660064243181,-0.956826382921243,0.));
#8322=DIRECTION('',(-0.660288058783468,0.255760748508999,0.706120470564391));
#8323=DIRECTION('',(0.290660064243181,0.956826382921243,0.));
#8324=DIRECTION('center_axis',(-0.956826382921243,0.290660064243181,0.));
#8325=DIRECTION('ref_axis',(-0.290660064243181,-0.956826382921243,0.));
#8326=DIRECTION('',(0.,0.,1.));
#8327=DIRECTION('',(-0.290660064243181,-0.956826382921243,0.));
#8328=DIRECTION('center_axis',(-0.361197203724136,-0.932489453035189,0.));
#8329=DIRECTION('ref_axis',(0.932489453035189,-0.361197203724136,0.));
#8330=DIRECTION('',(0.932489453035189,-0.361197203724136,0.));
#8331=DIRECTION('',(0.,0.,-1.));
#8332=DIRECTION('',(-0.932489453035189,0.361197203724136,0.));
#8333=DIRECTION('',(0.660288058783468,-0.255760748508998,0.706120470564391));
#8334=DIRECTION('center_axis',(-0.623467005431723,0.333599899787155,-0.707106781186547));
#8335=DIRECTION('ref_axis',(-0.750075013045007,0.,0.661352761244355));
#8336=DIRECTION('',(0.647507075384002,-0.286580648993584,-0.706120470564388));
#8337=DIRECTION('',(-0.471781502685299,-0.881715494773683,0.));
#8338=DIRECTION('',(-0.597687644763006,0.379688504365853,0.706120470564388));
#8339=DIRECTION('',(0.471781502685299,0.881715494773683,0.));
#8340=DIRECTION('center_axis',(-0.881715494773683,0.471781502685299,0.));
#8341=DIRECTION('ref_axis',(-0.4717815026853,-0.881715494773683,0.));
#8342=DIRECTION('',(0.,0.,1.));
#8343=DIRECTION('',(-0.471781502685299,-0.881715494773683,0.));
#8344=DIRECTION('',(0.,0.,1.));
#8345=DIRECTION('center_axis',(-0.536213734369485,-0.844082241889694,0.));
#8346=DIRECTION('ref_axis',(0.844082241889694,-0.536213734369485,0.));
#8347=DIRECTION('',(0.831814005705488,-0.528420184864484,0.169875154569396));
#8348=DIRECTION('',(0.,0.,-1.));
#8349=DIRECTION('',(-0.844082241889694,0.536213734369485,0.));
#8350=DIRECTION('',(0.597687644763009,-0.379688504365854,0.706120470564385));
#8351=DIRECTION('',(0.844082241889694,-0.536213734369485,0.));
#8352=DIRECTION('',(0.,0.,-1.));
#8353=DIRECTION('',(-0.831814005705488,0.528420184864484,0.169875154569396));
#8354=DIRECTION('center_axis',(-0.546424911252434,0.448798191131349,-0.707106781186547));
#8355=DIRECTION('ref_axis',(-0.791271889848771,0.,0.611464468579454));
#8356=DIRECTION('',(-0.634696488666466,-0.772761520311706,0.));
#8357=DIRECTION('',(-0.512151221967969,0.488973421452172,0.706120470564388));
#8358=DIRECTION('',(0.634696488666466,0.772761520311706,0.));
#8359=DIRECTION('center_axis',(-0.772761520311706,0.634696488666466,0.));
#8360=DIRECTION('ref_axis',(-0.634696488666466,-0.772761520311706,0.));
#8361=DIRECTION('',(0.,0.,1.));
#8362=DIRECTION('',(-0.634696488666466,-0.772761520311706,0.));
#8363=DIRECTION('center_axis',(-0.69055096825279,-0.723283734260031,0.));
#8364=DIRECTION('ref_axis',(0.72328373426003,-0.69055096825279,0.));
#8365=DIRECTION('',(0.723283734260031,-0.69055096825279,0.));
#8366=DIRECTION('',(0.,0.,-1.));
#8367=DIRECTION('',(-0.723283734260031,0.69055096825279,0.));
#8368=DIRECTION('',(0.512151221967969,-0.488973421452171,0.706120470564389));
#8369=DIRECTION('center_axis',(-0.448345250827274,0.546796613066164,-0.707106781186548));
#8370=DIRECTION('ref_axis',(-0.844543108720857,0.,0.535487569895054));
#8371=DIRECTION('',(0.488548867697243,-0.512556226107605,-0.706120470564387));
#8372=DIRECTION('',(-0.773287186057843,-0.634055934345498,0.));
#8373=DIRECTION('',(-0.406890881751127,0.579511597293548,0.706120470564387));
#8374=DIRECTION('',(0.773287186057843,0.634055934345498,0.));
#8375=DIRECTION('center_axis',(-0.634055934345498,0.773287186057843,0.));
#8376=DIRECTION('ref_axis',(-0.773287186057843,-0.634055934345498,0.));
#8377=DIRECTION('',(0.,0.,1.));
#8378=DIRECTION('',(-0.773287186057843,-0.634055934345498,0.));
#8379=DIRECTION('',(0.,0.,1.));
#8380=DIRECTION('center_axis',(-0.818413183760179,-0.574630194688312,0.));
#8381=DIRECTION('ref_axis',(0.574630194688312,-0.818413183760179,0.));
#8382=DIRECTION('',(0.566278284652591,-0.806518032154857,0.169875154569396));
#8383=DIRECTION('',(0.,0.,-1.));
#8384=DIRECTION('',(-0.574630194688312,0.818413183760179,0.));
#8385=DIRECTION('',(0.406890881751127,-0.579511597293548,0.706120470564387));
#8386=DIRECTION('',(0.574630194688312,-0.818413183760179,0.));
#8387=DIRECTION('',(0.,0.,-1.));
#8388=DIRECTION('',(-0.566278284652591,0.806518032154857,0.169875154569396));
#8389=DIRECTION('center_axis',(-0.333083159339031,0.623743223582213,-0.707106781186547));
#8390=DIRECTION('ref_axis',(-0.904657444061734,0.,0.426139541586662));
#8391=DIRECTION('',(-0.882106126228278,-0.471050721335336,0.));
#8392=DIRECTION('',(-0.286044004270233,0.647744323534354,0.706120470564388));
#8393=DIRECTION('',(0.882106126228278,0.471050721335336,0.));
#8394=DIRECTION('center_axis',(-0.471050721335337,0.882106126228278,0.));
#8395=DIRECTION('ref_axis',(-0.882106126228278,-0.471050721335336,0.));
#8396=DIRECTION('',(0.,0.,1.));
#8397=DIRECTION('',(-0.882106126228278,-0.471050721335336,0.));
#8398=DIRECTION('center_axis',(-0.914774607725072,-0.403964623527161,0.));
#8399=DIRECTION('ref_axis',(0.403964623527161,-0.914774607725072,0.));
#8400=DIRECTION('',(0.403964623527161,-0.914774607725072,0.));
#8401=DIRECTION('',(0.,0.,-1.));
#8402=DIRECTION('',(-0.403964623527161,0.914774607725072,0.));
#8403=DIRECTION('',(0.286044004270232,-0.647744323534353,0.70612047056439));
#8404=DIRECTION('center_axis',(-0.204966996044192,0.676748498729492,-0.707106781186547));
#8405=DIRECTION('ref_axis',(-0.960463275684223,0.,0.278406709800487));
#8406=DIRECTION('',(0.255213523610092,-0.660499764130502,-0.706120470564388));
#8407=DIRECTION('',(-0.957066905218878,-0.289867105644569,0.));
#8408=DIRECTION('',(-0.154148670467665,0.69110930281901,0.706120470564388));
#8409=DIRECTION('',(0.957066905218878,0.289867105644569,0.));
#8410=DIRECTION('center_axis',(-0.289867105644569,0.957066905218878,0.));
#8411=DIRECTION('ref_axis',(-0.957066905218878,-0.289867105644569,0.));
#8412=DIRECTION('',(0.,0.,1.));
#8413=DIRECTION('',(-0.957066905218878,-0.289867105644569,0.));
#8414=DIRECTION('',(0.,0.,1.));
#8415=DIRECTION('center_axis',(-0.976016644857371,-0.217695909381321,0.));
#8416=DIRECTION('ref_axis',(0.217695909381321,-0.976016644857371,0.));
#8417=DIRECTION('',(0.21453182808677,-0.961830820153821,0.169875154569396));
#8418=DIRECTION('',(0.,0.,-1.));
#8419=DIRECTION('',(-0.217695909381321,0.976016644857371,0.));
#8420=DIRECTION('',(0.154148670467665,-0.69110930281901,0.706120470564388));
#8421=DIRECTION('',(0.217695909381321,-0.976016644857371,0.));
#8422=DIRECTION('',(0.,0.,-1.));
#8423=DIRECTION('',(-0.21453182808677,0.961830820153821,0.169875154569397));
#8424=DIRECTION('center_axis',(-0.0690325158226198,0.703729004489084,-0.707106781186549));
#8425=DIRECTION('ref_axis',(-0.995268308254485,0.,0.0971647805753453));
#8426=DIRECTION('',(-0.995223102383782,-0.0976267201210845,0.));
#8427=DIRECTION('',(-0.0163891799177095,0.707902024175348,0.706120470564386));
#8428=DIRECTION('',(0.995223102383782,0.0976267201210845,0.));
#8429=DIRECTION('center_axis',(-0.0976267201210845,0.995223102383782,0.));
#8430=DIRECTION('ref_axis',(-0.995223102383782,-0.0976267201210845,0.));
#8431=DIRECTION('',(0.,0.,1.));
#8432=DIRECTION('',(-0.995223102383782,-0.0976267201210845,0.));
#8433=DIRECTION('center_axis',(-0.99973210562368,-0.0231455608107126,0.));
#8434=DIRECTION('ref_axis',(0.0231455608107125,-0.99973210562368,0.));
#8435=DIRECTION('',(0.0231455608107125,-0.99973210562368,0.));
#8436=DIRECTION('',(0.,0.,-1.));
#8437=DIRECTION('',(-0.0231455608107125,0.99973210562368,0.));
#8438=DIRECTION('',(0.0163891799177094,-0.707902024175345,0.706120470564389));
#8439=DIRECTION('center_axis',(0.0696156258561729,0.70367156020167,-0.707106781186549));
#8440=DIRECTION('ref_axis',(-0.995188612914591,0.,-0.0979776746260735));
#8441=DIRECTION('',(-0.0169757659303433,-0.707888200509803,-0.706120470564387));
#8442=DIRECTION('',(-0.995141863893439,0.0984513622388909,0.));
#8443=DIRECTION('',(0.122061278533321,0.697491881911711,0.706120470564386));
#8444=DIRECTION('',(0.995141863893439,-0.0984513622388909,0.));
#8445=DIRECTION('center_axis',(0.0984513622388909,0.995141863893438,0.));
#8446=DIRECTION('ref_axis',(-0.995141863893439,0.0984513622388909,0.));
#8447=DIRECTION('',(0.,0.,1.));
#8448=DIRECTION('',(-0.995141863893439,0.0984513622388909,0.));
#8449=DIRECTION('',(0.,0.,1.));
#8450=DIRECTION('center_axis',(-0.985030419387946,0.172380604710644,0.));
#8451=DIRECTION('ref_axis',(-0.172380604710644,-0.985030419387946,0.));
#8452=DIRECTION('',(-0.169875154569397,-0.970713584802462,0.169875154569397));
#8453=DIRECTION('',(0.,0.,-1.));
#8454=DIRECTION('',(0.172380604710644,0.985030419387946,0.));
#8455=DIRECTION('',(-0.122061278533321,-0.697491881911711,0.706120470564387));
#8456=DIRECTION('',(-0.172380604710644,-0.985030419387946,0.));
#8457=DIRECTION('',(0.,0.,-1.));
#8458=DIRECTION('',(0.169875154569397,0.970713584802462,0.169875154569397));
#8459=DIRECTION('center_axis',(0.205527702446471,0.676578423781808,-0.707106781186547));
#8460=DIRECTION('ref_axis',(-0.960259408620671,0.,-0.279109061399804));
#8461=DIRECTION('',(-0.956826382921243,0.290660064243182,0.));
#8462=DIRECTION('',(0.255760748509,0.66028805878347,0.706120470564388));
#8463=DIRECTION('',(0.956826382921243,-0.290660064243182,0.));
#8464=DIRECTION('center_axis',(0.290660064243182,0.956826382921243,0.));
#8465=DIRECTION('ref_axis',(-0.956826382921243,0.290660064243182,0.));
#8466=DIRECTION('',(0.,0.,1.));
#8467=DIRECTION('',(-0.956826382921243,0.290660064243182,0.));
#8468=DIRECTION('center_axis',(-0.932489453035188,0.361197203724136,0.));
#8469=DIRECTION('ref_axis',(-0.361197203724136,-0.932489453035188,0.));
#8470=DIRECTION('',(-0.361197203724136,-0.932489453035188,0.));
#8471=DIRECTION('',(0.,0.,-1.));
#8472=DIRECTION('',(0.361197203724136,0.932489453035188,0.));
#8473=DIRECTION('',(-0.255760748509,-0.66028805878347,0.706120470564388));
#8474=DIRECTION('center_axis',(0.333599899787155,0.623467005431723,-0.707106781186547));
#8475=DIRECTION('ref_axis',(-0.9044024907022,0.,-0.426680366095812));
#8476=DIRECTION('',(-0.286580648993584,-0.647507075384002,-0.706120470564388));
#8477=DIRECTION('',(-0.881715494773683,0.4717815026853,0.));
#8478=DIRECTION('',(0.379688504365853,0.597687644763006,0.706120470564388));
#8479=DIRECTION('',(0.881715494773683,-0.4717815026853,0.));
#8480=DIRECTION('center_axis',(0.4717815026853,0.881715494773683,0.));
#8481=DIRECTION('ref_axis',(-0.881715494773683,0.4717815026853,0.));
#8482=DIRECTION('',(0.,0.,1.));
#8483=DIRECTION('',(-0.881715494773683,0.4717815026853,0.));
#8484=DIRECTION('',(0.,0.,1.));
#8485=DIRECTION('center_axis',(-0.844082241889694,0.536213734369485,0.));
#8486=DIRECTION('ref_axis',(-0.536213734369485,-0.844082241889694,0.));
#8487=DIRECTION('',(-0.528420184864484,-0.831814005705487,0.169875154569397));
#8488=DIRECTION('',(0.,0.,-1.));
#8489=DIRECTION('',(0.536213734369485,0.844082241889694,0.));
#8490=DIRECTION('',(-0.379688504365854,-0.597687644763008,0.706120470564385));
#8491=DIRECTION('',(-0.536213734369485,-0.844082241889693,0.));
#8492=DIRECTION('',(0.,0.,-1.));
#8493=DIRECTION('',(0.528420184864484,0.831814005705487,0.169875154569397));
#8494=DIRECTION('center_axis',(0.448798191131351,0.546424911252435,-0.707106781186545));
#8495=DIRECTION('ref_axis',(-0.844298439373711,0.,-0.535873254857075));
#8496=DIRECTION('',(-0.772761520311706,0.634696488666466,0.));
#8497=DIRECTION('',(0.48897342145217,0.512151221967967,0.70612047056439));
#8498=DIRECTION('',(0.772761520311706,-0.634696488666466,0.));
#8499=DIRECTION('center_axis',(0.634696488666466,0.772761520311706,0.));
#8500=DIRECTION('ref_axis',(-0.772761520311706,0.634696488666466,0.));
#8501=DIRECTION('',(0.,0.,1.));
#8502=DIRECTION('',(-0.772761520311706,0.634696488666466,0.));
#8503=DIRECTION('center_axis',(-0.72328373426003,0.69055096825279,0.));
#8504=DIRECTION('ref_axis',(-0.69055096825279,-0.72328373426003,0.));
#8505=DIRECTION('',(-0.69055096825279,-0.72328373426003,0.));
#8506=DIRECTION('',(0.,0.,-1.));
#8507=DIRECTION('',(0.69055096825279,0.72328373426003,0.));
#8508=DIRECTION('',(-0.48897342145217,-0.512151221967967,0.70612047056439));
#8509=DIRECTION('center_axis',(0.546796613066164,0.448345250827274,-0.707106781186548));
#8510=DIRECTION('ref_axis',(-0.791070649822889,0.,-0.611724796774491));
#8511=DIRECTION('',(-0.512556226107604,-0.488548867697243,-0.706120470564388));
#8512=DIRECTION('',(-0.634055934345498,0.773287186057843,0.));
#8513=DIRECTION('',(0.579511597293548,0.406890881751127,0.706120470564388));
#8514=DIRECTION('',(0.634055934345498,-0.773287186057843,0.));
#8515=DIRECTION('center_axis',(0.773287186057843,0.634055934345498,0.));
#8516=DIRECTION('ref_axis',(-0.634055934345498,0.773287186057843,0.));
#8517=DIRECTION('',(0.,0.,1.));
#8518=DIRECTION('',(-0.634055934345498,0.773287186057843,0.));
#8519=DIRECTION('',(0.,0.,1.));
#8520=DIRECTION('center_axis',(-0.574630194688312,0.818413183760179,0.));
#8521=DIRECTION('ref_axis',(-0.818413183760179,-0.574630194688312,0.));
#8522=DIRECTION('',(-0.806518032154857,-0.566278284652591,0.169875154569396));
#8523=DIRECTION('',(0.,0.,-1.));
#8524=DIRECTION('',(0.818413183760179,0.574630194688312,0.));
#8525=DIRECTION('',(-0.579511597293549,-0.406890881751127,0.706120470564386));
#8526=DIRECTION('',(-0.818413183760179,-0.574630194688312,0.));
#8527=DIRECTION('',(0.,0.,-1.));
#8528=DIRECTION('',(0.806518032154857,0.566278284652591,0.169875154569396));
#8529=DIRECTION('center_axis',(0.623743223582212,0.333083159339031,-0.707106781186547));
#8530=DIRECTION('ref_axis',(-0.749929674860492,0.,-0.661517560434821));
#8531=DIRECTION('',(-0.471050721335337,0.882106126228278,0.));
#8532=DIRECTION('',(0.647744323534354,0.286044004270233,0.706120470564388));
#8533=DIRECTION('',(0.471050721335337,-0.882106126228278,0.));
#8534=DIRECTION('center_axis',(0.882106126228278,0.471050721335337,0.));
#8535=DIRECTION('ref_axis',(-0.471050721335337,0.882106126228278,0.));
#8536=DIRECTION('',(0.,0.,1.));
#8537=DIRECTION('',(-0.471050721335337,0.882106126228278,0.));
#8538=DIRECTION('center_axis',(-0.403964623527161,0.914774607725072,0.));
#8539=DIRECTION('ref_axis',(-0.914774607725072,-0.403964623527161,0.));
#8540=DIRECTION('',(-0.914774607725072,-0.403964623527161,0.));
#8541=DIRECTION('',(0.,0.,-1.));
#8542=DIRECTION('',(0.914774607725072,0.403964623527161,0.));
#8543=DIRECTION('',(-0.647744323534351,-0.286044004270232,0.706120470564391));
#8544=DIRECTION('center_axis',(0.676748498729492,0.204966996044192,-0.707106781186547));
#8545=DIRECTION('ref_axis',(-0.722445095994324,0.,-0.691428292213844));
#8546=DIRECTION('',(-0.660499764130502,-0.255213523610092,-0.706120470564388));
#8547=DIRECTION('',(-0.289867105644569,0.957066905218878,0.));
#8548=DIRECTION('',(0.69110930281901,0.154148670467665,0.706120470564388));
#8549=DIRECTION('',(0.289867105644568,-0.957066905218878,0.));
#8550=DIRECTION('center_axis',(0.957066905218878,0.289867105644569,0.));
#8551=DIRECTION('ref_axis',(-0.289867105644569,0.957066905218878,0.));
#8552=DIRECTION('',(0.,0.,1.));
#8553=DIRECTION('',(-0.289867105644568,0.957066905218878,0.));
#8554=DIRECTION('',(0.,0.,1.));
#8555=DIRECTION('center_axis',(-0.217695909381321,0.976016644857371,0.));
#8556=DIRECTION('ref_axis',(-0.976016644857371,-0.217695909381321,0.));
#8557=DIRECTION('',(-0.961830820153821,-0.21453182808677,0.169875154569397));
#8558=DIRECTION('',(0.,0.,-1.));
#8559=DIRECTION('',(0.976016644857371,0.217695909381321,0.));
#8560=DIRECTION('',(-0.691109302819011,-0.154148670467665,0.706120470564387));
#8561=DIRECTION('',(-0.976016644857371,-0.217695909381321,0.));
#8562=DIRECTION('',(0.,0.,-1.));
#8563=DIRECTION('',(0.961830820153821,0.21453182808677,0.169875154569397));
#8564=DIRECTION('center_axis',(0.703729004489085,0.0690325158226198,-0.707106781186548));
#8565=DIRECTION('ref_axis',(-0.70879768159216,0.,-0.70541182763658));
#8566=DIRECTION('',(-0.0976267201210843,0.995223102383782,0.));
#8567=DIRECTION('',(0.707902024175347,0.0163891799177093,0.706120470564387));
#8568=DIRECTION('',(0.0976267201210843,-0.995223102383782,0.));
#8569=DIRECTION('center_axis',(0.995223102383782,0.0976267201210843,0.));
#8570=DIRECTION('ref_axis',(-0.0976267201210843,0.995223102383782,0.));
#8571=DIRECTION('',(0.,0.,1.));
#8572=DIRECTION('',(-0.0976267201210843,0.995223102383782,0.));
#8573=DIRECTION('center_axis',(-0.0231455608107123,0.99973210562368,0.));
#8574=DIRECTION('ref_axis',(-0.99973210562368,-0.0231455608107123,0.));
#8575=DIRECTION('',(-0.99973210562368,-0.0231455608107123,0.));
#8576=DIRECTION('',(0.,0.,-1.));
#8577=DIRECTION('',(0.99973210562368,0.0231455608107123,0.));
#8578=DIRECTION('',(-0.707902024175349,-0.0163891799177094,0.706120470564385));
#8579=DIRECTION('center_axis',(0.703671560201672,-0.0696156258561731,-0.707106781186546));
#8580=DIRECTION('ref_axis',(-0.708826472667971,0.,-0.705382897187819));
#8581=DIRECTION('',(-0.707888200509801,0.0169757659303431,-0.706120470564389));
#8582=DIRECTION('',(0.0984513622388909,0.995141863893439,0.));
#8583=DIRECTION('',(0.697491881911709,-0.12206127853332,0.706120470564389));
#8584=DIRECTION('',(-0.0984513622388908,-0.995141863893439,0.));
#8585=DIRECTION('center_axis',(0.995141863893438,-0.0984513622388909,0.));
#8586=DIRECTION('ref_axis',(0.0984513622388909,0.995141863893439,0.));
#8587=DIRECTION('',(0.,0.,1.));
#8588=DIRECTION('',(0.0984513622388908,0.995141863893439,0.));
#8589=DIRECTION('',(0.,0.,1.));
#8590=DIRECTION('center_axis',(0.172380604710644,0.985030419387946,0.));
#8591=DIRECTION('ref_axis',(-0.985030419387946,0.172380604710644,0.));
#8592=DIRECTION('',(-0.970713584802462,0.169875154569397,0.169875154569397));
#8593=DIRECTION('',(0.,0.,-1.));
#8594=DIRECTION('',(0.985030419387946,-0.172380604710644,0.));
#8595=DIRECTION('',(-0.697491881911711,0.122061278533321,0.706120470564387));
#8596=DIRECTION('',(-0.985030419387946,0.172380604710644,0.));
#8597=DIRECTION('',(0.,0.,-1.));
#8598=DIRECTION('',(0.970713584802462,-0.169875154569397,0.169875154569397));
#8599=DIRECTION('center_axis',(0.676578423781808,-0.205527702446471,-0.707106781186547));
#8600=DIRECTION('ref_axis',(-0.722531899222428,0.,-0.691337583678213));
#8601=DIRECTION('',(0.290660064243181,0.956826382921243,0.));
#8602=DIRECTION('',(0.66028805878347,-0.255760748509,0.706120470564388));
#8603=DIRECTION('',(-0.290660064243181,-0.956826382921243,0.));
#8604=DIRECTION('center_axis',(0.956826382921243,-0.290660064243182,0.));
#8605=DIRECTION('ref_axis',(0.290660064243181,0.956826382921243,0.));
#8606=DIRECTION('',(0.,0.,1.));
#8607=DIRECTION('',(0.290660064243181,0.956826382921243,0.));
#8608=DIRECTION('center_axis',(0.361197203724136,0.932489453035188,0.));
#8609=DIRECTION('ref_axis',(-0.932489453035188,0.361197203724136,0.));
#8610=DIRECTION('',(-0.932489453035188,0.361197203724136,0.));
#8611=DIRECTION('',(0.,0.,-1.));
#8612=DIRECTION('',(0.932489453035188,-0.361197203724136,0.));
#8613=DIRECTION('',(-0.66028805878347,0.255760748509,0.706120470564388));
#8614=DIRECTION('center_axis',(0.623467005431723,-0.333599899787155,-0.707106781186547));
#8615=DIRECTION('ref_axis',(-0.750075013045007,0.,-0.661352761244355));
#8616=DIRECTION('',(-0.647507075384002,0.286580648993584,-0.706120470564388));
#8617=DIRECTION('',(0.471781502685299,0.881715494773683,0.));
#8618=DIRECTION('',(0.597687644763006,-0.379688504365853,0.706120470564388));
#8619=DIRECTION('',(-0.471781502685299,-0.881715494773683,0.));
#8620=DIRECTION('center_axis',(0.881715494773683,-0.4717815026853,0.));
#8621=DIRECTION('ref_axis',(0.471781502685299,0.881715494773683,0.));
#8622=DIRECTION('',(0.,0.,1.));
#8623=DIRECTION('',(0.471781502685299,0.881715494773683,0.));
#8624=DIRECTION('',(0.,0.,1.));
#8625=DIRECTION('center_axis',(0.536213734369485,0.844082241889694,0.));
#8626=DIRECTION('ref_axis',(-0.844082241889694,0.536213734369485,0.));
#8627=DIRECTION('',(-0.831814005705487,0.528420184864484,0.169875154569397));
#8628=DIRECTION('',(0.,0.,-1.));
#8629=DIRECTION('',(0.844082241889694,-0.536213734369485,0.));
#8630=DIRECTION('',(-0.597687644763006,0.379688504365853,0.706120470564388));
#8631=DIRECTION('',(-0.844082241889694,0.536213734369485,0.));
#8632=DIRECTION('',(0.,0.,-1.));
#8633=DIRECTION('',(0.831814005705487,-0.528420184864484,0.169875154569397));
#8634=DIRECTION('center_axis',(0.546424911252435,-0.44879819113135,-0.707106781186546));
#8635=DIRECTION('ref_axis',(-0.79127188984877,0.,-0.611464468579455));
#8636=DIRECTION('',(0.634696488666466,0.772761520311706,0.));
#8637=DIRECTION('',(0.512151221967968,-0.488973421452171,0.706120470564389));
#8638=DIRECTION('',(-0.634696488666466,-0.772761520311706,0.));
#8639=DIRECTION('center_axis',(0.772761520311706,-0.634696488666466,0.));
#8640=DIRECTION('ref_axis',(0.634696488666466,0.772761520311706,0.));
#8641=DIRECTION('',(0.,0.,1.));
#8642=DIRECTION('',(0.634696488666466,0.772761520311706,0.));
#8643=DIRECTION('center_axis',(0.69055096825279,0.723283734260031,0.));
#8644=DIRECTION('ref_axis',(-0.723283734260031,0.69055096825279,0.));
#8645=DIRECTION('',(-0.72328373426003,0.69055096825279,0.));
#8646=DIRECTION('',(0.,0.,-1.));
#8647=DIRECTION('',(0.723283734260031,-0.69055096825279,0.));
#8648=DIRECTION('',(-0.512151221967968,0.488973421452171,0.70612047056439));
#8649=DIRECTION('center_axis',(0.448345250827274,-0.546796613066164,-0.707106781186547));
#8650=DIRECTION('ref_axis',(-0.844543108720857,0.,-0.535487569895055));
#8651=DIRECTION('',(-0.488548867697243,0.512556226107605,-0.706120470564388));
#8652=DIRECTION('',(0.773287186057843,0.634055934345498,0.));
#8653=DIRECTION('',(0.406890881751126,-0.579511597293548,0.706120470564388));
#8654=DIRECTION('',(-0.773287186057843,-0.634055934345498,0.));
#8655=DIRECTION('center_axis',(0.634055934345498,-0.773287186057843,0.));
#8656=DIRECTION('ref_axis',(0.773287186057843,0.634055934345498,0.));
#8657=DIRECTION('',(0.,0.,1.));
#8658=DIRECTION('',(0.773287186057843,0.634055934345498,0.));
#8659=DIRECTION('',(0.,0.,1.));
#8660=DIRECTION('center_axis',(0.818413183760179,0.574630194688312,0.));
#8661=DIRECTION('ref_axis',(-0.574630194688312,0.818413183760179,0.));
#8662=DIRECTION('',(-0.566278284652591,0.806518032154857,0.169875154569396));
#8663=DIRECTION('',(0.,0.,-1.));
#8664=DIRECTION('',(0.574630194688312,-0.818413183760179,0.));
#8665=DIRECTION('',(-0.406890881751127,0.579511597293549,0.706120470564386));
#8666=DIRECTION('',(-0.574630194688312,0.818413183760179,0.));
#8667=DIRECTION('',(0.,0.,-1.));
#8668=DIRECTION('',(0.566278284652591,-0.806518032154857,0.169875154569397));
#8669=DIRECTION('center_axis',(0.333083159339031,-0.623743223582213,-0.707106781186547));
#8670=DIRECTION('ref_axis',(-0.904657444061734,0.,-0.426139541586662));
#8671=DIRECTION('',(-0.379193109747773,0.598002062345726,-0.706120470564388));
#8672=DIRECTION('',(0.882106126228278,0.471050721335336,0.));
#8673=DIRECTION('',(0.286044004270233,-0.647744323534354,0.706120470564388));
#8674=DIRECTION('',(-0.882106126228278,-0.471050721335336,0.));
#8675=DIRECTION('center_axis',(0.471050721335336,-0.882106126228278,0.));
#8676=DIRECTION('ref_axis',(0.882106126228278,0.471050721335336,0.));
#8677=DIRECTION('',(0.,0.,1.));
#8678=DIRECTION('',(0.882106126228278,0.471050721335336,0.));
#8679=DIRECTION('',(0.,0.,1.));
#8680=DIRECTION('center_axis',(0.914774607725072,0.403964623527161,0.));
#8681=DIRECTION('ref_axis',(-0.403964623527161,0.914774607725072,0.));
#8682=DIRECTION('',(-0.403964623527161,0.914774607725072,0.));
#8683=DIRECTION('',(0.,0.,-1.));
#8684=DIRECTION('',(0.403964623527161,-0.914774607725072,0.));
#8685=DIRECTION('',(-0.286044004270232,0.647744323534353,0.70612047056439));
#8686=DIRECTION('center_axis',(0.204966996044192,-0.67674849872949,-0.707106781186549));
#8687=DIRECTION('ref_axis',(-0.960463275684223,0.,-0.278406709800486));
#8688=DIRECTION('',(-0.255213523610092,0.660499764130503,-0.706120470564387));
#8689=DIRECTION('',(0.957066905218878,0.289867105644569,0.));
#8690=DIRECTION('',(-0.957066905218878,-0.289867105644569,0.));
#8691=DIRECTION('center_axis',(0.289867105644569,-0.957066905218878,0.));
#8692=DIRECTION('ref_axis',(0.957066905218878,0.289867105644569,0.));
#8693=DIRECTION('',(0.957066905218878,0.289867105644569,0.));
#8694=DIRECTION('',(0.,0.,1.));
#8695=DIRECTION('center_axis',(0.0690325158226199,-0.703729004489085,-0.707106781186548));
#8696=DIRECTION('ref_axis',(-0.995268308254485,0.,-0.0971647805753456));
#8697=DIRECTION('',(0.995223102383782,0.0976267201210844,0.));
#8698=DIRECTION('',(0.0163891799177094,-0.707902024175347,0.706120470564387));
#8699=DIRECTION('',(-0.995223102383782,-0.0976267201210844,0.));
#8700=DIRECTION('center_axis',(0.0976267201210844,-0.995223102383782,0.));
#8701=DIRECTION('ref_axis',(0.995223102383782,0.0976267201210844,0.));
#8702=DIRECTION('',(0.,0.,1.));
#8703=DIRECTION('',(0.995223102383782,0.0976267201210844,0.));
#8704=DIRECTION('center_axis',(0.99973210562368,0.0231455608107125,0.));
#8705=DIRECTION('ref_axis',(-0.0231455608107124,0.99973210562368,0.));
#8706=DIRECTION('',(-0.0231455608107125,0.99973210562368,0.));
#8707=DIRECTION('',(0.,0.,-1.));
#8708=DIRECTION('',(0.0231455608107124,-0.99973210562368,0.));
#8709=DIRECTION('',(-0.0163891799177093,0.707902024175345,0.706120470564389));
#8710=DIRECTION('center_axis',(-0.0696156258561729,-0.703671560201674,-0.707106781186545));
#8711=DIRECTION('ref_axis',(-0.995188612914591,0.,0.0979776746260741));
#8712=DIRECTION('',(0.0169757659303428,0.707888200509799,-0.70612047056439));
#8713=DIRECTION('',(0.995141863893439,-0.0984513622388904,0.));
#8714=DIRECTION('',(-0.12206127853332,-0.697491881911707,0.70612047056439));
#8715=DIRECTION('',(-0.995141863893439,0.0984513622388904,0.));
#8716=DIRECTION('center_axis',(-0.0984513622388904,-0.995141863893439,0.));
#8717=DIRECTION('ref_axis',(0.995141863893439,-0.0984513622388904,0.));
#8718=DIRECTION('',(0.,0.,1.));
#8719=DIRECTION('',(0.995141863893439,-0.0984513622388904,0.));
#8720=DIRECTION('',(0.,0.,1.));
#8721=DIRECTION('center_axis',(0.985030419387946,-0.172380604710643,0.));
#8722=DIRECTION('ref_axis',(0.172380604710643,0.985030419387946,0.));
#8723=DIRECTION('',(0.169875154569397,0.970713584802462,0.169875154569397));
#8724=DIRECTION('',(0.,0.,-1.));
#8725=DIRECTION('',(-0.172380604710643,-0.985030419387946,0.));
#8726=DIRECTION('',(0.12206127853332,0.697491881911707,0.706120470564391));
#8727=DIRECTION('',(0.172380604710643,0.985030419387946,0.));
#8728=DIRECTION('',(0.,0.,-1.));
#8729=DIRECTION('',(-0.169875154569397,-0.970713584802462,0.169875154569397));
#8730=DIRECTION('center_axis',(0.676578423781808,-0.205527702446471,0.707106781186547));
#8731=DIRECTION('ref_axis',(0.722531899222428,0.,-0.691337583678214));
#8732=DIRECTION('',(-0.290660064243181,-0.956826382921243,0.));
#8733=DIRECTION('center_axis',(0.,0.,1.));
#8734=DIRECTION('ref_axis',(1.,0.,0.));
#8735=DIRECTION('center_axis',(0.,0.,1.));
#8736=DIRECTION('ref_axis',(1.,0.,0.));
#8737=DIRECTION('',(-0.999712583201382,0.0239739648122732,0.));
#8738=DIRECTION('',(-0.0984513622388909,-0.995141863893439,0.));
#8739=DIRECTION('center_axis',(0.,0.,1.));
#8740=DIRECTION('ref_axis',(1.,0.,0.));
#8741=DIRECTION('',(0.0976267201210843,-0.995223102383782,0.));
#8742=DIRECTION('center_axis',(0.,0.,1.));
#8743=DIRECTION('ref_axis',(1.,0.,0.));
#8744=DIRECTION('',(-0.932788433155504,-0.360424387314871,0.));
#8745=DIRECTION('',(0.289867105644569,-0.957066905218878,0.));
#8746=DIRECTION('center_axis',(0.,0.,1.));
#8747=DIRECTION('ref_axis',(1.,0.,0.));
#8748=DIRECTION('',(0.471050721335337,-0.882106126228278,0.));
#8749=DIRECTION('center_axis',(0.,0.,1.));
#8750=DIRECTION('ref_axis',(1.,0.,0.));
#8751=DIRECTION('',(-0.723855699909903,-0.689951393728532,0.));
#8752=DIRECTION('',(0.634055934345498,-0.773287186057843,0.));
#8753=DIRECTION('center_axis',(0.,0.,1.));
#8754=DIRECTION('ref_axis',(1.,0.,0.));
#8755=DIRECTION('',(0.772761520311706,-0.634696488666466,0.));
#8756=DIRECTION('center_axis',(0.,0.,1.));
#8757=DIRECTION('ref_axis',(1.,0.,0.));
#8758=DIRECTION('',(-0.40472249812128,-0.914439554871983,0.));
#8759=DIRECTION('',(0.881715494773683,-0.4717815026853,0.));
#8760=DIRECTION('center_axis',(0.,0.,1.));
#8761=DIRECTION('ref_axis',(1.,0.,0.));
#8762=DIRECTION('',(0.956826382921243,-0.290660064243182,0.));
#8763=DIRECTION('center_axis',(0.,0.,1.));
#8764=DIRECTION('ref_axis',(1.,0.,0.));
#8765=DIRECTION('',(-0.0239739648122733,-0.999712583201382,0.));
#8766=DIRECTION('',(0.995141863893439,-0.0984513622388909,0.));
#8767=DIRECTION('center_axis',(0.,0.,1.));
#8768=DIRECTION('ref_axis',(1.,0.,0.));
#8769=DIRECTION('',(0.995223102383782,0.0976267201210845,0.));
#8770=DIRECTION('center_axis',(0.,0.,1.));
#8771=DIRECTION('ref_axis',(1.,0.,0.));
#8772=DIRECTION('',(0.360424387314871,-0.932788433155504,0.));
#8773=DIRECTION('',(0.957066905218878,0.289867105644569,0.));
#8774=DIRECTION('center_axis',(0.,0.,1.));
#8775=DIRECTION('ref_axis',(1.,0.,0.));
#8776=DIRECTION('',(0.882106126228278,0.471050721335336,0.));
#8777=DIRECTION('center_axis',(0.,0.,1.));
#8778=DIRECTION('ref_axis',(1.,0.,0.));
#8779=DIRECTION('',(0.689951393728532,-0.723855699909903,0.));
#8780=DIRECTION('',(0.773287186057843,0.634055934345498,0.));
#8781=DIRECTION('center_axis',(0.,0.,1.));
#8782=DIRECTION('ref_axis',(1.,0.,0.));
#8783=DIRECTION('',(0.634696488666466,0.772761520311706,0.));
#8784=DIRECTION('center_axis',(0.,0.,1.));
#8785=DIRECTION('ref_axis',(1.,0.,0.));
#8786=DIRECTION('',(0.914439554871983,-0.40472249812128,0.));
#8787=DIRECTION('',(0.471781502685299,0.881715494773683,0.));
#8788=DIRECTION('center_axis',(0.,0.,1.));
#8789=DIRECTION('ref_axis',(1.,0.,0.));
#8790=DIRECTION('',(0.290660064243181,0.956826382921243,0.));
#8791=DIRECTION('center_axis',(0.,0.,1.));
#8792=DIRECTION('ref_axis',(1.,0.,0.));
#8793=DIRECTION('',(0.999712583201382,-0.0239739648122727,0.));
#8794=DIRECTION('',(0.0984513622388904,0.995141863893439,0.));
#8795=DIRECTION('center_axis',(0.,0.,1.));
#8796=DIRECTION('ref_axis',(1.,0.,0.));
#8797=DIRECTION('',(-0.0976267201210844,0.995223102383782,0.));
#8798=DIRECTION('center_axis',(0.,0.,1.));
#8799=DIRECTION('ref_axis',(1.,0.,0.));
#8800=DIRECTION('',(0.932788433155504,0.360424387314871,0.));
#8801=DIRECTION('',(-0.289867105644569,0.957066905218878,0.));
#8802=DIRECTION('center_axis',(0.,0.,1.));
#8803=DIRECTION('ref_axis',(1.,0.,0.));
#8804=DIRECTION('',(-0.471050721335336,0.882106126228278,0.));
#8805=DIRECTION('center_axis',(0.,0.,1.));
#8806=DIRECTION('ref_axis',(1.,0.,0.));
#8807=DIRECTION('',(0.723855699909903,0.689951393728532,0.));
#8808=DIRECTION('',(-0.634055934345498,0.773287186057843,0.));
#8809=DIRECTION('center_axis',(0.,0.,1.));
#8810=DIRECTION('ref_axis',(1.,0.,0.));
#8811=DIRECTION('',(-0.772761520311706,0.634696488666466,0.));
#8812=DIRECTION('center_axis',(0.,0.,1.));
#8813=DIRECTION('ref_axis',(1.,0.,0.));
#8814=DIRECTION('',(0.40472249812128,0.914439554871983,0.));
#8815=DIRECTION('',(-0.881715494773683,0.471781502685299,0.));
#8816=DIRECTION('center_axis',(0.,0.,1.));
#8817=DIRECTION('ref_axis',(1.,0.,0.));
#8818=DIRECTION('',(-0.956826382921243,0.290660064243181,0.));
#8819=DIRECTION('center_axis',(0.,0.,1.));
#8820=DIRECTION('ref_axis',(1.,0.,0.));
#8821=DIRECTION('',(0.0239739648122727,0.999712583201382,0.));
#8822=DIRECTION('',(-0.995141863893439,0.0984513622388904,0.));
#8823=DIRECTION('center_axis',(0.,0.,1.));
#8824=DIRECTION('ref_axis',(1.,0.,0.));
#8825=DIRECTION('',(-0.995223102383782,-0.0976267201210844,0.));
#8826=DIRECTION('center_axis',(0.,0.,1.));
#8827=DIRECTION('ref_axis',(1.,0.,0.));
#8828=DIRECTION('',(-0.360424387314871,0.932788433155504,0.));
#8829=DIRECTION('',(-0.957066905218878,-0.289867105644569,0.));
#8830=DIRECTION('center_axis',(0.,0.,1.));
#8831=DIRECTION('ref_axis',(1.,0.,0.));
#8832=DIRECTION('',(-0.535514115089226,0.84452627699806,0.));
#8833=DIRECTION('',(-0.882106126228278,-0.471050721335336,0.));
#8834=DIRECTION('center_axis',(0.,0.,1.));
#8835=DIRECTION('ref_axis',(1.,0.,0.));
#8836=DIRECTION('',(-0.689951393728532,0.723855699909903,0.));
#8837=DIRECTION('',(-0.773287186057843,-0.634055934345498,0.));
#8838=DIRECTION('center_axis',(0.,0.,1.));
#8839=DIRECTION('ref_axis',(1.,0.,0.));
#8840=DIRECTION('',(-0.634696488666466,-0.772761520311706,0.));
#8841=DIRECTION('center_axis',(0.,0.,1.));
#8842=DIRECTION('ref_axis',(1.,0.,0.));
#8843=DIRECTION('',(-0.914439554871983,0.40472249812128,0.));
#8844=DIRECTION('',(-0.471781502685299,-0.881715494773683,0.));
#8845=DIRECTION('center_axis',(0.,0.,1.));
#8846=DIRECTION('ref_axis',(1.,0.,0.));
#8847=DIRECTION('center_axis',(0.,0.,-1.));
#8848=DIRECTION('ref_axis',(1.,0.,0.));
#8849=DIRECTION('center_axis',(0.623467005431724,-0.333599899787155,0.707106781186547));
#8850=DIRECTION('ref_axis',(0.750075013045006,0.,-0.661352761244355));
#8851=DIRECTION('',(0.647507075384002,-0.286580648993584,-0.706120470564388));
#8852=DIRECTION('center_axis',(-0.40472249812128,-0.914439554871983,0.));
#8853=DIRECTION('ref_axis',(0.914439554871983,-0.40472249812128,0.));
#8854=DIRECTION('',(0.,0.,1.));
#8855=DIRECTION('',(-0.914439554871983,0.40472249812128,0.));
#8856=DIRECTION('center_axis',(0.546424911252435,-0.44879819113135,0.707106781186545));
#8857=DIRECTION('ref_axis',(0.79127188984877,0.,-0.611464468579456));
#8858=DIRECTION('center_axis',(0.448345250827273,-0.546796613066163,0.707106781186549));
#8859=DIRECTION('ref_axis',(0.844543108720858,0.,-0.535487569895053));
#8860=DIRECTION('',(0.488548867697244,-0.512556226107606,-0.706120470564386));
#8861=DIRECTION('center_axis',(-0.723855699909903,-0.689951393728532,0.));
#8862=DIRECTION('ref_axis',(0.689951393728532,-0.723855699909903,0.));
#8863=DIRECTION('',(0.,0.,1.));
#8864=DIRECTION('',(-0.689951393728532,0.723855699909903,0.));
#8865=DIRECTION('center_axis',(0.333083159339032,-0.623743223582214,0.707106781186545));
#8866=DIRECTION('ref_axis',(0.904657444061733,0.,-0.426139541586664));
#8867=DIRECTION('',(0.379193109747772,-0.598002062345724,-0.70612047056439));
#8868=DIRECTION('center_axis',(-0.84452627699806,-0.535514115089226,0.));
#8869=DIRECTION('ref_axis',(0.535514115089226,-0.84452627699806,0.));
#8870=DIRECTION('',(-0.527802693429677,0.832365069588213,-0.169093783853184));
#8871=DIRECTION('',(0.,0.,1.));
#8872=DIRECTION('',(-0.535514115089226,0.84452627699806,0.));
#8873=DIRECTION('',(0.,0.,1.));
#8874=DIRECTION('',(0.527802693429677,-0.832365069588213,-0.169093783853184));
#8875=DIRECTION('center_axis',(0.204966996044191,-0.676748498729489,0.707106781186549));
#8876=DIRECTION('ref_axis',(0.960463275684223,0.,-0.278406709800486));
#8877=DIRECTION('',(0.255213523610093,-0.660499764130504,-0.706120470564386));
#8878=DIRECTION('center_axis',(-0.932788433155504,-0.360424387314871,0.));
#8879=DIRECTION('ref_axis',(0.360424387314871,-0.932788433155504,0.));
#8880=DIRECTION('',(0.,0.,1.));
#8881=DIRECTION('',(-0.360424387314871,0.932788433155504,0.));
#8882=DIRECTION('center_axis',(0.0690325158226201,-0.703729004489087,0.707106781186547));
#8883=DIRECTION('ref_axis',(0.995268308254485,0.,-0.0971647805753461));
#8884=DIRECTION('center_axis',(-0.0696156258561729,-0.703671560201674,0.707106781186544));
#8885=DIRECTION('ref_axis',(0.995188612914591,0.,0.0979776746260742));
#8886=DIRECTION('',(-0.0169757659303428,-0.707888200509799,-0.706120470564391));
#8887=DIRECTION('center_axis',(-0.999712583201382,0.0239739648122727,0.));
#8888=DIRECTION('ref_axis',(-0.0239739648122727,-0.999712583201382,0.));
#8889=DIRECTION('',(0.,0.,1.));
#8890=DIRECTION('',(0.0239739648122727,0.999712583201382,0.));
#8891=DIRECTION('center_axis',(-0.205527702446472,-0.676578423781811,0.707106781186544));
#8892=DIRECTION('ref_axis',(0.96025940862067,0.,0.279109061399806));
#8893=DIRECTION('center_axis',(-0.333599899787153,-0.623467005431721,0.70710678118655));
#8894=DIRECTION('ref_axis',(0.904402490702202,0.,0.426680366095809));
#8895=DIRECTION('',(-0.286580648993585,-0.647507075384005,-0.706120470564385));
#8896=DIRECTION('center_axis',(-0.914439554871983,0.40472249812128,0.));
#8897=DIRECTION('ref_axis',(-0.40472249812128,-0.914439554871983,0.));
#8898=DIRECTION('',(0.,0.,1.));
#8899=DIRECTION('',(0.40472249812128,0.914439554871983,0.));
#8900=DIRECTION('center_axis',(-0.448798191131349,-0.546424911252434,0.707106781186547));
#8901=DIRECTION('ref_axis',(0.844298439373712,0.,0.535873254857074));
#8902=DIRECTION('center_axis',(-0.546796613066165,-0.448345250827274,0.707106781186547));
#8903=DIRECTION('ref_axis',(0.791070649822888,0.,0.611724796774492));
#8904=DIRECTION('',(-0.512556226107604,-0.488548867697242,-0.706120470564388));
#8905=DIRECTION('center_axis',(-0.689951393728532,0.723855699909903,0.));
#8906=DIRECTION('ref_axis',(-0.723855699909903,-0.689951393728532,0.));
#8907=DIRECTION('',(0.,0.,1.));
#8908=DIRECTION('',(0.723855699909903,0.689951393728532,0.));
#8909=DIRECTION('center_axis',(-0.623743223582214,-0.333083159339032,0.707106781186545));
#8910=DIRECTION('ref_axis',(0.74992967486049,0.,0.661517560434823));
#8911=DIRECTION('center_axis',(-0.676748498729489,-0.204966996044191,0.70710678118655));
#8912=DIRECTION('ref_axis',(0.722445095994326,0.,0.691428292213841));
#8913=DIRECTION('',(-0.660499764130504,-0.255213523610093,-0.706120470564386));
#8914=DIRECTION('center_axis',(-0.360424387314871,0.932788433155504,0.));
#8915=DIRECTION('ref_axis',(-0.932788433155504,-0.360424387314871,0.));
#8916=DIRECTION('',(0.,0.,1.));
#8917=DIRECTION('',(0.932788433155504,0.360424387314871,0.));
#8918=DIRECTION('center_axis',(-0.703729004489087,-0.0690325158226201,0.707106781186547));
#8919=DIRECTION('ref_axis',(0.708797681592158,0.,0.705411827636581));
#8920=DIRECTION('center_axis',(-0.703671560201674,0.0696156258561729,0.707106781186544));
#8921=DIRECTION('ref_axis',(0.70882647266797,0.,0.705382897187821));
#8922=DIRECTION('',(-0.707888200509799,0.0169757659303428,-0.706120470564391));
#8923=DIRECTION('center_axis',(0.0239739648122727,0.999712583201382,0.));
#8924=DIRECTION('ref_axis',(-0.999712583201382,0.0239739648122727,0.));
#8925=DIRECTION('',(0.,0.,1.));
#8926=DIRECTION('',(0.999712583201382,-0.0239739648122727,0.));
#8927=DIRECTION('center_axis',(-0.676578423781811,0.205527702446472,0.707106781186544));
#8928=DIRECTION('ref_axis',(0.722531899222426,0.,0.691337583678216));
#8929=DIRECTION('center_axis',(-0.623467005431721,0.333599899787153,0.70710678118655));
#8930=DIRECTION('ref_axis',(0.750075013045009,0.,0.661352761244352));
#8931=DIRECTION('',(-0.647507075384005,0.286580648993585,-0.706120470564385));
#8932=DIRECTION('center_axis',(0.40472249812128,0.914439554871983,0.));
#8933=DIRECTION('ref_axis',(-0.914439554871983,0.40472249812128,0.));
#8934=DIRECTION('',(0.,0.,1.));
#8935=DIRECTION('',(0.914439554871983,-0.40472249812128,0.));
#8936=DIRECTION('center_axis',(-0.546424911252434,0.448798191131349,0.707106781186547));
#8937=DIRECTION('ref_axis',(0.791271889848771,0.,0.611464468579454));
#8938=DIRECTION('center_axis',(-0.448345250827274,0.546796613066164,0.707106781186548));
#8939=DIRECTION('ref_axis',(0.844543108720857,0.,0.535487569895054));
#8940=DIRECTION('',(-0.488548867697243,0.512556226107605,-0.706120470564387));
#8941=DIRECTION('center_axis',(0.723855699909903,0.689951393728532,0.));
#8942=DIRECTION('ref_axis',(-0.689951393728532,0.723855699909903,0.));
#8943=DIRECTION('',(0.,0.,1.));
#8944=DIRECTION('',(0.689951393728532,-0.723855699909903,0.));
#8945=DIRECTION('center_axis',(-0.333083159339032,0.623743223582214,0.707106781186545));
#8946=DIRECTION('ref_axis',(0.904657444061733,0.,0.426139541586664));
#8947=DIRECTION('center_axis',(-0.204966996044192,0.676748498729492,0.707106781186547));
#8948=DIRECTION('ref_axis',(0.960463275684223,0.,0.278406709800488));
#8949=DIRECTION('',(-0.255213523610092,0.660499764130501,-0.706120470564388));
#8950=DIRECTION('center_axis',(0.932788433155504,0.360424387314871,0.));
#8951=DIRECTION('ref_axis',(-0.360424387314871,0.932788433155504,0.));
#8952=DIRECTION('',(0.,0.,1.));
#8953=DIRECTION('',(0.360424387314871,-0.932788433155504,0.));
#8954=DIRECTION('center_axis',(-0.0690325158226201,0.703729004489087,0.707106781186547));
#8955=DIRECTION('ref_axis',(0.995268308254485,0.,0.0971647805753461));
#8956=DIRECTION('center_axis',(0.0696156258561729,0.70367156020167,0.707106781186548));
#8957=DIRECTION('ref_axis',(0.995188612914591,0.,-0.0979776746260736));
#8958=DIRECTION('',(0.0169757659303432,0.707888200509803,-0.706120470564387));
#8959=DIRECTION('center_axis',(0.999712583201382,-0.0239739648122733,0.));
#8960=DIRECTION('ref_axis',(0.0239739648122733,0.999712583201382,0.));
#8961=DIRECTION('',(0.,0.,1.));
#8962=DIRECTION('',(-0.0239739648122733,-0.999712583201382,0.));
#8963=DIRECTION('center_axis',(0.205527702446471,0.676578423781808,0.707106781186547));
#8964=DIRECTION('ref_axis',(0.960259408620671,0.,-0.279109061399804));
#8965=DIRECTION('center_axis',(0.333599899787154,0.623467005431721,0.70710678118655));
#8966=DIRECTION('ref_axis',(0.904402490702202,0.,-0.426680366095809));
#8967=DIRECTION('',(0.286580648993585,0.647507075384005,-0.706120470564385));
#8968=DIRECTION('center_axis',(0.914439554871983,-0.40472249812128,0.));
#8969=DIRECTION('ref_axis',(0.40472249812128,0.914439554871983,0.));
#8970=DIRECTION('',(0.,0.,1.));
#8971=DIRECTION('',(-0.40472249812128,-0.914439554871983,0.));
#8972=DIRECTION('center_axis',(0.448798191131351,0.546424911252435,0.707106781186545));
#8973=DIRECTION('ref_axis',(0.844298439373711,0.,-0.535873254857076));
#8974=DIRECTION('center_axis',(0.546796613066163,0.448345250827273,0.707106781186549));
#8975=DIRECTION('ref_axis',(0.79107064982289,0.,-0.611724796774489));
#8976=DIRECTION('',(0.512556226107605,0.488548867697244,-0.706120470564386));
#8977=DIRECTION('center_axis',(0.689951393728532,-0.723855699909903,0.));
#8978=DIRECTION('ref_axis',(0.723855699909903,0.689951393728532,0.));
#8979=DIRECTION('',(0.,0.,1.));
#8980=DIRECTION('',(-0.723855699909903,-0.689951393728532,0.));
#8981=DIRECTION('center_axis',(0.623743223582215,0.333083159339033,0.707106781186544));
#8982=DIRECTION('ref_axis',(0.749929674860489,0.,-0.661517560434825));
#8983=DIRECTION('center_axis',(0.676748498729491,0.204966996044192,0.707106781186548));
#8984=DIRECTION('ref_axis',(0.722445095994325,0.,-0.691428292213842));
#8985=DIRECTION('',(0.660499764130503,0.255213523610092,-0.706120470564387));
#8986=DIRECTION('center_axis',(0.360424387314871,-0.932788433155504,0.));
#8987=DIRECTION('ref_axis',(0.932788433155504,0.360424387314871,0.));
#8988=DIRECTION('',(0.,0.,1.));
#8989=DIRECTION('',(-0.932788433155504,-0.360424387314871,0.));
#8990=DIRECTION('center_axis',(0.703729004489083,0.0690325158226196,0.707106781186551));
#8991=DIRECTION('ref_axis',(0.708797681592162,0.,-0.705411827636577));
#8992=DIRECTION('center_axis',(0.70367156020167,-0.0696156258561729,0.707106781186548));
#8993=DIRECTION('ref_axis',(0.708826472667974,0.,-0.705382897187817));
#8994=DIRECTION('',(0.707888200509803,-0.0169757659303432,-0.706120470564387));
#8995=DIRECTION('center_axis',(-0.0239739648122732,-0.999712583201382,0.));
#8996=DIRECTION('ref_axis',(0.999712583201382,-0.0239739648122732,0.));
#8997=DIRECTION('',(0.,0.,1.));
#8998=DIRECTION('',(-0.999712583201382,0.0239739648122732,0.));
#8999=DIRECTION('center_axis',(0.,0.,1.));
#9000=DIRECTION('ref_axis',(1.,0.,0.));
#9001=DIRECTION('center_axis',(0.653281482438188,0.270598050073099,0.707106781186548));
#9002=DIRECTION('ref_axis',(0.653281482438188,0.270598050073098,-0.707106781186548));
#9003=DIRECTION('center_axis',(-0.653281482438188,-0.270598050073098,0.707106781186548));
#9004=DIRECTION('ref_axis',(0.653281482438188,0.270598050073098,0.707106781186548));
#9005=DIRECTION('center_axis',(0.,0.,1.));
#9006=DIRECTION('ref_axis',(1.,0.,0.));
#9007=DIRECTION('center_axis',(-0.653281482438188,-0.270598050073098,-0.707106781186548));
#9008=DIRECTION('ref_axis',(0.653281482438188,0.270598050073098,-0.707106781186548));
#9009=DIRECTION('center_axis',(0.653281482438189,0.270598050073099,-0.707106781186547));
#9010=DIRECTION('ref_axis',(0.653281482438188,0.270598050073098,0.707106781186548));
#9011=DIRECTION('center_axis',(0.,0.,1.));
#9012=DIRECTION('ref_axis',(1.,0.,0.));
#9013=DIRECTION('center_axis',(0.,0.,1.));
#9014=DIRECTION('ref_axis',(1.,0.,0.));
#9015=DIRECTION('center_axis',(0.,0.,1.));
#9016=DIRECTION('ref_axis',(1.,0.,0.));
#9017=DIRECTION('center_axis',(0.,0.,1.));
#9018=DIRECTION('ref_axis',(1.,0.,0.));
#9019=DIRECTION('center_axis',(0.5,0.5,0.707106781186547));
#9020=DIRECTION('ref_axis',(0.5,0.5,-0.707106781186547));
#9021=DIRECTION('center_axis',(-0.5,-0.5,0.707106781186548));
#9022=DIRECTION('ref_axis',(0.5,0.5,0.707106781186548));
#9023=DIRECTION('center_axis',(0.,0.,1.));
#9024=DIRECTION('ref_axis',(1.,0.,0.));
#9025=DIRECTION('center_axis',(-0.5,-0.5,-0.707106781186548));
#9026=DIRECTION('ref_axis',(0.5,0.5,-0.707106781186547));
#9027=DIRECTION('center_axis',(0.5,0.5,-0.707106781186547));
#9028=DIRECTION('ref_axis',(0.5,0.5,0.707106781186548));
#9029=DIRECTION('center_axis',(0.,0.,1.));
#9030=DIRECTION('ref_axis',(1.,0.,0.));
#9031=DIRECTION('center_axis',(0.,0.,1.));
#9032=DIRECTION('ref_axis',(1.,0.,0.));
#9033=DIRECTION('center_axis',(0.,0.,1.));
#9034=DIRECTION('ref_axis',(1.,0.,0.));
#9035=DIRECTION('center_axis',(0.,0.,1.));
#9036=DIRECTION('ref_axis',(1.,0.,0.));
#9037=DIRECTION('center_axis',(0.270598050073099,0.653281482438188,0.707106781186548));
#9038=DIRECTION('ref_axis',(0.270598050073099,0.653281482438188,-0.707106781186548));
#9039=DIRECTION('center_axis',(-0.270598050073099,-0.653281482438188,0.707106781186548));
#9040=DIRECTION('ref_axis',(0.270598050073099,0.653281482438188,0.707106781186548));
#9041=DIRECTION('center_axis',(0.,0.,1.));
#9042=DIRECTION('ref_axis',(1.,0.,0.));
#9043=DIRECTION('center_axis',(-0.270598050073099,-0.653281482438188,-0.707106781186548));
#9044=DIRECTION('ref_axis',(0.270598050073099,0.653281482438188,-0.707106781186548));
#9045=DIRECTION('center_axis',(0.270598050073099,0.653281482438188,-0.707106781186547));
#9046=DIRECTION('ref_axis',(0.270598050073099,0.653281482438188,0.707106781186548));
#9047=DIRECTION('center_axis',(0.,0.,1.));
#9048=DIRECTION('ref_axis',(1.,0.,0.));
#9049=DIRECTION('center_axis',(0.,0.,1.));
#9050=DIRECTION('ref_axis',(1.,0.,0.));
#9051=DIRECTION('center_axis',(0.,0.,1.));
#9052=DIRECTION('ref_axis',(1.,0.,0.));
#9053=DIRECTION('center_axis',(0.,0.,1.));
#9054=DIRECTION('ref_axis',(-0.999999914170707,0.000414317002659809,0.));
#9055=DIRECTION('center_axis',(1.38777878078145E-16,0.707106781186548,0.707106781186548));
#9056=DIRECTION('ref_axis',(0.,0.707106781186548,-0.707106781186548));
#9057=DIRECTION('center_axis',(-1.66533453693773E-16,-0.707106781186547,
0.707106781186548));
#9058=DIRECTION('ref_axis',(0.,0.707106781186548,0.707106781186548));
#9059=DIRECTION('center_axis',(0.,0.,1.));
#9060=DIRECTION('ref_axis',(-0.999999914170707,0.000414317002659809,0.));
#9061=DIRECTION('center_axis',(-1.38777878078145E-16,-0.707106781186547,
-0.707106781186548));
#9062=DIRECTION('ref_axis',(0.,0.707106781186548,-0.707106781186548));
#9063=DIRECTION('center_axis',(1.66533453693773E-16,0.707106781186548,-0.707106781186547));
#9064=DIRECTION('ref_axis',(0.,0.707106781186547,0.707106781186548));
#9065=DIRECTION('center_axis',(0.,0.,1.));
#9066=DIRECTION('ref_axis',(1.,0.,0.));
#9067=DIRECTION('center_axis',(0.,0.,1.));
#9068=DIRECTION('ref_axis',(1.,0.,0.));
#9069=DIRECTION('center_axis',(0.,0.,1.));
#9070=DIRECTION('ref_axis',(1.,0.,0.));
#9071=DIRECTION('center_axis',(0.,0.,1.));
#9072=DIRECTION('ref_axis',(1.,0.,0.));
#9073=DIRECTION('center_axis',(-0.270598050073099,0.653281482438188,0.707106781186548));
#9074=DIRECTION('ref_axis',(0.270598050073099,-0.653281482438188,0.707106781186548));
#9075=DIRECTION('center_axis',(0.270598050073099,-0.653281482438188,0.707106781186548));
#9076=DIRECTION('ref_axis',(0.270598050073099,-0.653281482438188,-0.707106781186548));
#9077=DIRECTION('center_axis',(0.,0.,1.));
#9078=DIRECTION('ref_axis',(1.,0.,0.));
#9079=DIRECTION('center_axis',(0.270598050073099,-0.653281482438188,-0.707106781186548));
#9080=DIRECTION('ref_axis',(0.270598050073099,-0.653281482438188,0.707106781186548));
#9081=DIRECTION('center_axis',(-0.270598050073099,0.653281482438188,-0.707106781186547));
#9082=DIRECTION('ref_axis',(0.270598050073099,-0.653281482438188,-0.707106781186548));
#9083=DIRECTION('center_axis',(0.,0.,1.));
#9084=DIRECTION('ref_axis',(1.,0.,0.));
#9085=DIRECTION('center_axis',(0.,0.,1.));
#9086=DIRECTION('ref_axis',(1.,0.,0.));
#9087=DIRECTION('center_axis',(0.,0.,1.));
#9088=DIRECTION('ref_axis',(1.,0.,0.));
#9089=DIRECTION('center_axis',(0.,0.,1.));
#9090=DIRECTION('ref_axis',(1.,0.,0.));
#9091=DIRECTION('center_axis',(-0.5,0.5,0.707106781186548));
#9092=DIRECTION('ref_axis',(0.5,-0.5,0.707106781186548));
#9093=DIRECTION('center_axis',(0.5,-0.5,0.707106781186548));
#9094=DIRECTION('ref_axis',(0.5,-0.5,-0.707106781186547));
#9095=DIRECTION('center_axis',(0.,0.,1.));
#9096=DIRECTION('ref_axis',(1.,0.,0.));
#9097=DIRECTION('center_axis',(0.5,-0.5,-0.707106781186548));
#9098=DIRECTION('ref_axis',(0.5,-0.5,0.707106781186548));
#9099=DIRECTION('center_axis',(-0.5,0.5,-0.707106781186547));
#9100=DIRECTION('ref_axis',(0.5,-0.5,-0.707106781186548));
#9101=DIRECTION('center_axis',(0.,0.,1.));
#9102=DIRECTION('ref_axis',(1.,0.,0.));
#9103=DIRECTION('center_axis',(0.,0.,1.));
#9104=DIRECTION('ref_axis',(1.,0.,0.));
#9105=DIRECTION('center_axis',(0.,0.,1.));
#9106=DIRECTION('ref_axis',(1.,0.,0.));
#9107=DIRECTION('center_axis',(0.,0.,1.));
#9108=DIRECTION('ref_axis',(1.,0.,0.));
#9109=DIRECTION('center_axis',(-0.653281482438188,0.270598050073099,0.707106781186548));
#9110=DIRECTION('ref_axis',(0.653281482438188,-0.270598050073099,0.707106781186548));
#9111=DIRECTION('center_axis',(0.653281482438188,-0.270598050073099,0.707106781186548));
#9112=DIRECTION('ref_axis',(0.653281482438188,-0.270598050073099,-0.707106781186548));
#9113=DIRECTION('center_axis',(0.,0.,1.));
#9114=DIRECTION('ref_axis',(1.,0.,0.));
#9115=DIRECTION('center_axis',(0.653281482438188,-0.270598050073099,-0.707106781186548));
#9116=DIRECTION('ref_axis',(0.653281482438188,-0.270598050073099,0.707106781186548));
#9117=DIRECTION('center_axis',(-0.653281482438188,0.270598050073099,-0.707106781186547));
#9118=DIRECTION('ref_axis',(0.653281482438188,-0.270598050073099,-0.707106781186548));
#9119=DIRECTION('center_axis',(0.,0.,1.));
#9120=DIRECTION('ref_axis',(1.,0.,0.));
#9121=DIRECTION('center_axis',(0.,0.,1.));
#9122=DIRECTION('ref_axis',(1.,0.,0.));
#9123=DIRECTION('center_axis',(0.,0.,1.));
#9124=DIRECTION('ref_axis',(1.,0.,0.));
#9125=DIRECTION('center_axis',(0.,0.,1.));
#9126=DIRECTION('ref_axis',(1.,0.,0.));
#9127=DIRECTION('center_axis',(-0.707106781186548,0.,0.707106781186547));
#9128=DIRECTION('ref_axis',(0.707106781186547,0.,0.707106781186548));
#9129=DIRECTION('center_axis',(0.707106781186547,0.,0.707106781186548));
#9130=DIRECTION('ref_axis',(0.707106781186548,0.,-0.707106781186548));
#9131=DIRECTION('center_axis',(0.,0.,1.));
#9132=DIRECTION('ref_axis',(1.,0.,0.));
#9133=DIRECTION('center_axis',(0.707106781186548,0.,-0.707106781186548));
#9134=DIRECTION('ref_axis',(0.707106781186547,0.,0.707106781186548));
#9135=DIRECTION('center_axis',(-0.707106781186548,0.,-0.707106781186547));
#9136=DIRECTION('ref_axis',(0.707106781186547,0.,-0.707106781186548));
#9137=DIRECTION('center_axis',(0.,0.,1.));
#9138=DIRECTION('ref_axis',(1.,0.,0.));
#9139=DIRECTION('center_axis',(0.,0.,1.));
#9140=DIRECTION('ref_axis',(1.,0.,0.));
#9141=DIRECTION('center_axis',(0.,0.,1.));
#9142=DIRECTION('ref_axis',(1.,0.,0.));
#9143=DIRECTION('center_axis',(0.,0.,1.));
#9144=DIRECTION('ref_axis',(1.,0.,0.));
#9145=DIRECTION('center_axis',(-0.653281482438188,-0.270598050073099,0.707106781186548));
#9146=DIRECTION('ref_axis',(0.653281482438188,0.270598050073098,0.707106781186548));
#9147=DIRECTION('center_axis',(0.653281482438188,0.270598050073099,0.707106781186548));
#9148=DIRECTION('ref_axis',(0.653281482438188,0.270598050073098,-0.707106781186548));
#9149=DIRECTION('center_axis',(0.,0.,1.));
#9150=DIRECTION('ref_axis',(1.,0.,0.));
#9151=DIRECTION('center_axis',(0.653281482438188,0.270598050073099,-0.707106781186548));
#9152=DIRECTION('ref_axis',(0.653281482438188,0.270598050073098,0.707106781186548));
#9153=DIRECTION('center_axis',(-0.653281482438189,-0.270598050073099,-0.707106781186547));
#9154=DIRECTION('ref_axis',(0.653281482438188,0.270598050073098,-0.707106781186548));
#9155=DIRECTION('center_axis',(0.,0.,1.));
#9156=DIRECTION('ref_axis',(1.,0.,0.));
#9157=DIRECTION('center_axis',(0.,0.,1.));
#9158=DIRECTION('ref_axis',(1.,0.,0.));
#9159=DIRECTION('center_axis',(0.,0.,1.));
#9160=DIRECTION('ref_axis',(1.,0.,0.));
#9161=DIRECTION('center_axis',(0.,0.,1.));
#9162=DIRECTION('ref_axis',(1.,0.,0.));
#9163=DIRECTION('center_axis',(-0.5,-0.5,0.707106781186548));
#9164=DIRECTION('ref_axis',(0.5,0.5,0.707106781186547));
#9165=DIRECTION('center_axis',(0.5,0.5,0.707106781186548));
#9166=DIRECTION('ref_axis',(0.5,0.5,-0.707106781186548));
#9167=DIRECTION('center_axis',(0.,0.,1.));
#9168=DIRECTION('ref_axis',(1.,0.,0.));
#9169=DIRECTION('center_axis',(0.5,0.5,-0.707106781186548));
#9170=DIRECTION('ref_axis',(0.5,0.5,0.707106781186548));
#9171=DIRECTION('center_axis',(-0.5,-0.5,-0.707106781186547));
#9172=DIRECTION('ref_axis',(0.5,0.5,-0.707106781186548));
#9173=DIRECTION('center_axis',(0.,0.,1.));
#9174=DIRECTION('ref_axis',(1.,0.,0.));
#9175=DIRECTION('center_axis',(0.,0.,1.));
#9176=DIRECTION('ref_axis',(1.,0.,0.));
#9177=DIRECTION('center_axis',(0.,0.,1.));
#9178=DIRECTION('ref_axis',(1.,0.,0.));
#9179=DIRECTION('center_axis',(0.,0.,1.));
#9180=DIRECTION('ref_axis',(1.,0.,0.));
#9181=DIRECTION('center_axis',(-0.270598050073099,-0.653281482438188,0.707106781186547));
#9182=DIRECTION('ref_axis',(0.270598050073098,0.653281482438188,0.707106781186548));
#9183=DIRECTION('center_axis',(0.270598050073099,0.653281482438188,0.707106781186548));
#9184=DIRECTION('ref_axis',(0.270598050073099,0.653281482438188,-0.707106781186548));
#9185=DIRECTION('center_axis',(0.,0.,1.));
#9186=DIRECTION('ref_axis',(1.,0.,0.));
#9187=DIRECTION('center_axis',(0.270598050073099,0.653281482438188,-0.707106781186548));
#9188=DIRECTION('ref_axis',(0.270598050073098,0.653281482438188,0.707106781186548));
#9189=DIRECTION('center_axis',(-0.270598050073099,-0.653281482438189,-0.707106781186547));
#9190=DIRECTION('ref_axis',(0.270598050073099,0.653281482438188,-0.707106781186548));
#9191=DIRECTION('center_axis',(0.,0.,1.));
#9192=DIRECTION('ref_axis',(1.,0.,0.));
#9193=DIRECTION('center_axis',(0.,0.,1.));
#9194=DIRECTION('ref_axis',(1.,0.,0.));
#9195=DIRECTION('center_axis',(0.,0.,1.));
#9196=DIRECTION('ref_axis',(1.,0.,0.));
#9197=DIRECTION('center_axis',(0.,0.,1.));
#9198=DIRECTION('ref_axis',(1.,0.,0.));
#9199=DIRECTION('center_axis',(-5.55111512312578E-17,-0.707106781186548,
0.707106781186548));
#9200=DIRECTION('ref_axis',(0.,0.707106781186548,0.707106781186548));
#9201=DIRECTION('center_axis',(2.77555756156289E-17,0.707106781186547,0.707106781186548));
#9202=DIRECTION('ref_axis',(0.,0.707106781186548,-0.707106781186547));
#9203=DIRECTION('center_axis',(0.,0.,1.));
#9204=DIRECTION('ref_axis',(1.,0.,0.));
#9205=DIRECTION('center_axis',(5.55111512312578E-17,0.707106781186547,-0.707106781186548));
#9206=DIRECTION('ref_axis',(0.,0.707106781186548,0.707106781186548));
#9207=DIRECTION('center_axis',(0.,-0.707106781186548,-0.707106781186547));
#9208=DIRECTION('ref_axis',(0.,0.707106781186547,-0.707106781186548));
#9209=DIRECTION('center_axis',(0.,0.,1.));
#9210=DIRECTION('ref_axis',(1.,0.,0.));
#9211=DIRECTION('center_axis',(0.,0.,1.));
#9212=DIRECTION('ref_axis',(1.,0.,0.));
#9213=DIRECTION('center_axis',(0.,0.,1.));
#9214=DIRECTION('ref_axis',(1.,0.,0.));
#9215=DIRECTION('center_axis',(0.,0.,1.));
#9216=DIRECTION('ref_axis',(1.,0.,0.));
#9217=DIRECTION('center_axis',(0.270598050073099,-0.653281482438188,0.707106781186548));
#9218=DIRECTION('ref_axis',(0.270598050073098,-0.653281482438188,-0.707106781186547));
#9219=DIRECTION('center_axis',(-0.270598050073098,0.653281482438188,0.707106781186548));
#9220=DIRECTION('ref_axis',(0.270598050073098,-0.653281482438188,0.707106781186548));
#9221=DIRECTION('center_axis',(0.,0.,1.));
#9222=DIRECTION('ref_axis',(1.,0.,0.));
#9223=DIRECTION('center_axis',(-0.270598050073098,0.653281482438188,-0.707106781186548));
#9224=DIRECTION('ref_axis',(0.270598050073098,-0.653281482438188,-0.707106781186548));
#9225=DIRECTION('center_axis',(0.270598050073099,-0.653281482438189,-0.707106781186547));
#9226=DIRECTION('ref_axis',(0.270598050073098,-0.653281482438188,0.707106781186548));
#9227=DIRECTION('center_axis',(0.,0.,1.));
#9228=DIRECTION('ref_axis',(1.,0.,0.));
#9229=DIRECTION('center_axis',(0.,0.,1.));
#9230=DIRECTION('ref_axis',(1.,0.,0.));
#9231=DIRECTION('center_axis',(0.,0.,1.));
#9232=DIRECTION('ref_axis',(1.,0.,0.));
#9233=DIRECTION('center_axis',(0.,0.,1.));
#9234=DIRECTION('ref_axis',(1.,0.,0.));
#9235=DIRECTION('center_axis',(0.5,-0.5,0.707106781186548));
#9236=DIRECTION('ref_axis',(0.5,-0.5,-0.707106781186548));
#9237=DIRECTION('center_axis',(-0.5,0.5,0.707106781186548));
#9238=DIRECTION('ref_axis',(0.5,-0.5,0.707106781186548));
#9239=DIRECTION('center_axis',(0.,0.,1.));
#9240=DIRECTION('ref_axis',(1.,0.,0.));
#9241=DIRECTION('center_axis',(-0.5,0.5,-0.707106781186548));
#9242=DIRECTION('ref_axis',(0.5,-0.5,-0.707106781186548));
#9243=DIRECTION('center_axis',(0.5,-0.5,-0.707106781186547));
#9244=DIRECTION('ref_axis',(0.5,-0.5,0.707106781186548));
#9245=DIRECTION('center_axis',(0.,0.,1.));
#9246=DIRECTION('ref_axis',(1.,0.,0.));
#9247=DIRECTION('center_axis',(0.,0.,1.));
#9248=DIRECTION('ref_axis',(1.,0.,0.));
#9249=DIRECTION('center_axis',(0.,0.,1.));
#9250=DIRECTION('ref_axis',(1.,0.,0.));
#9251=DIRECTION('center_axis',(0.,0.,1.));
#9252=DIRECTION('ref_axis',(1.,0.,0.));
#9253=DIRECTION('center_axis',(0.653281482438188,-0.270598050073099,0.707106781186547));
#9254=DIRECTION('ref_axis',(0.653281482438188,-0.270598050073098,-0.707106781186548));
#9255=DIRECTION('center_axis',(-0.653281482438188,0.270598050073099,0.707106781186548));
#9256=DIRECTION('ref_axis',(0.653281482438188,-0.270598050073099,0.707106781186548));
#9257=DIRECTION('center_axis',(0.,0.,1.));
#9258=DIRECTION('ref_axis',(1.,0.,0.));
#9259=DIRECTION('center_axis',(0.,0.,1.));
#9260=DIRECTION('ref_axis',(1.,0.,0.));
#9261=DIRECTION('center_axis',(0.,0.,1.));
#9262=DIRECTION('ref_axis',(1.,0.,0.));
#9263=DIRECTION('center_axis',(-0.653281482438188,0.270598050073099,-0.707106781186548));
#9264=DIRECTION('ref_axis',(0.653281482438188,-0.270598050073098,-0.707106781186548));
#9265=DIRECTION('center_axis',(0.653281482438189,-0.270598050073099,-0.707106781186547));
#9266=DIRECTION('ref_axis',(0.653281482438188,-0.270598050073099,0.707106781186548));
#9267=DIRECTION('center_axis',(0.,0.,1.));
#9268=DIRECTION('ref_axis',(1.,0.,0.));
#9269=DIRECTION('center_axis',(0.,0.,1.));
#9270=DIRECTION('ref_axis',(1.,0.,0.));
#9271=DIRECTION('center_axis',(0.,0.,1.));
#9272=DIRECTION('ref_axis',(1.,0.,0.));
#9273=DIRECTION('center_axis',(-0.707106781186548,1.11022302462516E-16,
-0.707106781186548));
#9274=DIRECTION('ref_axis',(0.707106781186547,0.,-0.707106781186548));
#9275=DIRECTION('center_axis',(0.707106781186548,-5.55111512312578E-17,
-0.707106781186547));
#9276=DIRECTION('ref_axis',(0.707106781186547,0.,0.707106781186548));
#9277=DIRECTION('center_axis',(0.,0.,1.));
#9278=DIRECTION('ref_axis',(1.,0.,0.));
#9279=DIRECTION('center_axis',(0.,0.,1.));
#9280=DIRECTION('ref_axis',(1.,0.,0.));
#9281=DIRECTION('center_axis',(0.,0.,1.));
#9282=DIRECTION('ref_axis',(1.,0.,0.));
#9283=DIRECTION('center_axis',(0.707106781186548,-1.11022302462516E-16,
0.707106781186547));
#9284=DIRECTION('ref_axis',(0.707106781186547,0.,-0.707106781186548));
#9285=DIRECTION('center_axis',(-0.707106781186547,8.32667268468867E-17,
0.707106781186548));
#9286=DIRECTION('ref_axis',(0.707106781186548,0.,0.707106781186548));
#9287=DIRECTION('center_axis',(-0.653281482438188,-0.270598050073098,-0.707106781186548));
#9288=DIRECTION('ref_axis',(-0.653281482438188,-0.270598050073098,0.707106781186548));
#9289=DIRECTION('',(-0.38268343236509,0.923879532511287,0.));
#9290=DIRECTION('',(-0.38268343236509,0.923879532511287,0.));
#9291=DIRECTION('center_axis',(0.653281482438189,0.270598050073099,-0.707106781186547));
#9292=DIRECTION('ref_axis',(-0.684304930605897,-0.188591656034908,-0.7043862216302));
#9293=DIRECTION('',(-0.38268343236509,0.923879532511287,0.));
#9294=DIRECTION('center_axis',(0.,0.,1.));
#9295=DIRECTION('ref_axis',(1.,0.,0.));
#9296=DIRECTION('',(0.,0.,-1.));
#9297=DIRECTION('',(0.,0.,-1.));
#9298=DIRECTION('center_axis',(0.,0.,-1.));
#9299=DIRECTION('ref_axis',(1.,0.,0.));
#9300=DIRECTION('center_axis',(0.5,0.5,-0.707106781186547));
#9301=DIRECTION('ref_axis',(-0.56004441713649,-0.436108130641679,-0.7043862216302));
#9302=DIRECTION('',(-0.707106781186547,0.707106781186548,0.));
#9303=DIRECTION('',(-0.707106781186547,0.707106781186548,0.));
#9304=DIRECTION('center_axis',(0.5,0.5,0.707106781186547));
#9305=DIRECTION('ref_axis',(0.5,0.5,-0.707106781186548));
#9306=DIRECTION('',(-0.707106781186547,0.707106781186548,0.));
#9307=DIRECTION('center_axis',(-0.270598050073099,-0.653281482438188,-0.707106781186548));
#9308=DIRECTION('ref_axis',(-0.270598050073099,-0.653281482438188,0.707106781186548));
#9309=DIRECTION('',(-0.923879532511286,0.38268343236509,0.));
#9310=DIRECTION('',(-0.923879532511286,0.38268343236509,0.));
#9311=DIRECTION('center_axis',(0.270598050073099,0.653281482438188,-0.707106781186547));
#9312=DIRECTION('ref_axis',(-0.350522217973336,-0.617231095688303,-0.7043862216302));
#9313=DIRECTION('',(-0.923879532511286,0.38268343236509,0.));
#9314=DIRECTION('center_axis',(1.66533453693773E-16,0.707106781186548,-0.707106781186547));
#9315=DIRECTION('ref_axis',(-0.0876361886155594,-0.7043862216302,-0.7043862216302));
#9316=DIRECTION('',(-1.,1.66533453693774E-16,0.));
#9317=DIRECTION('',(-1.,1.66533453693774E-16,0.));
#9318=DIRECTION('center_axis',(1.38777878078145E-16,0.707106781186548,0.707106781186548));
#9319=DIRECTION('ref_axis',(1.11022302462516E-16,0.707106781186547,-0.707106781186548));
#9320=DIRECTION('',(-1.,1.66533453693774E-16,0.));
#9321=DIRECTION('center_axis',(-0.270598050073099,0.653281482438188,-0.707106781186547));
#9322=DIRECTION('ref_axis',(0.188591656034908,-0.684304930605897,-0.7043862216302));
#9323=DIRECTION('',(-0.923879532511287,-0.38268343236509,0.));
#9324=DIRECTION('',(-0.923879532511287,-0.38268343236509,0.));
#9325=DIRECTION('center_axis',(-0.270598050073099,0.653281482438188,0.707106781186548));
#9326=DIRECTION('ref_axis',(-0.270598050073099,0.653281482438188,-0.707106781186548));
#9327=DIRECTION('',(-0.923879532511287,-0.38268343236509,0.));
#9328=DIRECTION('center_axis',(-0.5,0.5,-0.707106781186547));
#9329=DIRECTION('ref_axis',(0.436108130641679,-0.56004441713649,-0.7043862216302));
#9330=DIRECTION('',(-0.707106781186548,-0.707106781186547,0.));
#9331=DIRECTION('',(-0.707106781186548,-0.707106781186547,0.));
#9332=DIRECTION('center_axis',(-0.5,0.5,0.707106781186548));
#9333=DIRECTION('ref_axis',(-0.5,0.5,-0.707106781186548));
#9334=DIRECTION('',(-0.707106781186548,-0.707106781186547,0.));
#9335=DIRECTION('center_axis',(-0.653281482438188,0.270598050073099,-0.707106781186547));
#9336=DIRECTION('ref_axis',(0.617231095688303,-0.350522217973336,-0.7043862216302));
#9337=DIRECTION('',(-0.38268343236509,-0.923879532511286,0.));
#9338=DIRECTION('',(-0.38268343236509,-0.923879532511286,0.));
#9339=DIRECTION('center_axis',(-0.653281482438188,0.270598050073099,0.707106781186548));
#9340=DIRECTION('ref_axis',(-0.653281482438188,0.270598050073099,-0.707106781186548));
#9341=DIRECTION('',(-0.38268343236509,-0.923879532511286,0.));
#9342=DIRECTION('center_axis',(-0.707106781186548,0.,-0.707106781186547));
#9343=DIRECTION('ref_axis',(0.7043862216302,-0.0876361886155592,-0.7043862216302));
#9344=DIRECTION('',(0.,-1.,0.));
#9345=DIRECTION('',(0.,-1.,0.));
#9346=DIRECTION('center_axis',(-0.707106781186548,0.,0.707106781186547));
#9347=DIRECTION('ref_axis',(-0.707106781186547,-4.32978028117747E-17,-0.707106781186548));
#9348=DIRECTION('',(0.,-1.,0.));
#9349=DIRECTION('center_axis',(-0.653281482438189,-0.270598050073099,-0.707106781186547));
#9350=DIRECTION('ref_axis',(0.684304930605897,0.188591656034908,-0.7043862216302));
#9351=DIRECTION('',(-0.38268343236509,0.923879532511287,0.));
#9352=DIRECTION('',(0.38268343236509,-0.923879532511287,0.));
#9353=DIRECTION('center_axis',(-0.653281482438188,-0.270598050073099,0.707106781186548));
#9354=DIRECTION('ref_axis',(-0.653281482438188,-0.270598050073099,-0.707106781186548));
#9355=DIRECTION('',(0.38268343236509,-0.923879532511287,0.));
#9356=DIRECTION('center_axis',(0.5,0.5,-0.707106781186548));
#9357=DIRECTION('ref_axis',(0.5,0.5,0.707106781186548));
#9358=DIRECTION('',(0.707106781186547,-0.707106781186547,0.));
#9359=DIRECTION('',(0.707106781186547,-0.707106781186547,0.));
#9360=DIRECTION('center_axis',(-0.5,-0.5,-0.707106781186547));
#9361=DIRECTION('ref_axis',(0.56004441713649,0.436108130641679,-0.7043862216302));
#9362=DIRECTION('',(0.707106781186547,-0.707106781186547,0.));
#9363=DIRECTION('center_axis',(0.270598050073099,0.653281482438188,-0.707106781186548));
#9364=DIRECTION('ref_axis',(0.270598050073099,0.653281482438188,0.707106781186547));
#9365=DIRECTION('',(0.923879532511287,-0.38268343236509,0.));
#9366=DIRECTION('',(0.923879532511287,-0.38268343236509,0.));
#9367=DIRECTION('center_axis',(-0.270598050073099,-0.653281482438189,-0.707106781186547));
#9368=DIRECTION('ref_axis',(0.350522217973335,0.617231095688304,-0.7043862216302));
#9369=DIRECTION('',(0.923879532511287,-0.38268343236509,0.));
#9370=DIRECTION('center_axis',(0.,-0.707106781186548,-0.707106781186547));
#9371=DIRECTION('ref_axis',(0.0876361886155592,0.7043862216302,-0.7043862216302));
#9372=DIRECTION('',(1.,-5.55111512312578E-17,0.));
#9373=DIRECTION('',(1.,-5.55111512312578E-17,0.));
#9374=DIRECTION('center_axis',(-5.55111512312578E-17,-0.707106781186548,
0.707106781186548));
#9375=DIRECTION('ref_axis',(2.77555756156289E-17,-0.707106781186547,-0.707106781186548));
#9376=DIRECTION('',(1.,-5.55111512312578E-17,0.));
#9377=DIRECTION('center_axis',(0.270598050073099,-0.653281482438189,-0.707106781186547));
#9378=DIRECTION('ref_axis',(-0.188591656034908,0.684304930605897,-0.7043862216302));
#9379=DIRECTION('',(0.923879532511287,0.38268343236509,0.));
#9380=DIRECTION('',(0.923879532511287,0.38268343236509,0.));
#9381=DIRECTION('center_axis',(0.270598050073099,-0.653281482438188,0.707106781186548));
#9382=DIRECTION('ref_axis',(0.270598050073098,-0.653281482438188,-0.707106781186548));
#9383=DIRECTION('',(0.923879532511287,0.38268343236509,0.));
#9384=DIRECTION('center_axis',(0.5,-0.5,-0.707106781186547));
#9385=DIRECTION('ref_axis',(-0.436108130641679,0.56004441713649,-0.7043862216302));
#9386=DIRECTION('',(0.707106781186547,0.707106781186547,0.));
#9387=DIRECTION('',(0.707106781186547,0.707106781186547,0.));
#9388=DIRECTION('center_axis',(0.5,-0.5,0.707106781186548));
#9389=DIRECTION('ref_axis',(0.5,-0.5,-0.707106781186548));
#9390=DIRECTION('',(0.707106781186547,0.707106781186547,0.));
#9391=DIRECTION('center_axis',(0.653281482438189,-0.270598050073099,-0.707106781186547));
#9392=DIRECTION('ref_axis',(-0.617231095688304,0.350522217973335,-0.7043862216302));
#9393=DIRECTION('',(0.38268343236509,0.923879532511287,0.));
#9394=DIRECTION('',(0.38268343236509,0.923879532511287,0.));
#9395=DIRECTION('center_axis',(0.653281482438188,-0.270598050073099,0.707106781186547));
#9396=DIRECTION('ref_axis',(0.653281482438188,-0.270598050073099,-0.707106781186548));
#9397=DIRECTION('',(0.38268343236509,0.923879532511287,0.));
#9398=DIRECTION('center_axis',(0.707106781186548,-5.55111512312578E-17,
-0.707106781186547));
#9399=DIRECTION('ref_axis',(-0.7043862216302,0.0876361886155593,-0.7043862216302));
#9400=DIRECTION('',(5.55111512312578E-17,1.,0.));
#9401=DIRECTION('',(5.55111512312578E-17,1.,0.));
#9402=DIRECTION('center_axis',(0.707106781186548,-1.11022302462516E-16,
0.707106781186547));
#9403=DIRECTION('ref_axis',(0.707106781186547,-2.77555756156289E-17,-0.707106781186548));
#9404=DIRECTION('',(5.55111512312578E-17,1.,0.));
#9405=DIRECTION('center_axis',(0.653281482438188,-0.270598050073099,0.707106781186548));
#9406=DIRECTION('ref_axis',(-0.684304930605897,0.188591656034908,0.7043862216302));
#9407=DIRECTION('',(-0.38268343236509,-0.923879532511286,0.));
#9408=DIRECTION('center_axis',(0.653281482438188,-0.270598050073099,-0.707106781186548));
#9409=DIRECTION('ref_axis',(0.653281482438188,-0.270598050073099,0.707106781186547));
#9410=DIRECTION('center_axis',(0.5,-0.5,0.707106781186548));
#9411=DIRECTION('ref_axis',(-0.56004441713649,0.43610813064168,0.7043862216302));
#9412=DIRECTION('',(-0.707106781186548,-0.707106781186547,0.));
#9413=DIRECTION('center_axis',(0.5,-0.5,-0.707106781186548));
#9414=DIRECTION('ref_axis',(0.5,-0.5,0.707106781186547));
#9415=DIRECTION('center_axis',(0.270598050073099,-0.653281482438188,0.707106781186548));
#9416=DIRECTION('ref_axis',(-0.350522217973336,0.617231095688304,0.7043862216302));
#9417=DIRECTION('',(-0.923879532511287,-0.38268343236509,0.));
#9418=DIRECTION('center_axis',(0.270598050073099,-0.653281482438188,-0.707106781186548));
#9419=DIRECTION('ref_axis',(0.270598050073099,-0.653281482438188,0.707106781186548));
#9420=DIRECTION('center_axis',(-1.66533453693773E-16,-0.707106781186547,
0.707106781186548));
#9421=DIRECTION('ref_axis',(-0.0876361886155592,0.7043862216302,0.7043862216302));
#9422=DIRECTION('',(-1.,1.66533453693774E-16,0.));
#9423=DIRECTION('center_axis',(-1.38777878078145E-16,-0.707106781186547,
-0.707106781186548));
#9424=DIRECTION('ref_axis',(-1.11022302462516E-16,-0.707106781186547,0.707106781186547));
#9425=DIRECTION('center_axis',(0.270598050073099,0.653281482438188,0.707106781186548));
#9426=DIRECTION('ref_axis',(0.270598050073099,0.653281482438188,-0.707106781186548));
#9427=DIRECTION('',(-0.923879532511286,0.38268343236509,0.));
#9428=DIRECTION('center_axis',(-0.270598050073099,-0.653281482438188,0.707106781186548));
#9429=DIRECTION('ref_axis',(0.188591656034908,0.684304930605897,0.7043862216302));
#9430=DIRECTION('center_axis',(-0.5,-0.5,0.707106781186548));
#9431=DIRECTION('ref_axis',(0.436108130641679,0.56004441713649,0.7043862216302));
#9432=DIRECTION('',(-0.707106781186547,0.707106781186548,0.));
#9433=DIRECTION('center_axis',(-0.5,-0.5,-0.707106781186548));
#9434=DIRECTION('ref_axis',(-0.5,-0.5,0.707106781186547));
#9435=DIRECTION('center_axis',(0.653281482438188,0.270598050073099,0.707106781186548));
#9436=DIRECTION('ref_axis',(0.653281482438188,0.270598050073098,-0.707106781186548));
#9437=DIRECTION('',(-0.38268343236509,0.923879532511287,0.));
#9438=DIRECTION('center_axis',(-0.653281482438188,-0.270598050073098,0.707106781186548));
#9439=DIRECTION('ref_axis',(0.617231095688304,0.350522217973336,0.7043862216302));
#9440=DIRECTION('center_axis',(-0.707106781186547,8.32667268468867E-17,
0.707106781186548));
#9441=DIRECTION('ref_axis',(0.7043862216302,0.0876361886155593,0.7043862216302));
#9442=DIRECTION('',(5.55111512312578E-17,1.,0.));
#9443=DIRECTION('center_axis',(-0.707106781186548,1.11022302462516E-16,
-0.707106781186548));
#9444=DIRECTION('ref_axis',(-0.707106781186547,2.77555756156289E-17,0.707106781186548));
#9445=DIRECTION('center_axis',(-0.653281482438188,0.270598050073099,0.707106781186548));
#9446=DIRECTION('ref_axis',(0.684304930605897,-0.188591656034908,0.7043862216302));
#9447=DIRECTION('',(0.38268343236509,0.923879532511287,0.));
#9448=DIRECTION('center_axis',(-0.653281482438188,0.270598050073099,-0.707106781186548));
#9449=DIRECTION('ref_axis',(-0.653281482438188,0.270598050073099,0.707106781186547));
#9450=DIRECTION('center_axis',(-0.5,0.5,0.707106781186548));
#9451=DIRECTION('ref_axis',(0.56004441713649,-0.43610813064168,0.7043862216302));
#9452=DIRECTION('',(0.707106781186547,0.707106781186547,0.));
#9453=DIRECTION('center_axis',(-0.5,0.5,-0.707106781186548));
#9454=DIRECTION('ref_axis',(-0.5,0.5,0.707106781186548));
#9455=DIRECTION('center_axis',(-0.270598050073098,0.653281482438188,0.707106781186548));
#9456=DIRECTION('ref_axis',(0.350522217973336,-0.617231095688304,0.7043862216302));
#9457=DIRECTION('',(0.923879532511287,0.38268343236509,0.));
#9458=DIRECTION('center_axis',(-0.270598050073098,0.653281482438188,-0.707106781186548));
#9459=DIRECTION('ref_axis',(-0.270598050073098,0.653281482438188,0.707106781186547));
#9460=DIRECTION('center_axis',(2.77555756156289E-17,0.707106781186547,0.707106781186548));
#9461=DIRECTION('ref_axis',(0.0876361886155593,-0.7043862216302,0.7043862216302));
#9462=DIRECTION('',(1.,-5.55111512312578E-17,0.));
#9463=DIRECTION('center_axis',(5.55111512312578E-17,0.707106781186547,-0.707106781186548));
#9464=DIRECTION('ref_axis',(-2.77555756156289E-17,0.707106781186547,0.707106781186548));
#9465=DIRECTION('center_axis',(-0.270598050073099,-0.653281482438188,0.707106781186547));
#9466=DIRECTION('ref_axis',(-0.270598050073099,-0.653281482438188,-0.707106781186548));
#9467=DIRECTION('',(0.923879532511287,-0.38268343236509,0.));
#9468=DIRECTION('center_axis',(0.270598050073099,0.653281482438188,0.707106781186548));
#9469=DIRECTION('ref_axis',(-0.188591656034908,-0.684304930605897,0.7043862216302));
#9470=DIRECTION('center_axis',(-0.5,-0.5,0.707106781186548));
#9471=DIRECTION('ref_axis',(-0.5,-0.5,-0.707106781186548));
#9472=DIRECTION('',(0.707106781186547,-0.707106781186547,0.));
#9473=DIRECTION('center_axis',(0.5,0.5,0.707106781186548));
#9474=DIRECTION('ref_axis',(-0.436108130641679,-0.56004441713649,0.7043862216302));
#9475=DIRECTION('center_axis',(0.653281482438188,0.270598050073099,0.707106781186548));
#9476=DIRECTION('ref_axis',(-0.617231095688304,-0.350522217973336,0.7043862216302));
#9477=DIRECTION('',(0.38268343236509,-0.923879532511287,0.));
#9478=DIRECTION('center_axis',(0.653281482438188,0.270598050073099,-0.707106781186548));
#9479=DIRECTION('ref_axis',(0.653281482438188,0.270598050073099,0.707106781186547));
#9480=DIRECTION('center_axis',(0.707106781186547,0.,0.707106781186548));
#9481=DIRECTION('ref_axis',(-0.7043862216302,-0.0876361886155593,0.7043862216302));
#9482=DIRECTION('',(0.,-1.,0.));
#9483=DIRECTION('center_axis',(0.707106781186548,0.,-0.707106781186548));
#9484=DIRECTION('ref_axis',(0.707106781186547,4.32978028117747E-17,0.707106781186547));
#9485=DIRECTION('center_axis',(0.,0.,1.));
#9486=DIRECTION('ref_axis',(1.,0.,0.));
#9487=DIRECTION('',(0.,0.,1.));
#9488=DIRECTION('',(1.,0.,0.));
#9489=DIRECTION('center_axis',(0.,0.,1.));
#9490=DIRECTION('ref_axis',(1.,0.,0.));
#9491=CARTESIAN_POINT('',(0.,0.,0.));
#9492=CARTESIAN_POINT('',(0.,0.,0.));
#9493=CARTESIAN_POINT('Origin',(-12.628553268048,-30.4880245728725,8.00000011920929));
#9494=CARTESIAN_POINT('',(-13.7542703556788,-30.0217372877806,5.32938021807078));
#9495=CARTESIAN_POINT('',(-13.7542703556788,-30.0217372877806,10.6706200203478));
#9496=CARTESIAN_POINT('',(-13.7542703556788,-30.0217372877806,4.00000005960464));
#9497=CARTESIAN_POINT('',(-16.221601421458,-28.9997352974704,8.00000011920929));
#9498=CARTESIAN_POINT('',(-16.221601421458,-28.9997352974704,8.00000011920929));
#9499=CARTESIAN_POINT('',(-12.628553268048,-30.4880245728725,11.8890874157353));
#9500=CARTESIAN_POINT('Origin',(-12.628553268048,-30.4880245728725,8.00000011920929));
#9501=CARTESIAN_POINT('',(-11.528260600887,-30.9437807181902,10.6981392147614));
#9502=CARTESIAN_POINT('',(-11.528260600887,-30.9437807181902,5.30186102365722));
#9503=CARTESIAN_POINT('',(-11.528260600887,-30.9437807181902,4.00000005960464));
#9504=CARTESIAN_POINT('',(-9.03550511463795,-31.9763138482745,8.00000011920929));
#9505=CARTESIAN_POINT('',(-9.03550511463795,-31.9763138482745,8.00000011920929));
#9506=CARTESIAN_POINT('',(-12.628553268048,-30.4880245728725,4.11091282268328));
#9507=CARTESIAN_POINT('Origin',(-23.3345237791561,-23.3345237791561,8.00000011920929));
#9508=CARTESIAN_POINT('',(-24.1961103370893,-22.4729372212228,5.32938021807078));
#9509=CARTESIAN_POINT('',(-24.1961103370893,-22.4729372212228,10.6706200203478));
#9510=CARTESIAN_POINT('',(-24.1961103370893,-22.4729372212228,4.00000005960464));
#9511=CARTESIAN_POINT('',(-26.0845237791561,-20.5845237791561,8.00000011920929));
#9512=CARTESIAN_POINT('',(-26.0845237791561,-20.5845237791561,8.00000011920929));
#9513=CARTESIAN_POINT('',(-23.3345237791561,-23.3345237791561,11.8890874157353));
#9514=CARTESIAN_POINT('Origin',(-23.3345237791561,-23.3345237791561,8.00000011920929));
#9515=CARTESIAN_POINT('',(-22.4923962302055,-24.1766513281066,10.6981392147614));
#9516=CARTESIAN_POINT('',(-22.4923962302055,-24.1766513281066,5.3018610236572));
#9517=CARTESIAN_POINT('',(-22.4923962302055,-24.1766513281066,4.00000005960464));
#9518=CARTESIAN_POINT('',(-20.5845237791561,-26.0845237791561,8.00000011920929));
#9519=CARTESIAN_POINT('',(-20.5845237791561,-26.0845237791561,8.00000011920929));
#9520=CARTESIAN_POINT('',(-23.3345237791561,-23.3345237791561,4.11091282268328));
#9521=CARTESIAN_POINT('Origin',(-30.4880245728725,-12.628553268048,8.00000011920929));
#9522=CARTESIAN_POINT('',(-30.9543118579643,-11.5028361804171,5.32938021807081));
#9523=CARTESIAN_POINT('',(-30.9543118579643,-11.5028361804171,10.6706200203478));
#9524=CARTESIAN_POINT('',(-30.9543118579643,-11.5028361804171,4.00000005960464));
#9525=CARTESIAN_POINT('',(-31.9763138482745,-9.03550511463794,8.00000011920929));
#9526=CARTESIAN_POINT('',(-31.9763138482745,-9.03550511463794,8.00000011920929));
#9527=CARTESIAN_POINT('',(-30.4880245728725,-12.628553268048,11.8890874157353));
#9528=CARTESIAN_POINT('Origin',(-30.4880245728725,-12.628553268048,8.00000011920929));
#9529=CARTESIAN_POINT('',(-30.0322684275547,-13.7288459352089,10.6981392147614));
#9530=CARTESIAN_POINT('',(-30.0322684275547,-13.7288459352089,5.30186102365719));
#9531=CARTESIAN_POINT('',(-30.0322684275547,-13.7288459352089,4.00000005960464));
#9532=CARTESIAN_POINT('',(-28.9997352974704,-16.221601421458,8.00000011920929));
#9533=CARTESIAN_POINT('',(-28.9997352974704,-16.221601421458,8.00000011920929));
#9534=CARTESIAN_POINT('',(-30.4880245728725,-12.628553268048,4.11091282268328));
#9535=CARTESIAN_POINT('Origin',(-33.,4.44089209850063E-15,8.00000011920929));
#9536=CARTESIAN_POINT('',(-33.,1.21846739538752,5.3293802180708));
#9537=CARTESIAN_POINT('',(-33.,1.21846739538752,10.6706200203478));
#9538=CARTESIAN_POINT('',(-33.,1.21846739538752,4.00000005960464));
#9539=CARTESIAN_POINT('',(-33.,3.88908729652601,8.00000011920929));
#9540=CARTESIAN_POINT('',(-33.,3.88908729652601,8.00000011920929));
#9541=CARTESIAN_POINT('',(-33.,4.44089209850063E-15,11.8890874157353));
#9542=CARTESIAN_POINT('Origin',(-33.,4.44089209850063E-15,8.00000011920929));
#9543=CARTESIAN_POINT('',(-33.,-1.19094820097392,10.6981392147614));
#9544=CARTESIAN_POINT('',(-33.,-1.19094820097392,5.3018610236572));
#9545=CARTESIAN_POINT('',(-33.,-1.19094820097392,4.00000005960464));
#9546=CARTESIAN_POINT('',(-33.,-3.88908729652601,8.00000011920929));
#9547=CARTESIAN_POINT('',(-33.,-3.88908729652601,8.00000011920929));
#9548=CARTESIAN_POINT('',(-33.,6.66133814775094E-15,4.11091282268328));
#9549=CARTESIAN_POINT('Origin',(-30.4880245728725,12.628553268048,8.00000011920929));
#9550=CARTESIAN_POINT('',(-30.0217372877806,13.7542703556788,5.32938021807078));
#9551=CARTESIAN_POINT('',(-30.0217372877806,13.7542703556788,10.6706200203478));
#9552=CARTESIAN_POINT('',(-30.0217372877806,13.7542703556788,4.00000005960464));
#9553=CARTESIAN_POINT('',(-28.9997352974704,16.221601421458,8.00000011920929));
#9554=CARTESIAN_POINT('',(-28.9997352974704,16.221601421458,8.00000011920929));
#9555=CARTESIAN_POINT('',(-30.4880245728725,12.628553268048,11.8890874157353));
#9556=CARTESIAN_POINT('Origin',(-30.4880245728725,12.628553268048,8.00000011920929));
#9557=CARTESIAN_POINT('',(-30.9437807181902,11.528260600887,10.6981392147614));
#9558=CARTESIAN_POINT('',(-30.9437807181902,11.528260600887,5.30186102365722));
#9559=CARTESIAN_POINT('',(-30.9437807181902,11.528260600887,4.00000005960464));
#9560=CARTESIAN_POINT('',(-31.9763138482745,9.03550511463795,8.00000011920929));
#9561=CARTESIAN_POINT('',(-31.9763138482745,9.03550511463795,8.00000011920929));
#9562=CARTESIAN_POINT('',(-30.4880245728725,12.628553268048,4.11091282268328));
#9563=CARTESIAN_POINT('Origin',(-23.3345237791561,23.3345237791561,8.00000011920929));
#9564=CARTESIAN_POINT('',(-22.4729372212228,24.1961103370893,5.32938021807079));
#9565=CARTESIAN_POINT('',(-22.4729372212228,24.1961103370893,10.6706200203478));
#9566=CARTESIAN_POINT('',(-22.4729372212228,24.1961103370893,4.00000005960464));
#9567=CARTESIAN_POINT('',(-20.5845237791561,26.0845237791561,8.00000011920929));
#9568=CARTESIAN_POINT('',(-20.5845237791561,26.0845237791561,8.00000011920929));
#9569=CARTESIAN_POINT('',(-23.3345237791561,23.3345237791561,11.8890874157353));
#9570=CARTESIAN_POINT('Origin',(-23.3345237791561,23.3345237791561,8.00000011920929));
#9571=CARTESIAN_POINT('',(-24.1766513281066,22.4923962302055,10.6981392147614));
#9572=CARTESIAN_POINT('',(-24.1766513281066,22.4923962302055,5.3018610236572));
#9573=CARTESIAN_POINT('',(-24.1766513281066,22.4923962302055,4.00000005960464));
#9574=CARTESIAN_POINT('',(-26.0845237791561,20.5845237791561,8.00000011920929));
#9575=CARTESIAN_POINT('',(-26.0845237791561,20.5845237791561,8.00000011920929));
#9576=CARTESIAN_POINT('',(-23.3345237791561,23.3345237791561,4.11091282268328));
#9577=CARTESIAN_POINT('Origin',(-12.628553268048,30.4880245728725,8.00000011920929));
#9578=CARTESIAN_POINT('',(-11.5028361804171,30.9543118579643,5.32938021807079));
#9579=CARTESIAN_POINT('',(-11.5028361804171,30.9543118579643,10.6706200203478));
#9580=CARTESIAN_POINT('',(-11.5028361804171,30.9543118579643,4.00000005960464));
#9581=CARTESIAN_POINT('',(-9.03550511463793,31.9763138482745,8.00000011920929));
#9582=CARTESIAN_POINT('',(-9.03550511463793,31.9763138482745,8.00000011920929));
#9583=CARTESIAN_POINT('',(-12.628553268048,30.4880245728725,11.8890874157353));
#9584=CARTESIAN_POINT('Origin',(-12.628553268048,30.4880245728725,8.00000011920929));
#9585=CARTESIAN_POINT('',(-13.7288459352089,30.0322684275547,10.6981392147614));
#9586=CARTESIAN_POINT('',(-13.7288459352089,30.0322684275547,5.3018610236572));
#9587=CARTESIAN_POINT('',(-13.7288459352089,30.0322684275547,4.00000005960464));
#9588=CARTESIAN_POINT('',(-16.221601421458,28.9997352974704,8.00000011920929));
#9589=CARTESIAN_POINT('',(-16.221601421458,28.9997352974704,8.00000011920929));
#9590=CARTESIAN_POINT('',(-12.628553268048,30.4880245728725,4.11091282268328));
#9591=CARTESIAN_POINT('Origin',(2.22044604925031E-15,33.,8.00000011920929));
#9592=CARTESIAN_POINT('',(1.21846739538754,33.,5.32938021807081));
#9593=CARTESIAN_POINT('',(1.21846739538754,33.,10.6706200203478));
#9594=CARTESIAN_POINT('',(1.21846739538754,33.,4.00000005960464));
#9595=CARTESIAN_POINT('',(3.88908729652601,33.,8.00000011920929));
#9596=CARTESIAN_POINT('',(3.88908729652601,33.,8.00000011920929));
#9597=CARTESIAN_POINT('',(2.22044604925031E-15,33.,11.8890874157353));
#9598=CARTESIAN_POINT('Origin',(2.22044604925031E-15,33.,8.00000011920929));
#9599=CARTESIAN_POINT('',(-1.19094820097392,33.,10.6981392147614));
#9600=CARTESIAN_POINT('',(-1.19094820097392,33.,5.3018610236572));
#9601=CARTESIAN_POINT('',(-1.19094820097392,33.,4.00000005960464));
#9602=CARTESIAN_POINT('',(-3.88908729652601,33.,8.00000011920929));
#9603=CARTESIAN_POINT('',(-3.88908729652601,33.,8.00000011920929));
#9604=CARTESIAN_POINT('',(4.44089209850063E-15,33.,4.11091282268328));
#9605=CARTESIAN_POINT('Origin',(12.628553268048,30.4880245728725,8.00000011920929));
#9606=CARTESIAN_POINT('',(13.7542703556788,30.0217372877806,5.3293802180708));
#9607=CARTESIAN_POINT('',(13.7542703556788,30.0217372877806,10.6706200203478));
#9608=CARTESIAN_POINT('',(13.7542703556788,30.0217372877806,4.00000005960464));
#9609=CARTESIAN_POINT('',(16.221601421458,28.9997352974704,8.00000011920929));
#9610=CARTESIAN_POINT('',(16.221601421458,28.9997352974704,8.00000011920929));
#9611=CARTESIAN_POINT('',(12.628553268048,30.4880245728725,11.8890874157353));
#9612=CARTESIAN_POINT('Origin',(12.628553268048,30.4880245728725,8.00000011920929));
#9613=CARTESIAN_POINT('',(11.528260600887,30.9437807181902,10.6981392147614));
#9614=CARTESIAN_POINT('',(11.528260600887,30.9437807181902,5.30186102365718));
#9615=CARTESIAN_POINT('',(11.528260600887,30.9437807181902,4.00000005960464));
#9616=CARTESIAN_POINT('',(9.03550511463793,31.9763138482745,8.00000011920929));
#9617=CARTESIAN_POINT('',(9.03550511463793,31.9763138482745,8.00000011920929));
#9618=CARTESIAN_POINT('',(12.628553268048,30.4880245728725,4.11091282268328));
#9619=CARTESIAN_POINT('Origin',(23.3345237791561,23.3345237791561,8.00000011920929));
#9620=CARTESIAN_POINT('',(24.1961103370893,22.4729372212228,5.32938021807078));
#9621=CARTESIAN_POINT('',(24.1961103370893,22.4729372212228,10.6706200203478));
#9622=CARTESIAN_POINT('',(24.1961103370893,22.4729372212228,4.00000005960464));
#9623=CARTESIAN_POINT('',(26.0845237791561,20.5845237791561,8.00000011920929));
#9624=CARTESIAN_POINT('',(26.0845237791561,20.5845237791561,8.00000011920929));
#9625=CARTESIAN_POINT('',(23.3345237791561,23.3345237791561,11.8890874157353));
#9626=CARTESIAN_POINT('Origin',(23.3345237791561,23.3345237791561,8.00000011920929));
#9627=CARTESIAN_POINT('',(22.4923962302055,24.1766513281066,10.6981392147614));
#9628=CARTESIAN_POINT('',(22.4923962302055,24.1766513281066,5.30186102365719));
#9629=CARTESIAN_POINT('',(22.4923962302055,24.1766513281066,4.00000005960464));
#9630=CARTESIAN_POINT('',(20.5845237791561,26.0845237791561,8.00000011920929));
#9631=CARTESIAN_POINT('',(20.5845237791561,26.0845237791561,8.00000011920929));
#9632=CARTESIAN_POINT('',(23.3345237791561,23.3345237791561,4.11091282268328));
#9633=CARTESIAN_POINT('Origin',(30.4880245728725,12.628553268048,8.00000011920929));
#9634=CARTESIAN_POINT('',(30.9543118579643,11.5028361804171,5.3293802180708));
#9635=CARTESIAN_POINT('',(30.9543118579643,11.5028361804171,10.6706200203478));
#9636=CARTESIAN_POINT('',(30.9543118579643,11.5028361804171,4.00000005960464));
#9637=CARTESIAN_POINT('',(31.9763138482745,9.03550511463793,8.00000011920929));
#9638=CARTESIAN_POINT('',(31.9763138482745,9.03550511463793,8.00000011920929));
#9639=CARTESIAN_POINT('',(30.4880245728725,12.628553268048,11.8890874157353));
#9640=CARTESIAN_POINT('Origin',(30.4880245728725,12.628553268048,8.00000011920929));
#9641=CARTESIAN_POINT('',(30.0322684275547,13.7288459352089,10.6981392147614));
#9642=CARTESIAN_POINT('',(30.0322684275547,13.7288459352089,5.30186102365721));
#9643=CARTESIAN_POINT('',(30.0322684275547,13.7288459352089,4.00000005960464));
#9644=CARTESIAN_POINT('',(28.9997352974704,16.221601421458,8.00000011920929));
#9645=CARTESIAN_POINT('',(28.9997352974704,16.221601421458,8.00000011920929));
#9646=CARTESIAN_POINT('',(30.4880245728725,12.628553268048,4.11091282268328));
#9647=CARTESIAN_POINT('Origin',(33.,0.,8.00000011920929));
#9648=CARTESIAN_POINT('',(33.,-1.21846739538754,5.32938021807082));
#9649=CARTESIAN_POINT('',(33.,-1.21846739538754,10.6706200203478));
#9650=CARTESIAN_POINT('',(33.,-1.21846739538754,4.00000005960464));
#9651=CARTESIAN_POINT('',(33.,-3.88908729652601,8.00000011920929));
#9652=CARTESIAN_POINT('',(33.,-3.88908729652601,8.00000011920929));
#9653=CARTESIAN_POINT('',(33.,0.,11.8890874157353));
#9654=CARTESIAN_POINT('Origin',(33.,0.,8.00000011920929));
#9655=CARTESIAN_POINT('',(33.,1.19094820097391,10.6981392147614));
#9656=CARTESIAN_POINT('',(33.,1.19094820097391,5.30186102365719));
#9657=CARTESIAN_POINT('',(33.,1.19094820097391,4.00000005960464));
#9658=CARTESIAN_POINT('',(33.,3.88908729652601,8.00000011920929));
#9659=CARTESIAN_POINT('',(33.,3.88908729652601,8.00000011920929));
#9660=CARTESIAN_POINT('',(33.,-2.22044604925031E-15,4.11091282268328));
#9661=CARTESIAN_POINT('Origin',(30.4880245728725,-12.628553268048,8.00000011920929));
#9662=CARTESIAN_POINT('',(30.0217372877806,-13.7542703556788,5.32938021807079));
#9663=CARTESIAN_POINT('',(30.0217372877806,-13.7542703556788,10.6706200203478));
#9664=CARTESIAN_POINT('',(30.0217372877806,-13.7542703556788,4.00000005960464));
#9665=CARTESIAN_POINT('',(28.9997352974704,-16.221601421458,8.00000011920929));
#9666=CARTESIAN_POINT('',(28.9997352974704,-16.221601421458,8.00000011920929));
#9667=CARTESIAN_POINT('',(30.4880245728725,-12.628553268048,11.8890874157353));
#9668=CARTESIAN_POINT('Origin',(30.4880245728725,-12.628553268048,8.00000011920929));
#9669=CARTESIAN_POINT('',(30.9437807181902,-11.528260600887,10.6981392147614));
#9670=CARTESIAN_POINT('',(30.9437807181902,-11.528260600887,5.30186102365719));
#9671=CARTESIAN_POINT('',(30.9437807181902,-11.528260600887,4.00000005960464));
#9672=CARTESIAN_POINT('',(31.9763138482745,-9.03550511463793,8.00000011920929));
#9673=CARTESIAN_POINT('',(31.9763138482745,-9.03550511463793,8.00000011920929));
#9674=CARTESIAN_POINT('',(30.4880245728725,-12.628553268048,4.11091282268328));
#9675=CARTESIAN_POINT('Origin',(23.3345237791561,-23.3345237791561,8.00000011920929));
#9676=CARTESIAN_POINT('',(22.4729372212228,-24.1961103370893,5.32938021807079));
#9677=CARTESIAN_POINT('',(22.4729372212228,-24.1961103370893,10.6706200203478));
#9678=CARTESIAN_POINT('',(22.4729372212228,-24.1961103370893,4.00000005960464));
#9679=CARTESIAN_POINT('',(20.5845237791561,-26.0845237791561,8.00000011920929));
#9680=CARTESIAN_POINT('',(20.5845237791561,-26.0845237791561,8.00000011920929));
#9681=CARTESIAN_POINT('',(23.3345237791561,-23.3345237791561,11.8890874157353));
#9682=CARTESIAN_POINT('Origin',(23.3345237791561,-23.3345237791561,8.00000011920929));
#9683=CARTESIAN_POINT('',(24.1766513281066,-22.4923962302055,10.6981392147614));
#9684=CARTESIAN_POINT('',(24.1766513281066,-22.4923962302055,5.30186102365719));
#9685=CARTESIAN_POINT('',(24.1766513281066,-22.4923962302055,4.00000005960464));
#9686=CARTESIAN_POINT('',(26.0845237791561,-20.5845237791561,8.00000011920929));
#9687=CARTESIAN_POINT('',(26.0845237791561,-20.5845237791561,8.00000011920929));
#9688=CARTESIAN_POINT('',(23.3345237791561,-23.3345237791561,4.11091282268328));
#9689=CARTESIAN_POINT('Origin',(12.628553268048,-30.4880245728725,8.00000011920929));
#9690=CARTESIAN_POINT('',(13.7288459352089,-30.0322684275547,10.6981392147614));
#9691=CARTESIAN_POINT('',(13.7288459352089,-30.0322684275547,5.30186102365719));
#9692=CARTESIAN_POINT('',(13.7288459352089,-30.0322684275547,4.00000005960464));
#9693=CARTESIAN_POINT('',(16.221601421458,-28.9997352974704,8.00000011920929));
#9694=CARTESIAN_POINT('',(16.221601421458,-28.9997352974704,8.00000011920929));
#9695=CARTESIAN_POINT('',(12.628553268048,-30.4880245728725,4.11091282268328));
#9696=CARTESIAN_POINT('Origin',(12.628553268048,-30.4880245728725,8.00000011920929));
#9697=CARTESIAN_POINT('',(11.5028361804171,-30.9543118579643,5.3293802180708));
#9698=CARTESIAN_POINT('',(11.5028361804171,-30.9543118579643,10.6706200203478));
#9699=CARTESIAN_POINT('',(11.5028361804171,-30.9543118579643,4.00000005960464));
#9700=CARTESIAN_POINT('',(9.03550511463793,-31.9763138482745,8.00000011920929));
#9701=CARTESIAN_POINT('',(9.03550511463793,-31.9763138482745,8.00000011920929));
#9702=CARTESIAN_POINT('',(12.628553268048,-30.4880245728725,11.8890874157353));
#9703=CARTESIAN_POINT('Origin',(-11.3580705596585,-30.1837163576955,0.));
#9704=CARTESIAN_POINT('',(-11.3580705596585,-30.1837163576955,10.8317681573256));
#9705=CARTESIAN_POINT('',(-8.28833176466577,-16.4743416066228,13.2420498997957));
#9706=CARTESIAN_POINT('',(-11.3580705596585,-30.1837163576955,5.168232081093));
#9707=CARTESIAN_POINT('',(-7.85538209051266,-14.5407994625806,2.41800913687572));
#9708=CARTESIAN_POINT('',(-11.3580705596585,-30.1837163576955,0.));
#9709=CARTESIAN_POINT('',(-11.3580705596585,-30.1837163576956,0.));
#9710=CARTESIAN_POINT('',(-11.8839455646735,-32.5322606467836,0.));
#9711=CARTESIAN_POINT('',(-12.146883067181,-33.7065327913276,0.));
#9712=CARTESIAN_POINT('',(-12.146883067181,-33.7065327913276,1.2));
#9713=CARTESIAN_POINT('',(-11.8217557648824,-32.2545225954483,-0.283823186261326));
#9714=CARTESIAN_POINT('',(-12.146883067181,-33.7065327913276,14.8));
#9715=CARTESIAN_POINT('',(-12.146883067181,-33.7065327913276,0.));
#9716=CARTESIAN_POINT('',(-11.8839455646735,-32.5322606467836,16.));
#9717=CARTESIAN_POINT('',(-12.695770749227,-36.1578511059968,12.2949742346607));
#9718=CARTESIAN_POINT('',(-11.3580705596585,-30.1837163576955,16.));
#9719=CARTESIAN_POINT('',(-11.5433770129302,-31.0112902267937,16.));
#9720=CARTESIAN_POINT('',(-11.3580705596585,-30.1837163576956,0.));
#9721=CARTESIAN_POINT('Origin',(-22.0442970961848,-23.539572331186,0.));
#9722=CARTESIAN_POINT('',(-22.0442970961848,-23.539572331186,10.8317681573256));
#9723=CARTESIAN_POINT('',(-13.9618776680153,-12.048499773675,13.2420498997957));
#9724=CARTESIAN_POINT('',(-22.0442970961848,-23.539572331186,5.16823208109297));
#9725=CARTESIAN_POINT('',(-12.8219497811532,-10.4278224288927,2.41800913687571));
#9726=CARTESIAN_POINT('',(-22.0442970961848,-23.539572331186,0.));
#9727=CARTESIAN_POINT('',(-22.0442970961848,-23.539572331186,0.));
#9728=CARTESIAN_POINT('',(-23.428891239587,-25.5081006791566,0.));
#9729=CARTESIAN_POINT('',(-24.1211883112881,-26.4923648531419,0.));
#9730=CARTESIAN_POINT('',(-24.1211883112881,-26.4923648531419,1.2));
#9731=CARTESIAN_POINT('',(-23.2651496056457,-25.2753031841705,-0.283823186261323));
#9732=CARTESIAN_POINT('',(-24.1211883112881,-26.4923648531419,14.8));
#9733=CARTESIAN_POINT('',(-24.1211883112881,-26.4923648531419,0.));
#9734=CARTESIAN_POINT('',(-23.428891239587,-25.5081006791566,16.));
#9735=CARTESIAN_POINT('',(-25.566373312855,-28.5470374495865,12.2949742346607));
#9736=CARTESIAN_POINT('',(-22.0442970961848,-23.539572331186,16.));
#9737=CARTESIAN_POINT('',(-22.5321967443668,-24.2332371809096,16.));
#9738=CARTESIAN_POINT('',(-22.0442970961848,-23.539572331186,0.));
#9739=CARTESIAN_POINT('Origin',(-29.3744792318677,-13.311741804008,0.));
#9740=CARTESIAN_POINT('',(-29.3744792318677,-13.311741804008,10.8317681573256));
#9741=CARTESIAN_POINT('',(-17.5098542611457,-5.78838307010763,13.2420498997957));
#9742=CARTESIAN_POINT('',(-29.3744792318677,-13.311741804008,5.16823208109297));
#9743=CARTESIAN_POINT('',(-15.8364918488773,-4.72730395885161,2.41800913687571));
#9744=CARTESIAN_POINT('',(-29.3744792318677,-13.311741804008,0.));
#9745=CARTESIAN_POINT('',(-29.3744792318677,-13.311741804008,0.));
#9746=CARTESIAN_POINT('',(-31.4070006067014,-14.6005636146365,0.));
#9747=CARTESIAN_POINT('',(-32.4232612941182,-15.2449745199508,0.));
#9748=CARTESIAN_POINT('',(-32.4232612941182,-15.2449745199508,1.2));
#9749=CARTESIAN_POINT('',(-31.1666353180557,-14.4481479842967,-0.283823186261323));
#9750=CARTESIAN_POINT('',(-32.4232612941182,-15.2449745199508,14.8));
#9751=CARTESIAN_POINT('',(-32.4232612941182,-15.2449745199508,0.));
#9752=CARTESIAN_POINT('',(-31.4070006067014,-14.6005636146365,16.));
#9753=CARTESIAN_POINT('',(-34.544727299352,-16.5901961210156,12.2949742346607));
#9754=CARTESIAN_POINT('',(-29.3744792318677,-13.311741804008,16.));
#9755=CARTESIAN_POINT('',(-30.0906937763458,-13.7658934490741,16.));
#9756=CARTESIAN_POINT('',(-29.3744792318677,-13.311741804008,0.));
#9757=CARTESIAN_POINT('Origin',(-32.232663184816,-1.0573192584097,0.));
#9758=CARTESIAN_POINT('',(-32.2326631848161,-1.0573192584097,10.8317681573256));
#9759=CARTESIAN_POINT('',(-18.3921142702408,1.35296248406044,13.2420498997957));
#9760=CARTESIAN_POINT('',(-32.2326631848161,-1.0573192584097,5.16823208109298));
#9761=CARTESIAN_POINT('',(-16.440071590766,1.69290368580756,2.41800913687572));
#9762=CARTESIAN_POINT('',(-32.232663184816,-1.0573192584097,0.));
#9763=CARTESIAN_POINT('',(-32.2326631848161,-1.0573192584097,0.));
#9764=CARTESIAN_POINT('',(-34.6036788366149,-1.47022309422675,0.));
#9765=CARTESIAN_POINT('',(-35.7891866625143,-1.67667501213528,0.));
#9766=CARTESIAN_POINT('',(-35.7891866625143,-1.67667501213528,1.2));
#9767=CARTESIAN_POINT('',(-34.3232833295445,-1.42139322660129,-0.283823186261324));
#9768=CARTESIAN_POINT('',(-35.7891866625143,-1.67667501213528,14.8));
#9769=CARTESIAN_POINT('',(-35.7891866625143,-1.67667501213528,0.));
#9770=CARTESIAN_POINT('',(-34.6036788366149,-1.47022309422675,16.));
#9771=CARTESIAN_POINT('',(-38.2639597032555,-2.10764782352242,12.2949742346607));
#9772=CARTESIAN_POINT('',(-32.232663184816,-1.0573192584097,16.));
#9773=CARTESIAN_POINT('',(-33.0681554536944,-1.20281722775192,16.));
#9774=CARTESIAN_POINT('',(-32.2326631848161,-1.0573192584097,0.));
#9775=CARTESIAN_POINT('Origin',(-30.1837163576955,11.3580705596585,0.));
#9776=CARTESIAN_POINT('',(-30.1837163576955,11.3580705596585,10.8317681573256));
#9777=CARTESIAN_POINT('',(-16.4743416066228,8.28833176466577,13.2420498997957));
#9778=CARTESIAN_POINT('',(-30.1837163576956,11.3580705596585,5.168232081093));
#9779=CARTESIAN_POINT('',(-14.5407994625806,7.85538209051266,2.41800913687572));
#9780=CARTESIAN_POINT('',(-30.1837163576955,11.3580705596585,0.));
#9781=CARTESIAN_POINT('',(-30.1837163576956,11.3580705596585,0.));
#9782=CARTESIAN_POINT('',(-32.5322606467836,11.8839455646735,0.));
#9783=CARTESIAN_POINT('',(-33.7065327913276,12.146883067181,0.));
#9784=CARTESIAN_POINT('',(-33.7065327913276,12.146883067181,1.2));
#9785=CARTESIAN_POINT('',(-32.2545225954483,11.8217557648824,-0.283823186261326));
#9786=CARTESIAN_POINT('',(-33.7065327913276,12.146883067181,14.8));
#9787=CARTESIAN_POINT('',(-33.7065327913276,12.146883067181,0.));
#9788=CARTESIAN_POINT('',(-32.5322606467836,11.8839455646735,16.));
#9789=CARTESIAN_POINT('',(-36.1578511059968,12.695770749227,12.2949742346607));
#9790=CARTESIAN_POINT('',(-30.1837163576955,11.3580705596585,16.));
#9791=CARTESIAN_POINT('',(-31.0112902267937,11.5433770129302,16.));
#9792=CARTESIAN_POINT('',(-30.1837163576956,11.3580705596585,0.));
#9793=CARTESIAN_POINT('Origin',(-23.539572331186,22.0442970961848,0.));
#9794=CARTESIAN_POINT('',(-23.539572331186,22.0442970961848,10.8317681573256));
#9795=CARTESIAN_POINT('',(-12.048499773675,13.9618776680153,13.2420498997957));
#9796=CARTESIAN_POINT('',(-23.539572331186,22.0442970961848,5.16823208109297));
#9797=CARTESIAN_POINT('',(-10.4278224288927,12.8219497811532,2.41800913687571));
#9798=CARTESIAN_POINT('',(-23.539572331186,22.0442970961848,0.));
#9799=CARTESIAN_POINT('',(-23.539572331186,22.0442970961848,0.));
#9800=CARTESIAN_POINT('',(-25.5081006791566,23.428891239587,0.));
#9801=CARTESIAN_POINT('',(-26.4923648531419,24.1211883112881,0.));
#9802=CARTESIAN_POINT('',(-26.4923648531419,24.1211883112881,1.2));
#9803=CARTESIAN_POINT('',(-25.2753031841705,23.2651496056457,-0.283823186261323));
#9804=CARTESIAN_POINT('',(-26.4923648531419,24.1211883112881,14.8));
#9805=CARTESIAN_POINT('',(-26.4923648531419,24.1211883112881,0.));
#9806=CARTESIAN_POINT('',(-25.5081006791566,23.428891239587,16.));
#9807=CARTESIAN_POINT('',(-28.5470374495865,25.566373312855,12.2949742346607));
#9808=CARTESIAN_POINT('',(-23.539572331186,22.0442970961848,16.));
#9809=CARTESIAN_POINT('',(-24.2332371809096,22.5321967443668,16.));
#9810=CARTESIAN_POINT('',(-23.539572331186,22.0442970961848,0.));
#9811=CARTESIAN_POINT('Origin',(-13.311741804008,29.3744792318677,0.));
#9812=CARTESIAN_POINT('',(-13.311741804008,29.3744792318677,10.8317681573256));
#9813=CARTESIAN_POINT('',(-5.44128920597023,16.9624739389669,13.353249436232));
#9814=CARTESIAN_POINT('',(-13.311741804008,29.3744792318677,5.16823208109298));
#9815=CARTESIAN_POINT('',(-5.07439782298901,16.3838721710561,2.52920867331202));
#9816=CARTESIAN_POINT('',(-13.311741804008,29.3744792318677,0.));
#9817=CARTESIAN_POINT('',(-13.311741804008,29.3744792318677,0.));
#9818=CARTESIAN_POINT('',(-14.6005636146365,31.4070006067014,0.));
#9819=CARTESIAN_POINT('',(-15.2449745199508,32.4232612941182,0.));
#9820=CARTESIAN_POINT('',(-15.2449745199508,32.4232612941182,1.2));
#9821=CARTESIAN_POINT('',(-14.4481479842967,31.1666353180557,-0.283823186261323));
#9822=CARTESIAN_POINT('',(-15.2449745199508,32.4232612941182,14.8));
#9823=CARTESIAN_POINT('',(-15.2449745199508,32.4232612941182,0.));
#9824=CARTESIAN_POINT('',(-14.6005636146365,31.4070006067014,16.));
#9825=CARTESIAN_POINT('',(-16.5901961210156,34.544727299352,12.2949742346607));
#9826=CARTESIAN_POINT('',(-13.311741804008,29.3744792318677,16.));
#9827=CARTESIAN_POINT('',(-13.7658934490741,30.0906937763458,16.));
#9828=CARTESIAN_POINT('',(-13.311741804008,29.3744792318677,0.));
#9829=CARTESIAN_POINT('Origin',(-1.0573192584097,32.232663184816,0.));
#9830=CARTESIAN_POINT('',(-1.0573192584097,32.232663184816,10.8317681573256));
#9831=CARTESIAN_POINT('',(1.35296248406044,18.3921142702408,13.2420498997957));
#9832=CARTESIAN_POINT('',(-1.0573192584097,32.232663184816,5.16823208109298));
#9833=CARTESIAN_POINT('',(1.69290368580756,16.440071590766,2.41800913687572));
#9834=CARTESIAN_POINT('',(-1.0573192584097,32.232663184816,0.));
#9835=CARTESIAN_POINT('',(-1.0573192584097,32.2326631848161,0.));
#9836=CARTESIAN_POINT('',(-1.47022309422676,34.6036788366149,0.));
#9837=CARTESIAN_POINT('',(-1.67667501213528,35.7891866625143,0.));
#9838=CARTESIAN_POINT('',(-1.67667501213528,35.7891866625143,1.2));
#9839=CARTESIAN_POINT('',(-1.42139322660129,34.3232833295445,-0.283823186261322));
#9840=CARTESIAN_POINT('',(-1.67667501213528,35.7891866625143,14.8));
#9841=CARTESIAN_POINT('',(-1.67667501213528,35.7891866625143,0.));
#9842=CARTESIAN_POINT('',(-1.47022309422676,34.6036788366149,16.));
#9843=CARTESIAN_POINT('',(-2.10764782352243,38.2639597032555,12.2949742346607));
#9844=CARTESIAN_POINT('',(-1.0573192584097,32.232663184816,16.));
#9845=CARTESIAN_POINT('',(-1.20281722775192,33.0681554536944,16.));
#9846=CARTESIAN_POINT('',(-1.0573192584097,32.2326631848161,0.));
#9847=CARTESIAN_POINT('Origin',(11.3580705596586,30.1837163576955,0.));
#9848=CARTESIAN_POINT('',(11.3580705596586,30.1837163576955,10.8317681573256));
#9849=CARTESIAN_POINT('',(8.28833176466578,16.4743416066228,13.2420498997957));
#9850=CARTESIAN_POINT('',(11.3580705596586,30.1837163576955,5.16823208109296));
#9851=CARTESIAN_POINT('',(7.85538209051268,14.5407994625806,2.4180091368757));
#9852=CARTESIAN_POINT('',(11.3580705596586,30.1837163576955,0.));
#9853=CARTESIAN_POINT('',(11.3580705596586,30.1837163576955,0.));
#9854=CARTESIAN_POINT('',(11.8839455646735,32.5322606467836,0.));
#9855=CARTESIAN_POINT('',(12.146883067181,33.7065327913276,0.));
#9856=CARTESIAN_POINT('',(12.146883067181,33.7065327913276,1.2));
#9857=CARTESIAN_POINT('',(11.8217557648825,32.2545225954483,-0.283823186261323));
#9858=CARTESIAN_POINT('',(12.146883067181,33.7065327913276,14.8));
#9859=CARTESIAN_POINT('',(12.146883067181,33.7065327913276,0.));
#9860=CARTESIAN_POINT('',(11.8839455646735,32.5322606467836,16.));
#9861=CARTESIAN_POINT('',(12.695770749227,36.1578511059968,12.2949742346607));
#9862=CARTESIAN_POINT('',(11.3580705596586,30.1837163576955,16.));
#9863=CARTESIAN_POINT('',(11.5433770129302,31.0112902267937,16.));
#9864=CARTESIAN_POINT('',(11.3580705596586,30.1837163576955,0.));
#9865=CARTESIAN_POINT('Origin',(22.0442970961848,23.539572331186,0.));
#9866=CARTESIAN_POINT('',(22.0442970961848,23.539572331186,10.8317681573256));
#9867=CARTESIAN_POINT('',(13.9618776680153,12.048499773675,13.2420498997957));
#9868=CARTESIAN_POINT('',(22.0442970961848,23.539572331186,5.16823208109297));
#9869=CARTESIAN_POINT('',(12.8219497811532,10.4278224288927,2.41800913687571));
#9870=CARTESIAN_POINT('',(22.0442970961848,23.539572331186,0.));
#9871=CARTESIAN_POINT('',(22.0442970961848,23.539572331186,0.));
#9872=CARTESIAN_POINT('',(23.428891239587,25.5081006791566,0.));
#9873=CARTESIAN_POINT('',(24.1211883112881,26.4923648531419,0.));
#9874=CARTESIAN_POINT('',(24.1211883112881,26.4923648531419,1.2));
#9875=CARTESIAN_POINT('',(23.2651496056457,25.2753031841705,-0.283823186261323));
#9876=CARTESIAN_POINT('',(24.1211883112881,26.4923648531419,14.8));
#9877=CARTESIAN_POINT('',(24.1211883112881,26.4923648531419,0.));
#9878=CARTESIAN_POINT('',(23.428891239587,25.5081006791566,16.));
#9879=CARTESIAN_POINT('',(25.566373312855,28.5470374495865,12.2949742346607));
#9880=CARTESIAN_POINT('',(22.0442970961848,23.539572331186,16.));
#9881=CARTESIAN_POINT('',(22.5321967443668,24.2332371809096,16.));
#9882=CARTESIAN_POINT('',(22.0442970961848,23.539572331186,0.));
#9883=CARTESIAN_POINT('Origin',(29.3744792318677,13.311741804008,0.));
#9884=CARTESIAN_POINT('',(29.3744792318677,13.311741804008,10.8317681573256));
#9885=CARTESIAN_POINT('',(17.5098542611457,5.78838307010763,13.2420498997957));
#9886=CARTESIAN_POINT('',(29.3744792318677,13.311741804008,5.16823208109299));
#9887=CARTESIAN_POINT('',(15.8364918488773,4.72730395885162,2.41800913687572));
#9888=CARTESIAN_POINT('',(29.3744792318677,13.311741804008,0.));
#9889=CARTESIAN_POINT('',(29.3744792318677,13.311741804008,0.));
#9890=CARTESIAN_POINT('',(31.4070006067014,14.6005636146365,0.));
#9891=CARTESIAN_POINT('',(32.4232612941182,15.2449745199508,0.));
#9892=CARTESIAN_POINT('',(32.4232612941182,15.2449745199508,1.2));
#9893=CARTESIAN_POINT('',(31.1666353180557,14.4481479842967,-0.283823186261323));
#9894=CARTESIAN_POINT('',(32.4232612941182,15.2449745199508,14.8));
#9895=CARTESIAN_POINT('',(32.4232612941182,15.2449745199508,0.));
#9896=CARTESIAN_POINT('',(31.4070006067014,14.6005636146365,16.));
#9897=CARTESIAN_POINT('',(34.544727299352,16.5901961210156,12.2949742346607));
#9898=CARTESIAN_POINT('',(29.3744792318677,13.311741804008,16.));
#9899=CARTESIAN_POINT('',(30.0906937763457,13.7658934490741,16.));
#9900=CARTESIAN_POINT('',(29.3744792318677,13.311741804008,0.));
#9901=CARTESIAN_POINT('Origin',(32.232663184816,1.05731925840969,0.));
#9902=CARTESIAN_POINT('',(32.232663184816,1.0573192584097,10.8317681573256));
#9903=CARTESIAN_POINT('',(18.3921142702408,-1.35296248406044,13.2420498997957));
#9904=CARTESIAN_POINT('',(32.2326631848161,1.0573192584097,5.16823208109298));
#9905=CARTESIAN_POINT('',(16.440071590766,-1.69290368580757,2.41800913687571));
#9906=CARTESIAN_POINT('',(32.232663184816,1.05731925840969,0.));
#9907=CARTESIAN_POINT('',(32.2326631848161,1.05731925840969,0.));
#9908=CARTESIAN_POINT('',(34.6036788366149,1.47022309422675,0.));
#9909=CARTESIAN_POINT('',(35.7891866625143,1.67667501213528,0.));
#9910=CARTESIAN_POINT('',(35.7891866625143,1.67667501213528,1.2));
#9911=CARTESIAN_POINT('',(34.3232833295445,1.42139322660128,-0.283823186261325));
#9912=CARTESIAN_POINT('',(35.7891866625143,1.67667501213528,14.8));
#9913=CARTESIAN_POINT('',(35.7891866625143,1.67667501213528,0.));
#9914=CARTESIAN_POINT('',(34.6036788366149,1.47022309422675,16.));
#9915=CARTESIAN_POINT('',(38.2639597032555,2.10764782352242,12.2949742346608));
#9916=CARTESIAN_POINT('',(32.232663184816,1.05731925840969,16.));
#9917=CARTESIAN_POINT('',(33.0681554536944,1.20281722775191,16.));
#9918=CARTESIAN_POINT('',(32.2326631848161,1.05731925840969,0.));
#9919=CARTESIAN_POINT('Origin',(30.1837163576955,-11.3580705596586,0.));
#9920=CARTESIAN_POINT('',(30.1837163576955,-11.3580705596586,10.8317681573256));
#9921=CARTESIAN_POINT('',(16.4743416066228,-8.28833176466577,13.2420498997957));
#9922=CARTESIAN_POINT('',(30.1837163576955,-11.3580705596586,5.16823208109297));
#9923=CARTESIAN_POINT('',(14.5407994625806,-7.85538209051267,2.41800913687571));
#9924=CARTESIAN_POINT('',(30.1837163576955,-11.3580705596586,0.));
#9925=CARTESIAN_POINT('',(30.1837163576955,-11.3580705596586,0.));
#9926=CARTESIAN_POINT('',(32.5322606467836,-11.8839455646735,0.));
#9927=CARTESIAN_POINT('',(33.7065327913276,-12.146883067181,0.));
#9928=CARTESIAN_POINT('',(33.7065327913276,-12.146883067181,1.2));
#9929=CARTESIAN_POINT('',(32.2545225954483,-11.8217557648825,-0.283823186261323));
#9930=CARTESIAN_POINT('',(33.7065327913276,-12.146883067181,14.8));
#9931=CARTESIAN_POINT('',(33.7065327913276,-12.146883067181,0.));
#9932=CARTESIAN_POINT('',(32.5322606467836,-11.8839455646735,16.));
#9933=CARTESIAN_POINT('',(36.1578511059968,-12.695770749227,12.2949742346607));
#9934=CARTESIAN_POINT('',(30.1837163576955,-11.3580705596586,16.));
#9935=CARTESIAN_POINT('',(31.0112902267937,-11.5433770129302,16.));
#9936=CARTESIAN_POINT('',(30.1837163576955,-11.3580705596586,0.));
#9937=CARTESIAN_POINT('Origin',(23.539572331186,-22.0442970961848,0.));
#9938=CARTESIAN_POINT('',(23.539572331186,-22.0442970961848,10.8317681573256));
#9939=CARTESIAN_POINT('',(12.048499773675,-13.9618776680153,13.2420498997957));
#9940=CARTESIAN_POINT('',(23.539572331186,-22.0442970961848,5.16823208109297));
#9941=CARTESIAN_POINT('',(10.4278224288927,-12.8219497811532,2.41800913687571));
#9942=CARTESIAN_POINT('',(23.539572331186,-22.0442970961848,0.));
#9943=CARTESIAN_POINT('',(23.539572331186,-22.0442970961848,0.));
#9944=CARTESIAN_POINT('',(25.5081006791566,-23.428891239587,0.));
#9945=CARTESIAN_POINT('',(26.4923648531419,-24.1211883112881,0.));
#9946=CARTESIAN_POINT('',(26.4923648531419,-24.1211883112881,1.2));
#9947=CARTESIAN_POINT('',(25.2753031841705,-23.2651496056457,-0.283823186261324));
#9948=CARTESIAN_POINT('',(26.4923648531419,-24.1211883112881,14.8));
#9949=CARTESIAN_POINT('',(26.4923648531419,-24.1211883112881,0.));
#9950=CARTESIAN_POINT('',(25.5081006791566,-23.428891239587,16.));
#9951=CARTESIAN_POINT('',(28.5470374495865,-25.566373312855,12.2949742346607));
#9952=CARTESIAN_POINT('',(23.539572331186,-22.0442970961848,16.));
#9953=CARTESIAN_POINT('',(24.2332371809096,-22.5321967443668,16.));
#9954=CARTESIAN_POINT('',(23.539572331186,-22.0442970961848,0.));
#9955=CARTESIAN_POINT('Origin',(12.1189485200725,-33.7165865388008,0.));
#9956=CARTESIAN_POINT('',(11.3330554086038,-30.1931176778006,5.1949407966017));
#9957=CARTESIAN_POINT('',(8.36611086317784,-16.8911347928939,2.84559166855898));
#9958=CARTESIAN_POINT('',(11.3330554086038,-30.1931176778006,10.8050594418169));
#9959=CARTESIAN_POINT('',(8.51592743859301,-17.5628216045401,13.0357776229615));
#9960=CARTESIAN_POINT('',(11.3330554086038,-30.1931176778006,16.));
#9961=CARTESIAN_POINT('',(11.3330554086038,-30.1931176778006,0.));
#9962=CARTESIAN_POINT('',(11.8569841495829,-32.5420969184674,16.));
#9963=CARTESIAN_POINT('',(11.910823422036,-32.7834796169779,16.));
#9964=CARTESIAN_POINT('',(12.1189485200725,-33.7165865388008,14.8));
#9965=CARTESIAN_POINT('',(12.8702538286461,-37.0849846342062,11.3584389640336));
#9966=CARTESIAN_POINT('',(12.1189485200725,-33.7165865388008,1.2));
#9967=CARTESIAN_POINT('',(12.1189485200725,-33.7165865388008,0.));
#9968=CARTESIAN_POINT('',(11.8569841495829,-32.5420969184674,0.));
#9969=CARTESIAN_POINT('',(11.9994735748261,-33.1809332252623,0.652712084365815));
#9970=CARTESIAN_POINT('',(11.3330554086038,-30.1931176778006,0.));
#9971=CARTESIAN_POINT('',(12.1189485200725,-33.7165865388008,0.));
#9972=CARTESIAN_POINT('',(11.3330554086038,-30.1931176778006,0.));
#9973=CARTESIAN_POINT('Origin',(2.22044604925031E-15,-33.,8.00000011920929));
#9974=CARTESIAN_POINT('',(-1.21846739538752,-33.,5.3293802180708));
#9975=CARTESIAN_POINT('',(-1.21846739538752,-33.,10.6706200203478));
#9976=CARTESIAN_POINT('',(-1.21846739538753,-33.,4.00000005960464));
#9977=CARTESIAN_POINT('',(-3.88908729652601,-33.,8.00000011920929));
#9978=CARTESIAN_POINT('',(-3.88908729652601,-33.,8.00000011920929));
#9979=CARTESIAN_POINT('',(1.94289029309402E-15,-33.,11.8890874157353));
#9980=CARTESIAN_POINT('Origin',(2.22044604925031E-15,-33.,8.00000011920929));
#9981=CARTESIAN_POINT('',(1.19094820097392,-33.,10.6981392147614));
#9982=CARTESIAN_POINT('',(1.19094820097392,-33.,5.3018610236572));
#9983=CARTESIAN_POINT('',(1.19094820097392,-33.,4.00000005960464));
#9984=CARTESIAN_POINT('',(3.88908729652601,-33.,8.00000011920929));
#9985=CARTESIAN_POINT('',(3.88908729652601,-33.,8.00000011920929));
#9986=CARTESIAN_POINT('',(4.16333634234434E-16,-33.,4.11091282268328));
#9987=CARTESIAN_POINT('Origin',(1.0573192584097,-32.232663184816,0.));
#9988=CARTESIAN_POINT('',(1.0573192584097,-32.2326631848161,10.8317681573256));
#9989=CARTESIAN_POINT('',(-1.35296248406044,-18.3921142702408,13.2420498997957));
#9990=CARTESIAN_POINT('',(1.0573192584097,-32.2326631848161,5.16823208109298));
#9991=CARTESIAN_POINT('',(-1.69290368580756,-16.440071590766,2.41800913687571));
#9992=CARTESIAN_POINT('',(1.0573192584097,-32.232663184816,0.));
#9993=CARTESIAN_POINT('',(1.0573192584097,-32.2326631848161,0.));
#9994=CARTESIAN_POINT('',(1.47022309422675,-34.6036788366149,0.));
#9995=CARTESIAN_POINT('',(1.67667501213528,-35.7891866625143,0.));
#9996=CARTESIAN_POINT('',(1.67667501213528,-35.7891866625143,1.2));
#9997=CARTESIAN_POINT('',(1.42139322660129,-34.3232833295445,-0.283823186261324));
#9998=CARTESIAN_POINT('',(1.67667501213528,-35.7891866625143,14.8));
#9999=CARTESIAN_POINT('',(1.67667501213528,-35.7891866625143,0.));
#10000=CARTESIAN_POINT('',(1.47022309422675,-34.6036788366149,16.));
#10001=CARTESIAN_POINT('',(2.10764782352242,-38.2639597032555,12.2949742346607));
#10002=CARTESIAN_POINT('',(1.0573192584097,-32.232663184816,16.));
#10003=CARTESIAN_POINT('',(1.20281722775192,-33.0681554536944,16.));
#10004=CARTESIAN_POINT('',(1.0573192584097,-32.2326631848161,0.));
#10005=CARTESIAN_POINT('Origin',(-11.0992321572353,-33.3977100785711,0.6));
#10006=CARTESIAN_POINT('',(-8.21921692990553,-33.6455140848456,0.));
#10007=CARTESIAN_POINT('',(-8.65386358158167,-34.7676252593125,1.2));
#10008=CARTESIAN_POINT('',(-8.45563286488733,-34.2558603544927,0.65271208436581));
#10009=CARTESIAN_POINT('',(-11.2736281957812,-33.9718059083239,1.2));
#10010=CARTESIAN_POINT('',(-10.9248361186894,-32.8236142488184,0.));
#10011=CARTESIAN_POINT('Origin',(-12.146883067181,-33.7065327913276,0.));
#10012=CARTESIAN_POINT('',(-8.65386358158167,-34.7676252593125,14.8));
#10013=CARTESIAN_POINT('',(-8.65386358158167,-34.7676252593125,0.));
#10014=CARTESIAN_POINT('',(-11.2736281957812,-33.9718059083239,14.8));
#10015=CARTESIAN_POINT('Origin',(-8.65386358158167,-34.7676252593125,0.));
#10016=CARTESIAN_POINT('',(-7.34992362655322,-31.4012917359117,0.));
#10017=CARTESIAN_POINT('',(-8.65386358158167,-34.7676252593125,0.));
#10018=CARTESIAN_POINT('',(-7.34992362655322,-31.4012917359117,16.));
#10019=CARTESIAN_POINT('',(-7.34992362655322,-31.4012917359117,0.));
#10020=CARTESIAN_POINT('',(-8.21921692990553,-33.6455140848456,16.));
#10021=CARTESIAN_POINT('',(-8.21836899638076,-33.6433250062465,16.));
#10022=CARTESIAN_POINT('',(-9.90041606559993,-37.9858036727025,11.3584389640336));
#10023=CARTESIAN_POINT('Origin',(-17.4028804442417,-30.5898634389879,0.6));
#10024=CARTESIAN_POINT('',(-18.4906536942521,-30.6883177613217,1.2));
#10025=CARTESIAN_POINT('',(-18.0036308799759,-29.5879269316383,0.));
#10026=CARTESIAN_POINT('',(-17.888440574201,-29.3276632387937,-0.283823186261323));
#10027=CARTESIAN_POINT('',(-14.6265835084867,-31.3948913016697,0.));
#10028=CARTESIAN_POINT('',(-17.1198115426305,-30.0608341421237,0.));
#10029=CARTESIAN_POINT('',(-15.2718363006552,-32.4106176594431,1.2));
#10030=CARTESIAN_POINT('',(-14.9775537542526,-31.9473720251093,0.652712084365815));
#10031=CARTESIAN_POINT('',(-17.6859493458528,-31.1188927358521,1.2));
#10032=CARTESIAN_POINT('Origin',(-18.4906536942521,-30.6883177613217,0.));
#10033=CARTESIAN_POINT('',(-15.2718363006552,-32.4106176594431,14.8));
#10034=CARTESIAN_POINT('',(-15.2718363006552,-32.4106176594431,0.));
#10035=CARTESIAN_POINT('',(-18.4906536942521,-30.6883177613217,14.8));
#10036=CARTESIAN_POINT('',(-17.6859493458528,-31.1188927358521,14.8));
#10037=CARTESIAN_POINT('',(-18.4906536942521,-30.6883177613217,0.));
#10038=CARTESIAN_POINT('Origin',(-15.2718363006552,-32.4106176594431,0.));
#10039=CARTESIAN_POINT('',(-13.3360779241496,-29.3634385861229,10.8050594418169));
#10040=CARTESIAN_POINT('',(-6.39712021341817,-18.4404602932616,13.0357776229615));
#10041=CARTESIAN_POINT('',(-13.3360779241496,-29.3634385861229,16.));
#10042=CARTESIAN_POINT('',(-13.3360779241496,-29.3634385861229,0.));
#10043=CARTESIAN_POINT('',(-14.6265835084867,-31.3948913016697,16.));
#10044=CARTESIAN_POINT('',(-14.7591967368189,-31.6036447592932,16.));
#10045=CARTESIAN_POINT('',(-17.1224003572183,-35.3236878728739,11.3584389640336));
#10046=CARTESIAN_POINT('',(-13.3360779241496,-29.3634385861229,0.));
#10047=CARTESIAN_POINT('',(-15.2718363006552,-32.4106176594431,0.));
#10048=CARTESIAN_POINT('',(-13.3360779241496,-29.3634385861229,5.19494079660168));
#10049=CARTESIAN_POINT('',(-13.3360779241496,-29.3634385861229,0.));
#10050=CARTESIAN_POINT('',(-6.02810223047985,-17.8595696775028,2.84559166855897));
#10051=CARTESIAN_POINT('Origin',(-23.0351037426625,-26.60796851579,0.6));
#10052=CARTESIAN_POINT('',(-20.4691471084866,-27.9390436777195,0.));
#10053=CARTESIAN_POINT('',(-22.6542858494626,-26.144311603603,0.));
#10054=CARTESIAN_POINT('',(-21.300121609585,-28.8094071524824,1.2));
#10055=CARTESIAN_POINT('',(-20.9211363573756,-28.4124576425265,0.652712084365813));
#10056=CARTESIAN_POINT('',(-23.4159216358624,-27.071625427977,1.2));
#10057=CARTESIAN_POINT('Origin',(-24.1211883112881,-26.4923648531419,0.));
#10058=CARTESIAN_POINT('',(-21.300121609585,-28.8094071524824,14.8));
#10059=CARTESIAN_POINT('',(-21.300121609585,-28.8094071524824,0.));
#10060=CARTESIAN_POINT('',(-23.4159216358624,-27.071625427977,14.8));
#10061=CARTESIAN_POINT('Origin',(-21.300121609585,-28.8094071524824,0.));
#10062=CARTESIAN_POINT('',(-18.8071981062898,-26.198316728194,0.));
#10063=CARTESIAN_POINT('',(-21.300121609585,-28.8094071524824,0.));
#10064=CARTESIAN_POINT('',(-18.8071981062898,-26.198316728194,16.));
#10065=CARTESIAN_POINT('',(-18.8071981062899,-26.198316728194,0.));
#10066=CARTESIAN_POINT('',(-20.4691471084866,-27.9390436777195,16.));
#10067=CARTESIAN_POINT('',(-20.4675259959462,-27.9373457229185,16.));
#10068=CARTESIAN_POINT('',(-23.6833294969699,-31.3055813373757,11.3584389640336));
#10069=CARTESIAN_POINT('Origin',(-27.784398985587,-21.6015547121545,0.6));
#10070=CARTESIAN_POINT('',(-28.8270472652869,-21.2762418444971,1.2));
#10071=CARTESIAN_POINT('',(-27.9559955156647,-20.4459888413968,0.));
#10072=CARTESIAN_POINT('',(-27.7499749465178,-20.249617964111,-0.283823186261323));
#10073=CARTESIAN_POINT('',(-25.5275058961098,-23.407746318227,0.));
#10074=CARTESIAN_POINT('',(-27.3204266739523,-21.2211211515472,0.));
#10075=CARTESIAN_POINT('',(-26.5123433930265,-24.0992275575558,1.2));
#10076=CARTESIAN_POINT('',(-26.0631853422549,-23.7838614524121,0.652712084365814));
#10077=CARTESIAN_POINT('',(-28.2483712972217,-21.9819882727618,1.2));
#10078=CARTESIAN_POINT('Origin',(-28.8270472652869,-21.2762418444971,0.));
#10079=CARTESIAN_POINT('',(-26.5123433930265,-24.0992275575558,14.8));
#10080=CARTESIAN_POINT('',(-26.5123433930265,-24.0992275575558,0.));
#10081=CARTESIAN_POINT('',(-28.8270472652869,-21.2762418444971,14.8));
#10082=CARTESIAN_POINT('',(-28.2483712972217,-21.9819882727618,14.8));
#10083=CARTESIAN_POINT('',(-28.8270472652869,-21.2762418444971,0.));
#10084=CARTESIAN_POINT('Origin',(-26.5123433930265,-24.0992275575558,0.));
#10085=CARTESIAN_POINT('',(-23.5578309022764,-22.0247838395692,10.8050594418169));
#10086=CARTESIAN_POINT('',(-12.9670270716088,-14.5886919145085,13.0357776229615));
#10087=CARTESIAN_POINT('',(-23.5578309022764,-22.0247838395692,16.));
#10088=CARTESIAN_POINT('',(-23.5578309022765,-22.0247838395692,0.));
#10089=CARTESIAN_POINT('',(-25.5275058961098,-23.4077463182269,16.));
#10090=CARTESIAN_POINT('',(-25.7299110331876,-23.5498604796711,16.));
#10091=CARTESIAN_POINT('',(-29.3368253564824,-26.0823732995358,11.3584389640336));
#10092=CARTESIAN_POINT('',(-23.5578309022764,-22.0247838395692,0.));
#10093=CARTESIAN_POINT('',(-26.5123433930265,-24.0992275575558,0.));
#10094=CARTESIAN_POINT('',(-23.5578309022764,-22.0247838395692,5.19494079660169));
#10095=CARTESIAN_POINT('',(-23.5578309022765,-22.0247838395692,0.));
#10096=CARTESIAN_POINT('',(-12.4038016953762,-14.1932360322964,2.84559166855897));
#10097=CARTESIAN_POINT('Origin',(-31.4640895970048,-15.7674049483151,0.6));
#10098=CARTESIAN_POINT('',(-29.6028351930813,-17.9791071387223,0.));
#10099=CARTESIAN_POINT('',(-30.9348259212678,-15.4847745155139,0.));
#10100=CARTESIAN_POINT('',(-30.7036292086123,-18.4652179646129,1.2));
#10101=CARTESIAN_POINT('',(-30.2015864900268,-18.2435158140555,0.652712084365813));
#10102=CARTESIAN_POINT('',(-31.9933532727417,-16.0500353811163,1.2));
#10103=CARTESIAN_POINT('Origin',(-32.4232612941182,-15.2449745199508,0.));
#10104=CARTESIAN_POINT('',(-30.7036292086123,-18.4652179646129,14.8));
#10105=CARTESIAN_POINT('',(-30.7036292086123,-18.4652179646129,0.));
#10106=CARTESIAN_POINT('',(-31.9933532727417,-16.0500353811163,14.8));
#10107=CARTESIAN_POINT('Origin',(-30.7036292086123,-18.4652179646129,0.));
#10108=CARTESIAN_POINT('',(-27.4012471620192,-17.0068854869412,0.));
#10109=CARTESIAN_POINT('',(-30.7036292086123,-18.4652179646129,0.));
#10110=CARTESIAN_POINT('',(-27.4012471620192,-17.0068854869412,16.));
#10111=CARTESIAN_POINT('',(-27.4012471620192,-17.0068854869412,0.));
#10112=CARTESIAN_POINT('',(-29.6028351930813,-17.9791071387223,16.));
#10113=CARTESIAN_POINT('',(-29.600687701214,-17.9781588059457,16.));
#10114=CARTESIAN_POINT('',(-33.8606707023427,-19.8593680292349,11.3584389640336));
#10115=CARTESIAN_POINT('Origin',(-33.9359946475808,-9.32460509897673,0.6));
#10116=CARTESIAN_POINT('',(-34.7747842080159,-8.62505097646043,1.2));
#10117=CARTESIAN_POINT('',(-33.652313255824,-8.19133429340304,0.));
#10118=CARTESIAN_POINT('',(-33.3868271873766,-8.08875191763634,-0.283823186261323));
#10119=CARTESIAN_POINT('',(-32.5420969184674,-11.8569841495829,0.));
#10120=CARTESIAN_POINT('',(-33.3617545044495,-9.15068483558999,0.));
#10121=CARTESIAN_POINT('',(-33.7165865388008,-12.1189485200725,1.2));
#10122=CARTESIAN_POINT('',(-33.1809332252623,-11.9994735748261,0.652712084365814));
#10123=CARTESIAN_POINT('',(-34.5102347907121,-9.49852536236348,1.2));
#10124=CARTESIAN_POINT('Origin',(-34.7747842080159,-8.62505097646043,0.));
#10125=CARTESIAN_POINT('',(-33.7165865388008,-12.1189485200725,14.8));
#10126=CARTESIAN_POINT('',(-33.7165865388008,-12.1189485200725,0.));
#10127=CARTESIAN_POINT('',(-34.7747842080159,-8.62505097646043,14.8));
#10128=CARTESIAN_POINT('',(-34.5102347907121,-9.49852536236348,14.8));
#10129=CARTESIAN_POINT('',(-34.7747842080159,-8.62505097646043,0.));
#10130=CARTESIAN_POINT('Origin',(-33.7165865388008,-12.1189485200725,0.));
#10131=CARTESIAN_POINT('',(-30.1931176778006,-11.3330554086038,10.8050594418169));
#10132=CARTESIAN_POINT('',(-17.5628216045401,-8.51592743859301,13.0357776229615));
#10133=CARTESIAN_POINT('',(-30.1931176778006,-11.3330554086038,16.));
#10134=CARTESIAN_POINT('',(-30.1931176778006,-11.3330554086038,0.));
#10135=CARTESIAN_POINT('',(-32.5420969184674,-11.8569841495829,16.));
#10136=CARTESIAN_POINT('',(-32.7834796169779,-11.910823422036,16.));
#10137=CARTESIAN_POINT('',(-37.0849846342062,-12.8702538286461,11.3584389640336));
#10138=CARTESIAN_POINT('',(-30.1931176778006,-11.3330554086038,0.));
#10139=CARTESIAN_POINT('',(-33.7165865388008,-12.1189485200725,0.));
#10140=CARTESIAN_POINT('',(-30.1931176778006,-11.3330554086038,5.1949407966017));
#10141=CARTESIAN_POINT('',(-30.1931176778006,-11.3330554086038,0.));
#10142=CARTESIAN_POINT('',(-16.8911347928939,-8.36611086317784,2.84559166855899));
#10143=CARTESIAN_POINT('Origin',(-35.1029530328855,-2.52639690934099,0.6));
#10144=CARTESIAN_POINT('',(-34.2297599698986,-5.28201451886672,0.));
#10145=CARTESIAN_POINT('',(-34.5058191714553,-2.46782087726834,0.));
#10146=CARTESIAN_POINT('',(-35.4327875897202,-5.3098667292488,1.2));
#10147=CARTESIAN_POINT('',(-34.8841188576347,-5.29716408077729,0.652712084365814));
#10148=CARTESIAN_POINT('',(-35.7000868943158,-2.58497294141364,1.2));
#10149=CARTESIAN_POINT('Origin',(-35.7891866625143,-1.67667501213528,0.));
#10150=CARTESIAN_POINT('',(-35.4327875897202,-5.3098667292488,14.8));
#10151=CARTESIAN_POINT('',(-35.4327875897202,-5.3098667292488,0.));
#10152=CARTESIAN_POINT('',(-35.7000868943158,-2.58497294141364,14.8));
#10153=CARTESIAN_POINT('Origin',(-35.4327875897202,-5.3098667292488,0.));
#10154=CARTESIAN_POINT('',(-31.8237047302553,-5.22631009810256,0.));
#10155=CARTESIAN_POINT('',(-35.4327875897202,-5.3098667292488,0.));
#10156=CARTESIAN_POINT('',(-31.8237047302553,-5.22631009810256,16.));
#10157=CARTESIAN_POINT('',(-31.8237047302553,-5.22631009810256,0.));
#10158=CARTESIAN_POINT('',(-34.2297599698986,-5.28201451886672,16.));
#10159=CARTESIAN_POINT('',(-34.2274130348741,-5.28196018318317,16.));
#10160=CARTESIAN_POINT('',(-38.8830317410282,-5.38974596426254,11.3584389640336));
#10161=CARTESIAN_POINT('Origin',(-34.9211427550379,4.37193111276455,0.6));
#10162=CARTESIAN_POINT('',(-35.4283754892784,5.33922571646057,1.2));
#10163=CARTESIAN_POINT('',(-34.2253713617634,5.31037664613107,0.));
#10164=CARTESIAN_POINT('',(-33.9408376412994,5.30355328357974,-0.283823186261325));
#10165=CARTESIAN_POINT('',(-34.6024486798315,1.49889637200611,0.));
#10166=CARTESIAN_POINT('',(-34.3240576367019,4.31286029542122,0.));
#10167=CARTESIAN_POINT('',(-35.7877850256608,1.70633057104995,1.2));
#10168=CARTESIAN_POINT('',(-35.2471848106322,1.61172537902832,0.652712084365813));
#10169=CARTESIAN_POINT('',(-35.518227873374,4.43100193010789,1.2));
#10170=CARTESIAN_POINT('Origin',(-35.4283754892784,5.33922571646057,0.));
#10171=CARTESIAN_POINT('',(-35.7877850256608,1.70633057104995,14.8));
#10172=CARTESIAN_POINT('',(-35.7877850256608,1.70633057104995,0.));
#10173=CARTESIAN_POINT('',(-35.4283754892784,5.33922571646057,14.8));
#10174=CARTESIAN_POINT('',(-35.518227873374,4.43100193010789,14.8));
#10175=CARTESIAN_POINT('',(-35.4283754892784,5.33922571646057,0.));
#10176=CARTESIAN_POINT('Origin',(-35.7877850256608,1.70633057104995,0.));
#10177=CARTESIAN_POINT('',(-32.2317759881729,1.08402797391842,10.8050594418169));
#10178=CARTESIAN_POINT('',(-19.4848357555544,-1.14669020722621,13.0357776229615));
#10179=CARTESIAN_POINT('',(-32.2317759881729,1.08402797391842,16.));
#10180=CARTESIAN_POINT('',(-32.2317759881729,1.08402797391842,0.));
#10181=CARTESIAN_POINT('',(-34.6024486798315,1.4988963720061,16.));
#10182=CARTESIAN_POINT('',(-34.8460606120661,1.541528529721,16.));
#10183=CARTESIAN_POINT('',(-39.1872911775949,2.30124511851343,11.3584389640336));
#10184=CARTESIAN_POINT('',(-32.2317759881729,1.08402797391842,0.));
#10185=CARTESIAN_POINT('',(-35.7877850256608,1.70633057104995,0.));
#10186=CARTESIAN_POINT('',(-32.2317759881729,1.08402797391842,5.19494079660169));
#10187=CARTESIAN_POINT('',(-32.2317759881729,1.08402797391842,0.));
#10188=CARTESIAN_POINT('',(-18.8069457367118,-1.26532115412429,2.84559166855898));
#10189=CARTESIAN_POINT('Origin',(-33.3977100785711,11.0992321572353,0.6));
#10190=CARTESIAN_POINT('',(-33.6455140848456,8.21921692990553,0.));
#10191=CARTESIAN_POINT('',(-32.8236142488184,10.9248361186894,0.));
#10192=CARTESIAN_POINT('',(-34.7676252593125,8.65386358158167,1.2));
#10193=CARTESIAN_POINT('',(-34.2558603544927,8.45563286488733,0.65271208436581));
#10194=CARTESIAN_POINT('',(-33.9718059083239,11.2736281957812,1.2));
#10195=CARTESIAN_POINT('Origin',(-33.7065327913276,12.146883067181,0.));
#10196=CARTESIAN_POINT('',(-34.7676252593125,8.65386358158167,14.8));
#10197=CARTESIAN_POINT('',(-34.7676252593125,8.65386358158167,0.));
#10198=CARTESIAN_POINT('',(-33.9718059083239,11.2736281957812,14.8));
#10199=CARTESIAN_POINT('Origin',(-34.7676252593125,8.65386358158167,0.));
#10200=CARTESIAN_POINT('',(-31.4012917359117,7.34992362655322,0.));
#10201=CARTESIAN_POINT('',(-34.7676252593125,8.65386358158167,0.));
#10202=CARTESIAN_POINT('',(-31.4012917359117,7.34992362655322,16.));
#10203=CARTESIAN_POINT('',(-31.4012917359117,7.34992362655322,0.));
#10204=CARTESIAN_POINT('',(-33.6455140848456,8.21921692990553,16.));
#10205=CARTESIAN_POINT('',(-33.6433250062465,8.21836899638076,16.));
#10206=CARTESIAN_POINT('',(-37.9858036727025,9.90041606559993,11.3584389640336));
#10207=CARTESIAN_POINT('Origin',(-30.5898634389879,17.4028804442417,0.6));
#10208=CARTESIAN_POINT('',(-30.6883177613217,18.4906536942521,1.2));
#10209=CARTESIAN_POINT('',(-29.5879269316383,18.0036308799759,0.));
#10210=CARTESIAN_POINT('',(-29.3276632387937,17.888440574201,-0.283823186261323));
#10211=CARTESIAN_POINT('',(-31.3948913016697,14.6265835084867,0.));
#10212=CARTESIAN_POINT('',(-30.0608341421237,17.1198115426305,0.));
#10213=CARTESIAN_POINT('',(-32.4106176594431,15.2718363006552,1.2));
#10214=CARTESIAN_POINT('',(-31.9473720251093,14.9775537542526,0.652712084365815));
#10215=CARTESIAN_POINT('',(-31.1188927358521,17.6859493458528,1.2));
#10216=CARTESIAN_POINT('Origin',(-30.6883177613217,18.4906536942521,0.));
#10217=CARTESIAN_POINT('',(-32.4106176594431,15.2718363006552,14.8));
#10218=CARTESIAN_POINT('',(-32.4106176594431,15.2718363006552,0.));
#10219=CARTESIAN_POINT('',(-30.6883177613217,18.4906536942521,14.8));
#10220=CARTESIAN_POINT('',(-31.1188927358521,17.6859493458528,14.8));
#10221=CARTESIAN_POINT('',(-30.6883177613217,18.4906536942521,0.));
#10222=CARTESIAN_POINT('Origin',(-32.4106176594431,15.2718363006552,0.));
#10223=CARTESIAN_POINT('',(-29.3634385861229,13.3360779241496,10.8050594418169));
#10224=CARTESIAN_POINT('',(-18.4404602932616,6.39712021341817,13.0357776229615));
#10225=CARTESIAN_POINT('',(-29.3634385861229,13.3360779241496,16.));
#10226=CARTESIAN_POINT('',(-29.3634385861229,13.3360779241496,0.));
#10227=CARTESIAN_POINT('',(-31.3948913016697,14.6265835084867,16.));
#10228=CARTESIAN_POINT('',(-31.6036447592932,14.7591967368189,16.));
#10229=CARTESIAN_POINT('',(-35.3236878728739,17.1224003572183,11.3584389640336));
#10230=CARTESIAN_POINT('',(-29.3634385861229,13.3360779241496,0.));
#10231=CARTESIAN_POINT('',(-32.4106176594431,15.2718363006552,0.));
#10232=CARTESIAN_POINT('',(-29.3634385861229,13.3360779241496,5.19494079660168));
#10233=CARTESIAN_POINT('',(-29.3634385861229,13.3360779241496,0.));
#10234=CARTESIAN_POINT('',(-17.8595696775028,6.02810223047985,2.84559166855897));
#10235=CARTESIAN_POINT('Origin',(-26.60796851579,23.0351037426625,0.6));
#10236=CARTESIAN_POINT('',(-27.9390436777195,20.4691471084866,0.));
#10237=CARTESIAN_POINT('',(-26.144311603603,22.6542858494626,0.));
#10238=CARTESIAN_POINT('',(-28.8094071524824,21.300121609585,1.2));
#10239=CARTESIAN_POINT('',(-28.4124576425265,20.9211363573756,0.652712084365813));
#10240=CARTESIAN_POINT('',(-27.071625427977,23.4159216358624,1.2));
#10241=CARTESIAN_POINT('Origin',(-26.4923648531419,24.1211883112881,0.));
#10242=CARTESIAN_POINT('',(-28.8094071524824,21.300121609585,14.8));
#10243=CARTESIAN_POINT('',(-28.8094071524824,21.300121609585,0.));
#10244=CARTESIAN_POINT('',(-27.071625427977,23.4159216358624,14.8));
#10245=CARTESIAN_POINT('Origin',(-28.8094071524824,21.300121609585,0.));
#10246=CARTESIAN_POINT('',(-26.198316728194,18.8071981062898,0.));
#10247=CARTESIAN_POINT('',(-28.8094071524824,21.300121609585,0.));
#10248=CARTESIAN_POINT('',(-26.198316728194,18.8071981062898,16.));
#10249=CARTESIAN_POINT('',(-26.198316728194,18.8071981062899,0.));
#10250=CARTESIAN_POINT('',(-27.9390436777195,20.4691471084866,16.));
#10251=CARTESIAN_POINT('',(-27.9373457229185,20.4675259959462,16.));
#10252=CARTESIAN_POINT('',(-31.3055813373757,23.6833294969699,11.3584389640336));
#10253=CARTESIAN_POINT('Origin',(-21.6015547121545,27.784398985587,0.6));
#10254=CARTESIAN_POINT('',(-21.2762418444971,28.8270472652869,1.2));
#10255=CARTESIAN_POINT('',(-20.4459888413968,27.9559955156647,0.));
#10256=CARTESIAN_POINT('',(-20.249617964111,27.7499749465178,-0.283823186261323));
#10257=CARTESIAN_POINT('',(-23.4077463182269,25.5275058961098,0.));
#10258=CARTESIAN_POINT('',(-21.2211211515472,27.3204266739523,0.));
#10259=CARTESIAN_POINT('',(-24.0992275575558,26.5123433930265,1.2));
#10260=CARTESIAN_POINT('',(-23.7838614524121,26.0631853422549,0.652712084365815));
#10261=CARTESIAN_POINT('',(-21.9819882727618,28.2483712972217,1.2));
#10262=CARTESIAN_POINT('Origin',(-21.2762418444971,28.8270472652869,0.));
#10263=CARTESIAN_POINT('',(-24.0992275575558,26.5123433930265,14.8));
#10264=CARTESIAN_POINT('',(-24.0992275575558,26.5123433930265,0.));
#10265=CARTESIAN_POINT('',(-21.2762418444971,28.8270472652869,14.8));
#10266=CARTESIAN_POINT('',(-21.9819882727618,28.2483712972217,14.8));
#10267=CARTESIAN_POINT('',(-21.2762418444971,28.8270472652869,0.));
#10268=CARTESIAN_POINT('Origin',(-24.0992275575558,26.5123433930265,0.));
#10269=CARTESIAN_POINT('',(-22.0247838395692,23.5578309022764,10.8050594418169));
#10270=CARTESIAN_POINT('',(-14.5886919145085,12.9670270716088,13.0357776229615));
#10271=CARTESIAN_POINT('',(-22.0247838395692,23.5578309022764,16.));
#10272=CARTESIAN_POINT('',(-22.0247838395692,23.5578309022765,0.));
#10273=CARTESIAN_POINT('',(-23.4077463182269,25.5275058961098,16.));
#10274=CARTESIAN_POINT('',(-23.5498604796711,25.7299110331876,16.));
#10275=CARTESIAN_POINT('',(-26.0823732995358,29.3368253564824,11.3584389640336));
#10276=CARTESIAN_POINT('',(-22.0247838395692,23.5578309022764,0.));
#10277=CARTESIAN_POINT('',(-24.0992275575558,26.5123433930265,0.));
#10278=CARTESIAN_POINT('',(-22.0247838395692,23.5578309022764,5.19494079660169));
#10279=CARTESIAN_POINT('',(-22.0247838395692,23.5578309022765,0.));
#10280=CARTESIAN_POINT('',(-14.1932360322964,12.4038016953762,2.84559166855898));
#10281=CARTESIAN_POINT('Origin',(-15.7674049483151,31.4640895970048,0.6));
#10282=CARTESIAN_POINT('',(-17.9791071387223,29.6028351930813,0.));
#10283=CARTESIAN_POINT('',(-15.4847745155139,30.9348259212678,0.));
#10284=CARTESIAN_POINT('',(-18.4652179646129,30.7036292086123,1.2));
#10285=CARTESIAN_POINT('',(-18.2435158140555,30.2015864900268,0.652712084365814));
#10286=CARTESIAN_POINT('',(-16.0500353811163,31.9933532727417,1.2));
#10287=CARTESIAN_POINT('Origin',(-15.2449745199508,32.4232612941182,0.));
#10288=CARTESIAN_POINT('',(-18.4652179646129,30.7036292086123,14.8));
#10289=CARTESIAN_POINT('',(-18.4652179646129,30.7036292086123,0.));
#10290=CARTESIAN_POINT('',(-16.0500353811163,31.9933532727417,14.8));
#10291=CARTESIAN_POINT('Origin',(-18.4652179646129,30.7036292086123,0.));
#10292=CARTESIAN_POINT('',(-17.0068854869412,27.4012471620192,0.));
#10293=CARTESIAN_POINT('',(-18.4652179646129,30.7036292086123,0.));
#10294=CARTESIAN_POINT('',(-17.0068854869412,27.4012471620192,16.));
#10295=CARTESIAN_POINT('',(-17.0068854869412,27.4012471620192,0.));
#10296=CARTESIAN_POINT('',(-17.9791071387223,29.6028351930813,16.));
#10297=CARTESIAN_POINT('',(-17.9781588059457,29.600687701214,16.));
#10298=CARTESIAN_POINT('',(-19.8593680292349,33.8606707023427,11.3584389640336));
#10299=CARTESIAN_POINT('Origin',(-9.32460509897674,33.9359946475808,0.6));
#10300=CARTESIAN_POINT('',(-8.62505097646043,34.7747842080159,1.2));
#10301=CARTESIAN_POINT('',(-8.19133429340304,33.652313255824,0.));
#10302=CARTESIAN_POINT('',(-8.08875191763634,33.3868271873766,-0.283823186261323));
#10303=CARTESIAN_POINT('',(-11.8569841495829,32.5420969184674,0.));
#10304=CARTESIAN_POINT('',(-9.15068483559,33.3617545044495,0.));
#10305=CARTESIAN_POINT('',(-12.1189485200725,33.7165865388008,1.2));
#10306=CARTESIAN_POINT('',(-11.9994735748261,33.1809332252623,0.652712084365815));
#10307=CARTESIAN_POINT('',(-9.49852536236348,34.5102347907121,1.2));
#10308=CARTESIAN_POINT('Origin',(-8.62505097646043,34.7747842080159,0.));
#10309=CARTESIAN_POINT('',(-12.1189485200725,33.7165865388008,14.8));
#10310=CARTESIAN_POINT('',(-12.1189485200725,33.7165865388008,0.));
#10311=CARTESIAN_POINT('',(-8.62505097646043,34.7747842080159,14.8));
#10312=CARTESIAN_POINT('',(-9.49852536236348,34.5102347907121,14.8));
#10313=CARTESIAN_POINT('',(-8.62505097646043,34.7747842080159,0.));
#10314=CARTESIAN_POINT('Origin',(-12.1189485200725,33.7165865388008,0.));
#10315=CARTESIAN_POINT('',(-11.3330554086038,30.1931176778006,10.8050594418169));
#10316=CARTESIAN_POINT('',(-8.51592743859302,17.5628216045401,13.0357776229615));
#10317=CARTESIAN_POINT('',(-11.3330554086038,30.1931176778006,16.));
#10318=CARTESIAN_POINT('',(-11.3330554086038,30.1931176778006,0.));
#10319=CARTESIAN_POINT('',(-11.8569841495829,32.5420969184674,16.));
#10320=CARTESIAN_POINT('',(-11.910823422036,32.7834796169779,16.));
#10321=CARTESIAN_POINT('',(-12.8702538286461,37.0849846342062,11.3584389640336));
#10322=CARTESIAN_POINT('',(-11.3330554086038,30.1931176778006,0.));
#10323=CARTESIAN_POINT('',(-12.1189485200725,33.7165865388008,0.));
#10324=CARTESIAN_POINT('',(-11.3330554086038,30.1931176778006,5.19494079660169));
#10325=CARTESIAN_POINT('',(-11.3330554086038,30.1931176778006,0.));
#10326=CARTESIAN_POINT('',(-8.36611086317784,16.8911347928939,2.84559166855898));
#10327=CARTESIAN_POINT('Origin',(-2.52639690934099,35.1029530328855,0.6));
#10328=CARTESIAN_POINT('',(-5.28201451886672,34.2297599698985,0.));
#10329=CARTESIAN_POINT('',(-2.46782087726834,34.5058191714553,0.));
#10330=CARTESIAN_POINT('',(-5.3098667292488,35.4327875897202,1.2));
#10331=CARTESIAN_POINT('',(-5.29716408077729,34.8841188576347,0.652712084365815));
#10332=CARTESIAN_POINT('',(-2.58497294141365,35.7000868943158,1.2));
#10333=CARTESIAN_POINT('Origin',(-1.67667501213528,35.7891866625143,0.));
#10334=CARTESIAN_POINT('',(-5.3098667292488,35.4327875897202,14.8));
#10335=CARTESIAN_POINT('',(-5.3098667292488,35.4327875897202,0.));
#10336=CARTESIAN_POINT('',(-2.58497294141365,35.7000868943158,14.8));
#10337=CARTESIAN_POINT('Origin',(-5.3098667292488,35.4327875897202,0.));
#10338=CARTESIAN_POINT('',(-5.22631009810256,31.8237047302553,0.));
#10339=CARTESIAN_POINT('',(-5.3098667292488,35.4327875897202,0.));
#10340=CARTESIAN_POINT('',(-5.22631009810256,31.8237047302553,16.));
#10341=CARTESIAN_POINT('',(-5.22631009810256,31.8237047302553,0.));
#10342=CARTESIAN_POINT('',(-5.28201451886672,34.2297599698986,16.));
#10343=CARTESIAN_POINT('',(-5.28196018318317,34.2274130348741,16.));
#10344=CARTESIAN_POINT('',(-5.38974596426255,38.8830317410282,11.3584389640336));
#10345=CARTESIAN_POINT('Origin',(4.37193111276457,34.9211427550379,0.6));
#10346=CARTESIAN_POINT('',(5.33922571646059,35.4283754892783,1.2));
#10347=CARTESIAN_POINT('',(5.31037664613109,34.2253713617634,0.));
#10348=CARTESIAN_POINT('',(5.30355328357976,33.9408376412994,-0.283823186261322));
#10349=CARTESIAN_POINT('',(1.49889637200612,34.6024486798315,0.));
#10350=CARTESIAN_POINT('',(4.31286029542124,34.3240576367018,0.));
#10351=CARTESIAN_POINT('',(1.70633057104996,35.7877850256608,1.2));
#10352=CARTESIAN_POINT('',(1.61172537902834,35.2471848106322,0.652712084365816));
#10353=CARTESIAN_POINT('',(4.43100193010791,35.518227873374,1.2));
#10354=CARTESIAN_POINT('Origin',(5.33922571646059,35.4283754892783,0.));
#10355=CARTESIAN_POINT('',(1.70633057104996,35.7877850256608,14.8));
#10356=CARTESIAN_POINT('',(1.70633057104996,35.7877850256608,0.));
#10357=CARTESIAN_POINT('',(5.33922571646059,35.4283754892783,14.8));
#10358=CARTESIAN_POINT('',(4.43100193010791,35.518227873374,14.8));
#10359=CARTESIAN_POINT('',(5.33922571646059,35.4283754892783,0.));
#10360=CARTESIAN_POINT('Origin',(1.70633057104996,35.7877850256608,0.));
#10361=CARTESIAN_POINT('',(1.08402797391844,32.2317759881729,10.8050594418169));
#10362=CARTESIAN_POINT('',(-1.1466902072262,19.4848357555544,13.0357776229615));
#10363=CARTESIAN_POINT('',(1.08402797391844,32.2317759881729,16.));
#10364=CARTESIAN_POINT('',(1.08402797391844,32.2317759881729,0.));
#10365=CARTESIAN_POINT('',(1.49889637200612,34.6024486798315,16.));
#10366=CARTESIAN_POINT('',(1.54152852972102,34.8460606120661,16.));
#10367=CARTESIAN_POINT('',(2.30124511851345,39.1872911775949,11.3584389640336));
#10368=CARTESIAN_POINT('',(1.08402797391844,32.2317759881729,0.));
#10369=CARTESIAN_POINT('',(1.70633057104996,35.7877850256608,0.));
#10370=CARTESIAN_POINT('',(1.08402797391844,32.2317759881729,5.19494079660171));
#10371=CARTESIAN_POINT('',(1.08402797391844,32.2317759881729,0.));
#10372=CARTESIAN_POINT('',(-1.26532115412429,18.8069457367117,2.84559166855899));
#10373=CARTESIAN_POINT('Origin',(11.0992321572353,33.3977100785711,0.6));
#10374=CARTESIAN_POINT('',(8.21921692990554,33.6455140848456,0.));
#10375=CARTESIAN_POINT('',(10.9248361186894,32.8236142488184,0.));
#10376=CARTESIAN_POINT('',(8.65386358158169,34.7676252593125,1.2));
#10377=CARTESIAN_POINT('',(8.45563286488734,34.2558603544927,0.652712084365814));
#10378=CARTESIAN_POINT('',(11.2736281957812,33.9718059083238,1.2));
#10379=CARTESIAN_POINT('Origin',(12.146883067181,33.7065327913276,0.));
#10380=CARTESIAN_POINT('',(8.65386358158169,34.7676252593125,14.8));
#10381=CARTESIAN_POINT('',(8.65386358158169,34.7676252593125,0.));
#10382=CARTESIAN_POINT('',(11.2736281957812,33.9718059083238,14.8));
#10383=CARTESIAN_POINT('Origin',(8.65386358158169,34.7676252593125,0.));
#10384=CARTESIAN_POINT('',(7.34992362655324,31.4012917359117,0.));
#10385=CARTESIAN_POINT('',(8.65386358158169,34.7676252593125,0.));
#10386=CARTESIAN_POINT('',(7.34992362655324,31.4012917359117,16.));
#10387=CARTESIAN_POINT('',(7.34992362655323,31.4012917359117,0.));
#10388=CARTESIAN_POINT('',(8.21921692990554,33.6455140848456,16.));
#10389=CARTESIAN_POINT('',(8.21836899638077,33.6433250062465,16.));
#10390=CARTESIAN_POINT('',(9.90041606559994,37.9858036727025,11.3584389640336));
#10391=CARTESIAN_POINT('Origin',(17.4028804442417,30.5898634389879,0.6));
#10392=CARTESIAN_POINT('',(18.4906536942521,30.6883177613217,1.2));
#10393=CARTESIAN_POINT('',(18.0036308799759,29.5879269316383,0.));
#10394=CARTESIAN_POINT('',(17.888440574201,29.3276632387937,-0.283823186261323));
#10395=CARTESIAN_POINT('',(14.6265835084867,31.3948913016697,0.));
#10396=CARTESIAN_POINT('',(17.1198115426305,30.0608341421237,0.));
#10397=CARTESIAN_POINT('',(15.2718363006552,32.4106176594431,1.2));
#10398=CARTESIAN_POINT('',(14.9775537542526,31.9473720251093,0.652712084365815));
#10399=CARTESIAN_POINT('',(17.6859493458528,31.1188927358521,1.2));
#10400=CARTESIAN_POINT('Origin',(18.4906536942521,30.6883177613217,0.));
#10401=CARTESIAN_POINT('',(15.2718363006552,32.4106176594431,14.8));
#10402=CARTESIAN_POINT('',(15.2718363006552,32.4106176594431,0.));
#10403=CARTESIAN_POINT('',(18.4906536942521,30.6883177613217,14.8));
#10404=CARTESIAN_POINT('',(17.6859493458528,31.1188927358521,14.8));
#10405=CARTESIAN_POINT('',(18.4906536942521,30.6883177613217,0.));
#10406=CARTESIAN_POINT('Origin',(15.2718363006552,32.4106176594431,0.));
#10407=CARTESIAN_POINT('',(13.3360779241496,29.3634385861229,10.8050594418169));
#10408=CARTESIAN_POINT('',(6.39712021341817,18.4404602932616,13.0357776229615));
#10409=CARTESIAN_POINT('',(13.3360779241496,29.3634385861229,16.));
#10410=CARTESIAN_POINT('',(13.3360779241496,29.3634385861229,0.));
#10411=CARTESIAN_POINT('',(14.6265835084867,31.3948913016697,16.));
#10412=CARTESIAN_POINT('',(14.7591967368189,31.6036447592932,16.));
#10413=CARTESIAN_POINT('',(17.1224003572183,35.3236878728739,11.3584389640336));
#10414=CARTESIAN_POINT('',(13.3360779241496,29.3634385861229,0.));
#10415=CARTESIAN_POINT('',(15.2718363006552,32.4106176594431,0.));
#10416=CARTESIAN_POINT('',(13.3360779241496,29.3634385861229,5.1949407966017));
#10417=CARTESIAN_POINT('',(13.3360779241496,29.3634385861229,0.));
#10418=CARTESIAN_POINT('',(6.02810223047985,17.8595696775028,2.84559166855898));
#10419=CARTESIAN_POINT('Origin',(23.0351037426625,26.60796851579,0.6));
#10420=CARTESIAN_POINT('',(20.4691471084867,27.9390436777195,0.));
#10421=CARTESIAN_POINT('',(22.6542858494626,26.144311603603,0.));
#10422=CARTESIAN_POINT('',(21.300121609585,28.8094071524823,1.2));
#10423=CARTESIAN_POINT('',(20.9211363573756,28.4124576425265,0.652712084365812));
#10424=CARTESIAN_POINT('',(23.4159216358624,27.071625427977,1.2));
#10425=CARTESIAN_POINT('Origin',(24.1211883112881,26.4923648531419,0.));
#10426=CARTESIAN_POINT('',(21.300121609585,28.8094071524823,14.8));
#10427=CARTESIAN_POINT('',(21.300121609585,28.8094071524823,0.));
#10428=CARTESIAN_POINT('',(23.4159216358624,27.071625427977,14.8));
#10429=CARTESIAN_POINT('Origin',(21.300121609585,28.8094071524823,0.));
#10430=CARTESIAN_POINT('',(18.8071981062899,26.198316728194,0.));
#10431=CARTESIAN_POINT('',(21.300121609585,28.8094071524823,0.));
#10432=CARTESIAN_POINT('',(18.8071981062899,26.198316728194,16.));
#10433=CARTESIAN_POINT('',(18.8071981062899,26.198316728194,0.));
#10434=CARTESIAN_POINT('',(20.4691471084867,27.9390436777196,16.));
#10435=CARTESIAN_POINT('',(20.4675259959462,27.9373457229185,16.));
#10436=CARTESIAN_POINT('',(23.6833294969699,31.3055813373757,11.3584389640336));
#10437=CARTESIAN_POINT('Origin',(27.784398985587,21.6015547121545,0.6));
#10438=CARTESIAN_POINT('',(28.8270472652869,21.2762418444971,1.2));
#10439=CARTESIAN_POINT('',(27.9559955156647,20.4459888413968,0.));
#10440=CARTESIAN_POINT('',(27.7499749465178,20.249617964111,-0.283823186261322));
#10441=CARTESIAN_POINT('',(25.5275058961098,23.407746318227,0.));
#10442=CARTESIAN_POINT('',(27.3204266739523,21.2211211515472,0.));
#10443=CARTESIAN_POINT('',(26.5123433930265,24.0992275575558,1.2));
#10444=CARTESIAN_POINT('',(26.0631853422549,23.7838614524121,0.652712084365815));
#10445=CARTESIAN_POINT('',(28.2483712972217,21.9819882727618,1.2));
#10446=CARTESIAN_POINT('Origin',(28.8270472652869,21.2762418444971,0.));
#10447=CARTESIAN_POINT('',(26.5123433930265,24.0992275575558,14.8));
#10448=CARTESIAN_POINT('',(26.5123433930265,24.0992275575558,0.));
#10449=CARTESIAN_POINT('',(28.8270472652869,21.2762418444971,14.8));
#10450=CARTESIAN_POINT('',(28.2483712972217,21.9819882727618,14.8));
#10451=CARTESIAN_POINT('',(28.8270472652869,21.2762418444971,0.));
#10452=CARTESIAN_POINT('Origin',(26.5123433930265,24.0992275575558,0.));
#10453=CARTESIAN_POINT('',(23.5578309022764,22.0247838395692,10.8050594418169));
#10454=CARTESIAN_POINT('',(12.9670270716088,14.5886919145085,13.0357776229615));
#10455=CARTESIAN_POINT('',(23.5578309022764,22.0247838395692,16.));
#10456=CARTESIAN_POINT('',(23.5578309022764,22.0247838395692,0.));
#10457=CARTESIAN_POINT('',(25.5275058961098,23.407746318227,16.));
#10458=CARTESIAN_POINT('',(25.7299110331876,23.5498604796711,16.));
#10459=CARTESIAN_POINT('',(29.3368253564824,26.0823732995358,11.3584389640336));
#10460=CARTESIAN_POINT('',(23.5578309022764,22.0247838395692,0.));
#10461=CARTESIAN_POINT('',(26.5123433930265,24.0992275575558,0.));
#10462=CARTESIAN_POINT('',(23.5578309022764,22.0247838395692,5.19494079660168));
#10463=CARTESIAN_POINT('',(23.5578309022764,22.0247838395692,0.));
#10464=CARTESIAN_POINT('',(12.4038016953762,14.1932360322964,2.84559166855897));
#10465=CARTESIAN_POINT('Origin',(31.4640895970048,15.7674049483151,0.6));
#10466=CARTESIAN_POINT('',(29.6028351930813,17.9791071387223,0.));
#10467=CARTESIAN_POINT('',(30.9348259212678,15.4847745155139,0.));
#10468=CARTESIAN_POINT('',(30.7036292086123,18.4652179646129,1.2));
#10469=CARTESIAN_POINT('',(30.2015864900268,18.2435158140555,0.652712084365815));
#10470=CARTESIAN_POINT('',(31.9933532727417,16.0500353811163,1.2));
#10471=CARTESIAN_POINT('Origin',(32.4232612941182,15.2449745199508,0.));
#10472=CARTESIAN_POINT('',(30.7036292086123,18.4652179646129,14.8));
#10473=CARTESIAN_POINT('',(30.7036292086123,18.4652179646129,0.));
#10474=CARTESIAN_POINT('',(31.9933532727417,16.0500353811163,14.8));
#10475=CARTESIAN_POINT('Origin',(30.7036292086123,18.4652179646129,0.));
#10476=CARTESIAN_POINT('',(27.4012471620192,17.0068854869412,0.));
#10477=CARTESIAN_POINT('',(30.7036292086123,18.4652179646129,0.));
#10478=CARTESIAN_POINT('',(27.4012471620192,17.0068854869412,16.));
#10479=CARTESIAN_POINT('',(27.4012471620192,17.0068854869412,0.));
#10480=CARTESIAN_POINT('',(29.6028351930813,17.9791071387224,16.));
#10481=CARTESIAN_POINT('',(29.600687701214,17.9781588059458,16.));
#10482=CARTESIAN_POINT('',(33.8606707023427,19.8593680292349,11.3584389640336));
#10483=CARTESIAN_POINT('Origin',(33.9359946475808,9.32460509897673,0.6));
#10484=CARTESIAN_POINT('',(34.7747842080159,8.62505097646043,1.2));
#10485=CARTESIAN_POINT('',(33.652313255824,8.19133429340303,0.));
#10486=CARTESIAN_POINT('',(33.3868271873766,8.08875191763634,-0.283823186261324));
#10487=CARTESIAN_POINT('',(32.5420969184674,11.8569841495829,0.));
#10488=CARTESIAN_POINT('',(33.3617545044495,9.15068483558999,0.));
#10489=CARTESIAN_POINT('',(33.7165865388008,12.1189485200725,1.2));
#10490=CARTESIAN_POINT('',(33.1809332252623,11.9994735748261,0.652712084365814));
#10491=CARTESIAN_POINT('',(34.5102347907121,9.49852536236347,1.2));
#10492=CARTESIAN_POINT('Origin',(34.7747842080159,8.62505097646043,0.));
#10493=CARTESIAN_POINT('',(33.7165865388008,12.1189485200725,14.8));
#10494=CARTESIAN_POINT('',(33.7165865388008,12.1189485200725,0.));
#10495=CARTESIAN_POINT('',(34.7747842080159,8.62505097646043,14.8));
#10496=CARTESIAN_POINT('',(34.5102347907121,9.49852536236347,14.8));
#10497=CARTESIAN_POINT('',(34.7747842080159,8.62505097646043,0.));
#10498=CARTESIAN_POINT('Origin',(33.7165865388008,12.1189485200725,0.));
#10499=CARTESIAN_POINT('',(30.1931176778006,11.3330554086038,10.8050594418169));
#10500=CARTESIAN_POINT('',(17.5628216045401,8.51592743859301,13.0357776229615));
#10501=CARTESIAN_POINT('',(30.1931176778006,11.3330554086038,16.));
#10502=CARTESIAN_POINT('',(30.1931176778006,11.3330554086038,0.));
#10503=CARTESIAN_POINT('',(32.5420969184674,11.8569841495829,16.));
#10504=CARTESIAN_POINT('',(32.7834796169779,11.910823422036,16.));
#10505=CARTESIAN_POINT('',(37.0849846342062,12.8702538286461,11.3584389640336));
#10506=CARTESIAN_POINT('',(30.1931176778006,11.3330554086038,0.));
#10507=CARTESIAN_POINT('',(33.7165865388008,12.1189485200725,0.));
#10508=CARTESIAN_POINT('',(30.1931176778006,11.3330554086038,5.1949407966017));
#10509=CARTESIAN_POINT('',(30.1931176778006,11.3330554086038,0.));
#10510=CARTESIAN_POINT('',(16.8911347928939,8.36611086317784,2.84559166855898));
#10511=CARTESIAN_POINT('Origin',(35.1029530328855,2.52639690934099,0.6));
#10512=CARTESIAN_POINT('',(34.2297599698986,5.28201451886671,0.));
#10513=CARTESIAN_POINT('',(34.5058191714553,2.46782087726834,0.));
#10514=CARTESIAN_POINT('',(35.4327875897202,5.30986672924879,1.2));
#10515=CARTESIAN_POINT('',(34.8841188576347,5.29716408077728,0.652712084365813));
#10516=CARTESIAN_POINT('',(35.7000868943158,2.58497294141364,1.2));
#10517=CARTESIAN_POINT('Origin',(35.7891866625143,1.67667501213528,0.));
#10518=CARTESIAN_POINT('',(35.4327875897202,5.30986672924879,14.8));
#10519=CARTESIAN_POINT('',(35.4327875897202,5.30986672924879,0.));
#10520=CARTESIAN_POINT('',(35.7000868943158,2.58497294141364,14.8));
#10521=CARTESIAN_POINT('Origin',(35.4327875897202,5.30986672924879,0.));
#10522=CARTESIAN_POINT('',(31.8237047302553,5.22631009810256,0.));
#10523=CARTESIAN_POINT('',(35.4327875897202,5.30986672924879,0.));
#10524=CARTESIAN_POINT('',(31.8237047302553,5.22631009810256,16.));
#10525=CARTESIAN_POINT('',(31.8237047302553,5.22631009810256,0.));
#10526=CARTESIAN_POINT('',(34.2297599698985,5.28201451886671,16.));
#10527=CARTESIAN_POINT('',(34.2274130348741,5.28196018318316,16.));
#10528=CARTESIAN_POINT('',(38.8830317410282,5.38974596426254,11.3584389640336));
#10529=CARTESIAN_POINT('Origin',(34.9211427550379,-4.37193111276457,0.6));
#10530=CARTESIAN_POINT('',(35.4283754892783,-5.33922571646058,1.2));
#10531=CARTESIAN_POINT('',(34.2253713617634,-5.31037664613109,0.));
#10532=CARTESIAN_POINT('',(33.9408376412994,-5.30355328357975,-0.283823186261323));
#10533=CARTESIAN_POINT('',(34.6024486798315,-1.49889637200612,0.));
#10534=CARTESIAN_POINT('',(34.3240576367018,-4.31286029542123,0.));
#10535=CARTESIAN_POINT('',(35.7877850256608,-1.70633057104996,1.2));
#10536=CARTESIAN_POINT('',(35.2471848106322,-1.61172537902834,0.652712084365815));
#10537=CARTESIAN_POINT('',(35.518227873374,-4.4310019301079,1.2));
#10538=CARTESIAN_POINT('Origin',(35.4283754892783,-5.33922571646058,0.));
#10539=CARTESIAN_POINT('',(35.7877850256608,-1.70633057104996,14.8));
#10540=CARTESIAN_POINT('',(35.7877850256608,-1.70633057104996,0.));
#10541=CARTESIAN_POINT('',(35.4283754892783,-5.33922571646058,14.8));
#10542=CARTESIAN_POINT('',(35.518227873374,-4.4310019301079,14.8));
#10543=CARTESIAN_POINT('',(35.4283754892783,-5.33922571646058,0.));
#10544=CARTESIAN_POINT('Origin',(35.7877850256608,-1.70633057104996,0.));
#10545=CARTESIAN_POINT('',(32.2317759881729,-1.08402797391844,10.8050594418169));
#10546=CARTESIAN_POINT('',(19.4848357555544,1.1466902072262,13.0357776229615));
#10547=CARTESIAN_POINT('',(32.2317759881729,-1.08402797391844,16.));
#10548=CARTESIAN_POINT('',(32.2317759881729,-1.08402797391844,0.));
#10549=CARTESIAN_POINT('',(34.6024486798315,-1.49889637200612,16.));
#10550=CARTESIAN_POINT('',(34.8460606120661,-1.54152852972102,16.));
#10551=CARTESIAN_POINT('',(39.1872911775949,-2.30124511851345,11.3584389640336));
#10552=CARTESIAN_POINT('',(32.2317759881729,-1.08402797391844,0.));
#10553=CARTESIAN_POINT('',(35.7877850256608,-1.70633057104996,0.));
#10554=CARTESIAN_POINT('',(32.2317759881729,-1.08402797391844,5.19494079660172));
#10555=CARTESIAN_POINT('',(32.2317759881729,-1.08402797391844,0.));
#10556=CARTESIAN_POINT('',(18.8069457367117,1.26532115412428,2.84559166855899));
#10557=CARTESIAN_POINT('Origin',(33.3977100785711,-11.0992321572353,0.6));
#10558=CARTESIAN_POINT('',(33.6455140848456,-8.21921692990554,0.));
#10559=CARTESIAN_POINT('',(32.8236142488184,-10.9248361186894,0.));
#10560=CARTESIAN_POINT('',(34.7676252593125,-8.65386358158169,1.2));
#10561=CARTESIAN_POINT('',(34.2558603544927,-8.45563286488734,0.652712084365813));
#10562=CARTESIAN_POINT('',(33.9718059083238,-11.2736281957812,1.2));
#10563=CARTESIAN_POINT('Origin',(33.7065327913276,-12.146883067181,0.));
#10564=CARTESIAN_POINT('',(34.7676252593125,-8.65386358158169,14.8));
#10565=CARTESIAN_POINT('',(34.7676252593125,-8.65386358158169,0.));
#10566=CARTESIAN_POINT('',(33.9718059083238,-11.2736281957812,14.8));
#10567=CARTESIAN_POINT('Origin',(34.7676252593125,-8.65386358158169,0.));
#10568=CARTESIAN_POINT('',(31.4012917359117,-7.34992362655323,0.));
#10569=CARTESIAN_POINT('',(34.7676252593125,-8.65386358158169,0.));
#10570=CARTESIAN_POINT('',(31.4012917359117,-7.34992362655323,16.));
#10571=CARTESIAN_POINT('',(31.4012917359117,-7.34992362655324,0.));
#10572=CARTESIAN_POINT('',(33.6455140848456,-8.21921692990553,16.));
#10573=CARTESIAN_POINT('',(33.6433250062465,-8.21836899638077,16.));
#10574=CARTESIAN_POINT('',(37.9858036727025,-9.90041606559994,11.3584389640336));
#10575=CARTESIAN_POINT('Origin',(30.5898634389879,-17.4028804442417,0.6));
#10576=CARTESIAN_POINT('',(30.6883177613217,-18.4906536942521,1.2));
#10577=CARTESIAN_POINT('',(29.5879269316383,-18.0036308799759,0.));
#10578=CARTESIAN_POINT('',(29.3276632387937,-17.888440574201,-0.283823186261323));
#10579=CARTESIAN_POINT('',(31.3948913016697,-14.6265835084867,0.));
#10580=CARTESIAN_POINT('',(30.0608341421237,-17.1198115426305,0.));
#10581=CARTESIAN_POINT('',(32.4106176594431,-15.2718363006552,1.2));
#10582=CARTESIAN_POINT('',(31.9473720251093,-14.9775537542526,0.652712084365815));
#10583=CARTESIAN_POINT('',(31.1188927358521,-17.6859493458528,1.2));
#10584=CARTESIAN_POINT('Origin',(30.6883177613217,-18.4906536942521,0.));
#10585=CARTESIAN_POINT('',(32.4106176594431,-15.2718363006552,14.8));
#10586=CARTESIAN_POINT('',(32.4106176594431,-15.2718363006552,0.));
#10587=CARTESIAN_POINT('',(30.6883177613217,-18.4906536942521,14.8));
#10588=CARTESIAN_POINT('',(31.1188927358521,-17.6859493458528,14.8));
#10589=CARTESIAN_POINT('',(30.6883177613217,-18.4906536942521,0.));
#10590=CARTESIAN_POINT('Origin',(32.4106176594431,-15.2718363006552,0.));
#10591=CARTESIAN_POINT('',(29.3634385861229,-13.3360779241496,10.8050594418169));
#10592=CARTESIAN_POINT('',(18.4404602932616,-6.39712021341817,13.0357776229615));
#10593=CARTESIAN_POINT('',(29.3634385861229,-13.3360779241496,16.));
#10594=CARTESIAN_POINT('',(29.3634385861229,-13.3360779241496,0.));
#10595=CARTESIAN_POINT('',(31.3948913016697,-14.6265835084867,16.));
#10596=CARTESIAN_POINT('',(31.6036447592932,-14.7591967368189,16.));
#10597=CARTESIAN_POINT('',(35.3236878728739,-17.1224003572183,11.3584389640336));
#10598=CARTESIAN_POINT('',(29.3634385861229,-13.3360779241496,0.));
#10599=CARTESIAN_POINT('',(32.4106176594431,-15.2718363006552,0.));
#10600=CARTESIAN_POINT('',(29.3634385861229,-13.3360779241496,5.19494079660169));
#10601=CARTESIAN_POINT('',(29.3634385861229,-13.3360779241496,0.));
#10602=CARTESIAN_POINT('',(17.8595696775028,-6.02810223047984,2.84559166855897));
#10603=CARTESIAN_POINT('Origin',(26.60796851579,-23.0351037426625,0.6));
#10604=CARTESIAN_POINT('',(27.9390436777196,-20.4691471084867,0.));
#10605=CARTESIAN_POINT('',(26.144311603603,-22.6542858494626,0.));
#10606=CARTESIAN_POINT('',(28.8094071524823,-21.300121609585,1.2));
#10607=CARTESIAN_POINT('',(28.4124576425265,-20.9211363573756,0.652712084365811));
#10608=CARTESIAN_POINT('',(27.071625427977,-23.4159216358624,1.2));
#10609=CARTESIAN_POINT('Origin',(26.4923648531419,-24.1211883112881,0.));
#10610=CARTESIAN_POINT('',(28.8094071524823,-21.300121609585,14.8));
#10611=CARTESIAN_POINT('',(28.8094071524823,-21.300121609585,0.));
#10612=CARTESIAN_POINT('',(27.071625427977,-23.4159216358624,14.8));
#10613=CARTESIAN_POINT('Origin',(28.8094071524823,-21.300121609585,0.));
#10614=CARTESIAN_POINT('',(26.198316728194,-18.8071981062899,0.));
#10615=CARTESIAN_POINT('',(28.8094071524823,-21.300121609585,0.));
#10616=CARTESIAN_POINT('',(26.198316728194,-18.8071981062899,16.));
#10617=CARTESIAN_POINT('',(26.198316728194,-18.8071981062899,0.));
#10618=CARTESIAN_POINT('',(27.9390436777196,-20.4691471084867,16.));
#10619=CARTESIAN_POINT('',(27.9373457229185,-20.4675259959462,16.));
#10620=CARTESIAN_POINT('',(31.3055813373757,-23.6833294969699,11.3584389640336));
#10621=CARTESIAN_POINT('Origin',(21.6015547121545,-27.784398985587,0.6));
#10622=CARTESIAN_POINT('',(21.2762418444971,-28.8270472652869,1.2));
#10623=CARTESIAN_POINT('',(20.4459888413968,-27.9559955156647,0.));
#10624=CARTESIAN_POINT('',(20.249617964111,-27.7499749465178,-0.283823186261323));
#10625=CARTESIAN_POINT('',(23.407746318227,-25.5275058961098,0.));
#10626=CARTESIAN_POINT('',(21.2211211515472,-27.3204266739523,0.));
#10627=CARTESIAN_POINT('',(24.0992275575558,-26.5123433930265,1.2));
#10628=CARTESIAN_POINT('',(23.7838614524121,-26.0631853422549,0.652712084365815));
#10629=CARTESIAN_POINT('',(21.9819882727618,-28.2483712972218,1.2));
#10630=CARTESIAN_POINT('Origin',(21.2762418444971,-28.8270472652869,0.));
#10631=CARTESIAN_POINT('',(24.0992275575558,-26.5123433930265,14.8));
#10632=CARTESIAN_POINT('',(24.0992275575558,-26.5123433930265,0.));
#10633=CARTESIAN_POINT('',(21.2762418444971,-28.8270472652869,14.8));
#10634=CARTESIAN_POINT('',(21.9819882727618,-28.2483712972217,14.8));
#10635=CARTESIAN_POINT('',(21.2762418444971,-28.8270472652869,0.));
#10636=CARTESIAN_POINT('Origin',(24.0992275575558,-26.5123433930265,0.));
#10637=CARTESIAN_POINT('',(22.0247838395692,-23.5578309022764,10.8050594418169));
#10638=CARTESIAN_POINT('',(14.5886919145085,-12.9670270716088,13.0357776229615));
#10639=CARTESIAN_POINT('',(22.0247838395692,-23.5578309022764,16.));
#10640=CARTESIAN_POINT('',(22.0247838395692,-23.5578309022765,0.));
#10641=CARTESIAN_POINT('',(23.4077463182269,-25.5275058961098,16.));
#10642=CARTESIAN_POINT('',(23.5498604796711,-25.7299110331876,16.));
#10643=CARTESIAN_POINT('',(26.0823732995358,-29.3368253564824,11.3584389640336));
#10644=CARTESIAN_POINT('',(22.0247838395692,-23.5578309022764,0.));
#10645=CARTESIAN_POINT('',(24.0992275575558,-26.5123433930265,0.));
#10646=CARTESIAN_POINT('',(22.0247838395692,-23.5578309022764,5.19494079660169));
#10647=CARTESIAN_POINT('',(22.0247838395692,-23.5578309022765,0.));
#10648=CARTESIAN_POINT('',(14.1932360322964,-12.4038016953762,2.84559166855898));
#10649=CARTESIAN_POINT('Origin',(15.7674049483151,-31.4640895970048,0.6));
#10650=CARTESIAN_POINT('',(15.2449745199508,-32.4232612941182,1.2));
#10651=CARTESIAN_POINT('',(14.6005636146365,-31.4070006067014,0.));
#10652=CARTESIAN_POINT('',(14.4481479842967,-31.1666353180557,-0.283823186261323));
#10653=CARTESIAN_POINT('',(17.9791071387223,-29.6028351930813,0.));
#10654=CARTESIAN_POINT('',(15.4847745155139,-30.9348259212678,0.));
#10655=CARTESIAN_POINT('',(18.4652179646129,-30.7036292086123,1.2));
#10656=CARTESIAN_POINT('',(18.2435158140555,-30.2015864900268,0.652712084365815));
#10657=CARTESIAN_POINT('',(16.0500353811163,-31.9933532727417,1.2));
#10658=CARTESIAN_POINT('Origin',(15.2449745199508,-32.4232612941182,0.));
#10659=CARTESIAN_POINT('',(18.4652179646129,-30.7036292086123,14.8));
#10660=CARTESIAN_POINT('',(18.4652179646129,-30.7036292086123,0.));
#10661=CARTESIAN_POINT('',(15.2449745199508,-32.4232612941182,14.8));
#10662=CARTESIAN_POINT('',(16.0500353811163,-31.9933532727417,14.8));
#10663=CARTESIAN_POINT('',(15.2449745199508,-32.4232612941182,0.));
#10664=CARTESIAN_POINT('Origin',(18.4652179646129,-30.7036292086123,0.));
#10665=CARTESIAN_POINT('',(17.0068854869412,-27.4012471620192,0.));
#10666=CARTESIAN_POINT('',(18.4652179646129,-30.7036292086123,0.));
#10667=CARTESIAN_POINT('',(17.0068854869412,-27.4012471620192,16.));
#10668=CARTESIAN_POINT('',(17.0068854869412,-27.4012471620192,0.));
#10669=CARTESIAN_POINT('',(17.9791071387223,-29.6028351930813,16.));
#10670=CARTESIAN_POINT('',(17.9781588059457,-29.600687701214,16.));
#10671=CARTESIAN_POINT('',(19.8593680292349,-33.8606707023428,11.3584389640336));
#10672=CARTESIAN_POINT('Origin',(9.32460509897673,-33.9359946475808,0.6));
#10673=CARTESIAN_POINT('',(8.62505097646043,-34.7747842080159,1.2));
#10674=CARTESIAN_POINT('',(8.19133429340303,-33.652313255824,0.));
#10675=CARTESIAN_POINT('',(8.08875191763633,-33.3868271873766,-0.283823186261323));
#10676=CARTESIAN_POINT('',(9.15068483558999,-33.3617545044495,0.));
#10677=CARTESIAN_POINT('',(9.49852536236348,-34.5102347907121,1.2));
#10678=CARTESIAN_POINT('Origin',(8.62505097646043,-34.7747842080159,0.));
#10679=CARTESIAN_POINT('',(8.62505097646043,-34.7747842080159,14.8));
#10680=CARTESIAN_POINT('',(9.49852536236347,-34.5102347907121,14.8));
#10681=CARTESIAN_POINT('',(8.62505097646043,-34.7747842080159,0.));
#10682=CARTESIAN_POINT('Origin',(2.52639690934099,-35.1029530328855,0.6));
#10683=CARTESIAN_POINT('',(5.28201451886672,-34.2297599698986,0.));
#10684=CARTESIAN_POINT('',(2.46782087726834,-34.5058191714553,0.));
#10685=CARTESIAN_POINT('',(5.3098667292488,-35.4327875897202,1.2));
#10686=CARTESIAN_POINT('',(5.29716408077729,-34.8841188576347,0.652712084365814));
#10687=CARTESIAN_POINT('',(2.58497294141364,-35.7000868943158,1.2));
#10688=CARTESIAN_POINT('Origin',(1.67667501213528,-35.7891866625143,0.));
#10689=CARTESIAN_POINT('',(5.3098667292488,-35.4327875897202,14.8));
#10690=CARTESIAN_POINT('',(5.3098667292488,-35.4327875897202,0.));
#10691=CARTESIAN_POINT('',(2.58497294141364,-35.7000868943158,14.8));
#10692=CARTESIAN_POINT('Origin',(5.3098667292488,-35.4327875897202,0.));
#10693=CARTESIAN_POINT('',(5.22631009810256,-31.8237047302553,0.));
#10694=CARTESIAN_POINT('',(5.3098667292488,-35.4327875897202,0.));
#10695=CARTESIAN_POINT('',(5.22631009810256,-31.8237047302553,16.));
#10696=CARTESIAN_POINT('',(5.22631009810256,-31.8237047302553,0.));
#10697=CARTESIAN_POINT('',(5.28201451886672,-34.2297599698986,16.));
#10698=CARTESIAN_POINT('',(5.28196018318317,-34.2274130348741,16.));
#10699=CARTESIAN_POINT('',(5.38974596426254,-38.8830317410282,11.3584389640336));
#10700=CARTESIAN_POINT('Origin',(-4.37193111276455,-34.9211427550379,0.6));
#10701=CARTESIAN_POINT('',(-5.33922571646057,-35.4283754892784,1.2));
#10702=CARTESIAN_POINT('',(-5.31037664613107,-34.2253713617634,0.));
#10703=CARTESIAN_POINT('',(-5.30355328357974,-33.9408376412994,-0.283823186261325));
#10704=CARTESIAN_POINT('',(-1.49889637200611,-34.6024486798315,0.));
#10705=CARTESIAN_POINT('',(-4.31286029542122,-34.3240576367019,0.));
#10706=CARTESIAN_POINT('',(-1.70633057104995,-35.7877850256608,1.2));
#10707=CARTESIAN_POINT('',(-1.61172537902832,-35.2471848106322,0.652712084365813));
#10708=CARTESIAN_POINT('',(-4.43100193010789,-35.518227873374,1.2));
#10709=CARTESIAN_POINT('Origin',(-5.33922571646057,-35.4283754892784,0.));
#10710=CARTESIAN_POINT('',(-1.70633057104995,-35.7877850256608,14.8));
#10711=CARTESIAN_POINT('',(-1.70633057104995,-35.7877850256608,0.));
#10712=CARTESIAN_POINT('',(-5.33922571646057,-35.4283754892784,14.8));
#10713=CARTESIAN_POINT('',(-4.43100193010789,-35.518227873374,14.8));
#10714=CARTESIAN_POINT('',(-5.33922571646057,-35.4283754892784,0.));
#10715=CARTESIAN_POINT('Origin',(-1.70633057104995,-35.7877850256608,0.));
#10716=CARTESIAN_POINT('',(-1.08402797391842,-32.2317759881729,10.8050594418169));
#10717=CARTESIAN_POINT('',(1.14669020722621,-19.4848357555544,13.0357776229615));
#10718=CARTESIAN_POINT('',(-1.08402797391842,-32.2317759881729,16.));
#10719=CARTESIAN_POINT('',(-1.08402797391842,-32.2317759881729,0.));
#10720=CARTESIAN_POINT('',(-1.4988963720061,-34.6024486798315,16.));
#10721=CARTESIAN_POINT('',(-1.541528529721,-34.8460606120661,16.));
#10722=CARTESIAN_POINT('',(-2.30124511851343,-39.1872911775949,11.3584389640336));
#10723=CARTESIAN_POINT('',(-1.08402797391842,-32.2317759881729,0.));
#10724=CARTESIAN_POINT('',(-1.70633057104995,-35.7877850256608,0.));
#10725=CARTESIAN_POINT('',(-1.08402797391842,-32.2317759881729,5.1949407966017));
#10726=CARTESIAN_POINT('',(-1.08402797391842,-32.2317759881729,0.));
#10727=CARTESIAN_POINT('',(1.26532115412429,-18.8069457367118,2.84559166855898));
#10728=CARTESIAN_POINT('Origin',(33.3977100785711,-11.0992321572353,15.4));
#10729=CARTESIAN_POINT('',(32.8236142488184,-10.9248361186894,16.));
#10730=CARTESIAN_POINT('Origin',(0.,0.,16.));
#10731=CARTESIAN_POINT('',(31.8193631067335,-5.25267850547208,16.));
#10732=CARTESIAN_POINT('Origin',(0.,0.,16.));
#10733=CARTESIAN_POINT('',(34.2253713617634,-5.31037664613109,16.));
#10734=CARTESIAN_POINT('',(32.4252609336823,-5.26720845480671,16.));
#10735=CARTESIAN_POINT('',(34.3240576367018,-4.31286029542123,16.));
#10736=CARTESIAN_POINT('Origin',(0.,0.,16.));
#10737=CARTESIAN_POINT('',(34.5058191714553,2.46782087726833,16.));
#10738=CARTESIAN_POINT('',(31.4073713514402,7.32390092728825,16.));
#10739=CARTESIAN_POINT('Origin',(0.,0.,16.));
#10740=CARTESIAN_POINT('',(33.652313255824,8.19133429340303,16.));
#10741=CARTESIAN_POINT('',(31.9727083234348,7.5423440645689,16.));
#10742=CARTESIAN_POINT('',(33.3617545044495,9.15068483558999,16.));
#10743=CARTESIAN_POINT('Origin',(0.,0.,16.));
#10744=CARTESIAN_POINT('',(30.9348259212678,15.4847745155139,16.));
#10745=CARTESIAN_POINT('',(26.2138920164204,18.7854828351962,16.));
#10746=CARTESIAN_POINT('Origin',(0.,0.,16.));
#10747=CARTESIAN_POINT('',(27.9559955156647,20.4459888413968,16.));
#10748=CARTESIAN_POINT('',(26.6526007042669,19.2036430716331,16.));
#10749=CARTESIAN_POINT('',(27.3204266739523,21.2211211515472,16.));
#10750=CARTESIAN_POINT('Origin',(0.,0.,16.));
#10751=CARTESIAN_POINT('',(22.6542858494626,26.144311603603,16.));
#10752=CARTESIAN_POINT('',(17.0295852514235,27.3871452722714,16.));
#10753=CARTESIAN_POINT('Origin',(0.,0.,16.));
#10754=CARTESIAN_POINT('',(18.0036308799759,29.5879269316383,16.));
#10755=CARTESIAN_POINT('',(17.2748762343015,27.9413615024991,16.));
#10756=CARTESIAN_POINT('',(17.1198115426305,30.0608341421237,16.));
#10757=CARTESIAN_POINT('Origin',(0.,0.,16.));
#10758=CARTESIAN_POINT('',(10.9248361186894,32.8236142488184,16.));
#10759=CARTESIAN_POINT('',(5.25267850547209,31.8193631067335,16.));
#10760=CARTESIAN_POINT('Origin',(0.,0.,16.));
#10761=CARTESIAN_POINT('',(5.31037664613109,34.2253713617634,16.));
#10762=CARTESIAN_POINT('',(5.26720845480671,32.4252609336823,16.));
#10763=CARTESIAN_POINT('',(4.31286029542124,34.3240576367018,16.));
#10764=CARTESIAN_POINT('Origin',(0.,0.,16.));
#10765=CARTESIAN_POINT('',(-2.46782087726834,34.5058191714553,16.));
#10766=CARTESIAN_POINT('',(-7.32390092728826,31.4073713514402,16.));
#10767=CARTESIAN_POINT('Origin',(0.,0.,16.));
#10768=CARTESIAN_POINT('',(-8.19133429340304,33.652313255824,16.));
#10769=CARTESIAN_POINT('',(-7.5423440645689,31.9727083234348,16.));
#10770=CARTESIAN_POINT('',(-9.15068483559,33.3617545044495,16.));
#10771=CARTESIAN_POINT('Origin',(0.,0.,16.));
#10772=CARTESIAN_POINT('',(-15.4847745155139,30.9348259212678,16.));
#10773=CARTESIAN_POINT('',(-18.7854828351962,26.2138920164204,16.));
#10774=CARTESIAN_POINT('Origin',(0.,0.,16.));
#10775=CARTESIAN_POINT('',(-20.4459888413968,27.9559955156647,16.));
#10776=CARTESIAN_POINT('',(-19.2036430716331,26.6526007042669,16.));
#10777=CARTESIAN_POINT('',(-21.2211211515472,27.3204266739523,16.));
#10778=CARTESIAN_POINT('Origin',(0.,0.,16.));
#10779=CARTESIAN_POINT('',(-26.144311603603,22.6542858494626,16.));
#10780=CARTESIAN_POINT('',(-27.3871452722714,17.0295852514235,16.));
#10781=CARTESIAN_POINT('Origin',(0.,0.,16.));
#10782=CARTESIAN_POINT('',(-29.5879269316383,18.0036308799759,16.));
#10783=CARTESIAN_POINT('',(-27.9413615024991,17.2748762343015,16.));
#10784=CARTESIAN_POINT('',(-30.0608341421237,17.1198115426305,16.));
#10785=CARTESIAN_POINT('Origin',(0.,0.,16.));
#10786=CARTESIAN_POINT('',(-32.8236142488184,10.9248361186894,16.));
#10787=CARTESIAN_POINT('',(-31.8193631067335,5.25267850547207,16.));
#10788=CARTESIAN_POINT('Origin',(0.,0.,16.));
#10789=CARTESIAN_POINT('',(-34.2253713617634,5.31037664613107,16.));
#10790=CARTESIAN_POINT('',(-32.4252609336823,5.2672084548067,16.));
#10791=CARTESIAN_POINT('',(-34.3240576367019,4.31286029542122,16.));
#10792=CARTESIAN_POINT('Origin',(0.,0.,16.));
#10793=CARTESIAN_POINT('',(-34.5058191714553,-2.46782087726834,16.));
#10794=CARTESIAN_POINT('',(-31.4073713514402,-7.32390092728826,16.));
#10795=CARTESIAN_POINT('Origin',(0.,0.,16.));
#10796=CARTESIAN_POINT('',(-33.652313255824,-8.19133429340304,16.));
#10797=CARTESIAN_POINT('',(-31.9727083234348,-7.5423440645689,16.));
#10798=CARTESIAN_POINT('',(-33.3617545044495,-9.15068483558999,16.));
#10799=CARTESIAN_POINT('Origin',(0.,0.,16.));
#10800=CARTESIAN_POINT('',(-30.9348259212678,-15.4847745155139,16.));
#10801=CARTESIAN_POINT('',(-26.2138920164204,-18.7854828351962,16.));
#10802=CARTESIAN_POINT('Origin',(0.,0.,16.));
#10803=CARTESIAN_POINT('',(-27.9559955156647,-20.4459888413968,16.));
#10804=CARTESIAN_POINT('',(-26.6526007042669,-19.2036430716331,16.));
#10805=CARTESIAN_POINT('',(-27.3204266739523,-21.2211211515472,16.));
#10806=CARTESIAN_POINT('Origin',(0.,0.,16.));
#10807=CARTESIAN_POINT('',(-22.6542858494626,-26.144311603603,16.));
#10808=CARTESIAN_POINT('',(-17.0295852514235,-27.3871452722714,16.));
#10809=CARTESIAN_POINT('Origin',(0.,0.,16.));
#10810=CARTESIAN_POINT('',(-18.0036308799759,-29.5879269316383,16.));
#10811=CARTESIAN_POINT('',(-17.2748762343015,-27.9413615024991,16.));
#10812=CARTESIAN_POINT('',(-17.1198115426305,-30.0608341421237,16.));
#10813=CARTESIAN_POINT('Origin',(0.,0.,16.));
#10814=CARTESIAN_POINT('',(-10.9248361186894,-32.8236142488184,16.));
#10815=CARTESIAN_POINT('',(-5.25267850547207,-31.8193631067335,16.));
#10816=CARTESIAN_POINT('Origin',(0.,0.,16.));
#10817=CARTESIAN_POINT('',(-5.31037664613107,-34.2253713617634,16.));
#10818=CARTESIAN_POINT('',(-5.2672084548067,-32.4252609336823,16.));
#10819=CARTESIAN_POINT('',(-4.31286029542122,-34.3240576367019,16.));
#10820=CARTESIAN_POINT('Origin',(0.,0.,16.));
#10821=CARTESIAN_POINT('',(2.46782087726834,-34.5058191714553,16.));
#10822=CARTESIAN_POINT('',(7.32390092728825,-31.4073713514402,16.));
#10823=CARTESIAN_POINT('Origin',(0.,0.,16.));
#10824=CARTESIAN_POINT('',(8.19133429340304,-33.652313255824,16.));
#10825=CARTESIAN_POINT('',(7.5423440645689,-31.9727083234348,16.));
#10826=CARTESIAN_POINT('',(9.15068483558999,-33.3617545044495,16.));
#10827=CARTESIAN_POINT('',(13.311741804008,-29.3744792318677,16.));
#10828=CARTESIAN_POINT('Origin',(0.,0.,16.));
#10829=CARTESIAN_POINT('',(14.6005636146365,-31.4070006067014,16.));
#10830=CARTESIAN_POINT('',(13.7658934490741,-30.0906937763458,16.));
#10831=CARTESIAN_POINT('',(15.4847745155139,-30.9348259212678,16.));
#10832=CARTESIAN_POINT('',(18.7854828351962,-26.2138920164204,16.));
#10833=CARTESIAN_POINT('Origin',(0.,0.,16.));
#10834=CARTESIAN_POINT('',(20.4459888413968,-27.9559955156647,16.));
#10835=CARTESIAN_POINT('',(19.2036430716331,-26.6526007042669,16.));
#10836=CARTESIAN_POINT('',(21.2211211515472,-27.3204266739523,16.));
#10837=CARTESIAN_POINT('Origin',(0.,0.,16.));
#10838=CARTESIAN_POINT('',(26.144311603603,-22.6542858494626,16.));
#10839=CARTESIAN_POINT('',(27.3871452722714,-17.0295852514235,16.));
#10840=CARTESIAN_POINT('Origin',(0.,0.,16.));
#10841=CARTESIAN_POINT('',(29.5879269316383,-18.0036308799759,16.));
#10842=CARTESIAN_POINT('',(27.9413615024991,-17.2748762343015,16.));
#10843=CARTESIAN_POINT('',(30.0608341421237,-17.1198115426305,16.));
#10844=CARTESIAN_POINT('Origin',(0.,0.,16.));
#10845=CARTESIAN_POINT('',(-31.5,-3.85763741731416E-15,16.));
#10846=CARTESIAN_POINT('Origin',(0.,0.,16.));
#10847=CARTESIAN_POINT('Origin',(30.5898634389879,-17.4028804442417,15.4));
#10848=CARTESIAN_POINT('',(32.9854072449051,-19.507324275977,12.2949742346607));
#10849=CARTESIAN_POINT('Origin',(27.3871452722714,-17.0295852514235,0.));
#10850=CARTESIAN_POINT('',(27.3871452722714,-17.0295852514235,0.));
#10851=CARTESIAN_POINT('',(27.3871452722714,-17.0295852514235,0.));
#10852=CARTESIAN_POINT('',(30.6883177613217,-18.4906536942521,0.));
#10853=CARTESIAN_POINT('Origin',(26.60796851579,-23.0351037426625,15.4));
#10854=CARTESIAN_POINT('Origin',(21.6015547121545,-27.784398985587,15.4));
#10855=CARTESIAN_POINT('',(23.0094128149276,-30.6453864950763,12.2949742346608));
#10856=CARTESIAN_POINT('Origin',(18.7854828351962,-26.2138920164204,0.));
#10857=CARTESIAN_POINT('',(18.7854828351962,-26.2138920164204,0.));
#10858=CARTESIAN_POINT('',(18.7854828351962,-26.2138920164204,0.));
#10859=CARTESIAN_POINT('',(21.2762418444971,-28.8270472652869,0.));
#10860=CARTESIAN_POINT('Origin',(15.7674049483151,-31.4640895970048,15.4));
#10861=CARTESIAN_POINT('',(16.5901961210156,-34.544727299352,12.2949742346607));
#10862=CARTESIAN_POINT('Origin',(13.311741804008,-29.3744792318677,0.));
#10863=CARTESIAN_POINT('',(13.311741804008,-29.3744792318677,5.16823208109297));
#10864=CARTESIAN_POINT('',(4.72730395885161,-15.8364918488773,2.41800913687571));
#10865=CARTESIAN_POINT('',(13.311741804008,-29.3744792318677,0.));
#10866=CARTESIAN_POINT('',(13.311741804008,-29.3744792318677,0.));
#10867=CARTESIAN_POINT('',(15.2449745199508,-32.4232612941182,0.));
#10868=CARTESIAN_POINT('',(13.311741804008,-29.3744792318677,10.8317681573256));
#10869=CARTESIAN_POINT('',(13.311741804008,-29.3744792318677,0.));
#10870=CARTESIAN_POINT('',(5.78838307010763,-17.5098542611457,13.2420498997957));
#10871=CARTESIAN_POINT('Origin',(9.32460509897673,-33.9359946475808,15.4));
#10872=CARTESIAN_POINT('',(9.53044386472396,-37.1179664214206,12.2949742346608));
#10873=CARTESIAN_POINT('Origin',(7.32390092728825,-31.4073713514402,0.));
#10874=CARTESIAN_POINT('',(7.32390092728825,-31.4073713514402,0.));
#10875=CARTESIAN_POINT('',(7.32390092728825,-31.4073713514402,0.));
#10876=CARTESIAN_POINT('',(8.62505097646043,-34.7747842080159,0.));
#10877=CARTESIAN_POINT('Origin',(2.52639690934099,-35.1029530328855,15.4));
#10878=CARTESIAN_POINT('Origin',(-4.37193111276455,-34.9211427550379,15.4));
#10879=CARTESIAN_POINT('',(-5.39944877019514,-37.9396724353071,12.2949742346607));
#10880=CARTESIAN_POINT('Origin',(-5.25267850547207,-31.8193631067335,0.));
#10881=CARTESIAN_POINT('',(-5.25267850547207,-31.8193631067335,0.));
#10882=CARTESIAN_POINT('',(-5.25267850547207,-31.8193631067335,0.));
#10883=CARTESIAN_POINT('',(-5.33922571646057,-35.4283754892784,0.));
#10884=CARTESIAN_POINT('Origin',(-11.0992321572353,-33.3977100785711,15.4));
#10885=CARTESIAN_POINT('Origin',(-17.4028804442417,-30.5898634389879,15.4));
#10886=CARTESIAN_POINT('',(-19.507324275977,-32.9854072449051,12.2949742346608));
#10887=CARTESIAN_POINT('Origin',(-17.0295852514235,-27.3871452722714,0.));
#10888=CARTESIAN_POINT('',(-17.0295852514235,-27.3871452722714,0.));
#10889=CARTESIAN_POINT('',(-17.0295852514235,-27.3871452722714,0.));
#10890=CARTESIAN_POINT('',(-18.4906536942521,-30.6883177613217,0.));
#10891=CARTESIAN_POINT('Origin',(-23.0351037426625,-26.60796851579,15.4));
#10892=CARTESIAN_POINT('Origin',(-27.784398985587,-21.6015547121545,15.4));
#10893=CARTESIAN_POINT('',(-30.6453864950763,-23.0094128149276,12.2949742346607));
#10894=CARTESIAN_POINT('Origin',(-26.2138920164204,-18.7854828351962,0.));
#10895=CARTESIAN_POINT('',(-26.2138920164204,-18.7854828351962,0.));
#10896=CARTESIAN_POINT('',(-26.2138920164204,-18.7854828351962,0.));
#10897=CARTESIAN_POINT('',(-28.8270472652869,-21.2762418444971,0.));
#10898=CARTESIAN_POINT('Origin',(-31.4640895970048,-15.7674049483151,15.4));
#10899=CARTESIAN_POINT('Origin',(-33.9359946475808,-9.32460509897673,15.4));
#10900=CARTESIAN_POINT('',(-37.1179664214206,-9.53044386472396,12.2949742346608));
#10901=CARTESIAN_POINT('Origin',(-31.4073713514402,-7.32390092728826,0.));
#10902=CARTESIAN_POINT('',(-31.4073713514402,-7.32390092728826,0.));
#10903=CARTESIAN_POINT('',(-31.4073713514402,-7.32390092728825,0.));
#10904=CARTESIAN_POINT('',(-34.7747842080159,-8.62505097646043,0.));
#10905=CARTESIAN_POINT('Origin',(-35.1029530328855,-2.52639690934099,15.4));
#10906=CARTESIAN_POINT('Origin',(-34.9211427550379,4.37193111276455,15.4));
#10907=CARTESIAN_POINT('',(-37.9396724353071,5.39944877019514,12.2949742346607));
#10908=CARTESIAN_POINT('Origin',(-31.8193631067335,5.25267850547207,0.));
#10909=CARTESIAN_POINT('',(-31.8193631067335,5.25267850547207,0.));
#10910=CARTESIAN_POINT('',(-31.8193631067335,5.25267850547207,0.));
#10911=CARTESIAN_POINT('',(-35.4283754892784,5.33922571646057,0.));
#10912=CARTESIAN_POINT('Origin',(-33.3977100785711,11.0992321572353,15.4));
#10913=CARTESIAN_POINT('Origin',(-30.5898634389879,17.4028804442417,15.4));
#10914=CARTESIAN_POINT('',(-32.9854072449051,19.507324275977,12.2949742346608));
#10915=CARTESIAN_POINT('Origin',(-27.3871452722714,17.0295852514235,0.));
#10916=CARTESIAN_POINT('',(-27.3871452722714,17.0295852514235,0.));
#10917=CARTESIAN_POINT('',(-27.3871452722714,17.0295852514235,0.));
#10918=CARTESIAN_POINT('',(-30.6883177613217,18.4906536942521,0.));
#10919=CARTESIAN_POINT('Origin',(-26.60796851579,23.0351037426625,15.4));
#10920=CARTESIAN_POINT('Origin',(-21.6015547121545,27.784398985587,15.4));
#10921=CARTESIAN_POINT('',(-23.0094128149276,30.6453864950763,12.2949742346608));
#10922=CARTESIAN_POINT('Origin',(-18.7854828351962,26.2138920164204,0.));
#10923=CARTESIAN_POINT('',(-18.7854828351962,26.2138920164204,0.));
#10924=CARTESIAN_POINT('',(-18.7854828351962,26.2138920164204,0.));
#10925=CARTESIAN_POINT('',(-21.2762418444971,28.8270472652869,0.));
#10926=CARTESIAN_POINT('Origin',(-15.7674049483151,31.4640895970048,15.4));
#10927=CARTESIAN_POINT('Origin',(-9.32460509897674,33.9359946475808,15.4));
#10928=CARTESIAN_POINT('',(-9.53044386472397,37.1179664214206,12.2949742346607));
#10929=CARTESIAN_POINT('Origin',(-7.32390092728826,31.4073713514402,0.));
#10930=CARTESIAN_POINT('',(-7.32390092728826,31.4073713514402,0.));
#10931=CARTESIAN_POINT('',(-7.32390092728826,31.4073713514402,0.));
#10932=CARTESIAN_POINT('',(-8.62505097646043,34.7747842080159,0.));
#10933=CARTESIAN_POINT('Origin',(-2.52639690934099,35.1029530328855,15.4));
#10934=CARTESIAN_POINT('Origin',(4.37193111276457,34.9211427550379,15.4));
#10935=CARTESIAN_POINT('',(5.39944877019516,37.939672435307,12.2949742346608));
#10936=CARTESIAN_POINT('Origin',(5.25267850547209,31.8193631067335,0.));
#10937=CARTESIAN_POINT('',(5.25267850547209,31.8193631067335,0.));
#10938=CARTESIAN_POINT('',(5.25267850547209,31.8193631067335,0.));
#10939=CARTESIAN_POINT('',(5.33922571646059,35.4283754892783,0.));
#10940=CARTESIAN_POINT('Origin',(11.0992321572353,33.3977100785711,15.4));
#10941=CARTESIAN_POINT('Origin',(17.4028804442417,30.5898634389879,15.4));
#10942=CARTESIAN_POINT('',(19.507324275977,32.9854072449051,12.2949742346608));
#10943=CARTESIAN_POINT('Origin',(17.0295852514235,27.3871452722714,0.));
#10944=CARTESIAN_POINT('',(17.0295852514235,27.3871452722714,0.));
#10945=CARTESIAN_POINT('',(17.0295852514235,27.3871452722714,0.));
#10946=CARTESIAN_POINT('',(18.4906536942521,30.6883177613217,0.));
#10947=CARTESIAN_POINT('Origin',(23.0351037426625,26.60796851579,15.4));
#10948=CARTESIAN_POINT('Origin',(27.784398985587,21.6015547121545,15.4));
#10949=CARTESIAN_POINT('',(30.6453864950763,23.0094128149276,12.2949742346608));
#10950=CARTESIAN_POINT('Origin',(26.2138920164204,18.7854828351962,0.));
#10951=CARTESIAN_POINT('',(26.2138920164204,18.7854828351962,0.));
#10952=CARTESIAN_POINT('',(26.2138920164204,18.7854828351962,0.));
#10953=CARTESIAN_POINT('',(28.8270472652869,21.2762418444971,0.));
#10954=CARTESIAN_POINT('Origin',(31.4640895970048,15.7674049483151,15.4));
#10955=CARTESIAN_POINT('Origin',(33.9359946475808,9.32460509897673,15.4));
#10956=CARTESIAN_POINT('',(37.1179664214206,9.53044386472396,12.2949742346608));
#10957=CARTESIAN_POINT('Origin',(31.4073713514402,7.32390092728825,0.));
#10958=CARTESIAN_POINT('',(31.4073713514402,7.32390092728825,0.));
#10959=CARTESIAN_POINT('',(31.4073713514402,7.32390092728825,0.));
#10960=CARTESIAN_POINT('',(34.7747842080159,8.62505097646043,0.));
#10961=CARTESIAN_POINT('Origin',(35.1029530328855,2.52639690934099,15.4));
#10962=CARTESIAN_POINT('Origin',(34.9211427550379,-4.37193111276457,15.4));
#10963=CARTESIAN_POINT('',(37.939672435307,-5.39944877019515,12.2949742346608));
#10964=CARTESIAN_POINT('Origin',(31.8193631067335,-5.25267850547208,0.));
#10965=CARTESIAN_POINT('',(31.8193631067335,-5.25267850547208,0.));
#10966=CARTESIAN_POINT('',(31.8193631067335,-5.25267850547209,0.));
#10967=CARTESIAN_POINT('',(35.4283754892783,-5.33922571646058,0.));
#10968=CARTESIAN_POINT('Origin',(0.,0.,0.));
#10969=CARTESIAN_POINT('',(-12.3415406937741,29.795114923489,11.8890874157353));
#10970=CARTESIAN_POINT('Origin',(0.,0.,11.8890874157353));
#10971=CARTESIAN_POINT('Origin',(0.,0.,11.8890874157353));
#10972=CARTESIAN_POINT('Origin',(0.,0.,0.));
#10973=CARTESIAN_POINT('',(-12.3415406937741,29.795114923489,4.1109128226833));
#10974=CARTESIAN_POINT('Origin',(0.,0.,4.11091282268328));
#10975=CARTESIAN_POINT('Origin',(0.,0.,4.11091282268328));
#10976=CARTESIAN_POINT('Origin',(0.,0.,0.));
#10977=CARTESIAN_POINT('Origin',(0.,0.,0.));
#10978=CARTESIAN_POINT('Origin',(0.,0.,0.));
#10979=CARTESIAN_POINT('Origin',(0.,0.,0.));
#10980=CARTESIAN_POINT('',(-22.8041936932662,22.8041936932662,11.8890874157353));
#10981=CARTESIAN_POINT('Origin',(0.,0.,11.8890874157353));
#10982=CARTESIAN_POINT('Origin',(0.,0.,11.8890874157353));
#10983=CARTESIAN_POINT('Origin',(0.,0.,0.));
#10984=CARTESIAN_POINT('',(-22.8041936932662,22.8041936932662,4.1109128226833));
#10985=CARTESIAN_POINT('Origin',(0.,0.,4.11091282268327));
#10986=CARTESIAN_POINT('Origin',(0.,0.,4.11091282268328));
#10987=CARTESIAN_POINT('Origin',(0.,0.,0.));
#10988=CARTESIAN_POINT('Origin',(0.,0.,0.));
#10989=CARTESIAN_POINT('Origin',(0.,0.,0.));
#10990=CARTESIAN_POINT('Origin',(0.,0.,0.));
#10991=CARTESIAN_POINT('',(-29.795114923489,12.3415406937742,11.8890874157353));
#10992=CARTESIAN_POINT('Origin',(0.,0.,11.8890874157353));
#10993=CARTESIAN_POINT('Origin',(0.,0.,11.8890874157353));
#10994=CARTESIAN_POINT('Origin',(0.,0.,0.));
#10995=CARTESIAN_POINT('',(-29.795114923489,12.3415406937742,4.1109128226833));
#10996=CARTESIAN_POINT('Origin',(0.,0.,4.11091282268327));
#10997=CARTESIAN_POINT('Origin',(0.,0.,4.11091282268328));
#10998=CARTESIAN_POINT('Origin',(0.,0.,0.));
#10999=CARTESIAN_POINT('Origin',(0.,0.,0.));
#11000=CARTESIAN_POINT('Origin',(0.,0.,0.));
#11001=CARTESIAN_POINT('Origin',(0.,0.,0.));
#11002=CARTESIAN_POINT('',(-32.25,4.44089209850063E-15,11.8890874157353));
#11003=CARTESIAN_POINT('Origin',(0.,0.,11.8890874157353));
#11004=CARTESIAN_POINT('Origin',(0.,0.,11.8890874157353));
#11005=CARTESIAN_POINT('Origin',(0.,0.,0.));
#11006=CARTESIAN_POINT('',(-32.25,6.66133814775094E-15,4.1109128226833));
#11007=CARTESIAN_POINT('Origin',(0.,0.,4.11091282268327));
#11008=CARTESIAN_POINT('Origin',(0.,0.,4.11091282268328));
#11009=CARTESIAN_POINT('Origin',(0.,0.,0.));
#11010=CARTESIAN_POINT('Origin',(0.,0.,0.));
#11011=CARTESIAN_POINT('Origin',(0.,0.,0.));
#11012=CARTESIAN_POINT('Origin',(0.,0.,0.));
#11013=CARTESIAN_POINT('',(-29.795114923489,-12.3415406937742,11.8890874157353));
#11014=CARTESIAN_POINT('Origin',(0.,0.,11.8890874157353));
#11015=CARTESIAN_POINT('Origin',(0.,0.,11.8890874157353));
#11016=CARTESIAN_POINT('Origin',(0.,0.,0.));
#11017=CARTESIAN_POINT('',(-29.795114923489,-12.3415406937742,4.1109128226833));
#11018=CARTESIAN_POINT('Origin',(0.,0.,4.11091282268328));
#11019=CARTESIAN_POINT('Origin',(0.,0.,4.11091282268328));
#11020=CARTESIAN_POINT('Origin',(0.,0.,0.));
#11021=CARTESIAN_POINT('Origin',(0.,0.,0.));
#11022=CARTESIAN_POINT('Origin',(0.,0.,0.));
#11023=CARTESIAN_POINT('Origin',(0.,0.,0.));
#11024=CARTESIAN_POINT('',(-22.8041936932662,-22.8041936932662,11.8890874157353));
#11025=CARTESIAN_POINT('Origin',(0.,0.,11.8890874157353));
#11026=CARTESIAN_POINT('Origin',(0.,0.,11.8890874157353));
#11027=CARTESIAN_POINT('Origin',(0.,0.,0.));
#11028=CARTESIAN_POINT('',(-22.8041936932662,-22.8041936932662,4.1109128226833));
#11029=CARTESIAN_POINT('Origin',(0.,0.,4.11091282268327));
#11030=CARTESIAN_POINT('Origin',(0.,0.,4.11091282268328));
#11031=CARTESIAN_POINT('Origin',(0.,0.,0.));
#11032=CARTESIAN_POINT('Origin',(0.,0.,0.));
#11033=CARTESIAN_POINT('Origin',(0.,0.,0.));
#11034=CARTESIAN_POINT('Origin',(0.,0.,0.));
#11035=CARTESIAN_POINT('',(-12.3415406937742,-29.795114923489,11.8890874157353));
#11036=CARTESIAN_POINT('Origin',(0.,0.,11.8890874157353));
#11037=CARTESIAN_POINT('Origin',(0.,0.,11.8890874157353));
#11038=CARTESIAN_POINT('Origin',(0.,0.,0.));
#11039=CARTESIAN_POINT('',(-12.3415406937742,-29.795114923489,4.1109128226833));
#11040=CARTESIAN_POINT('Origin',(0.,0.,4.11091282268328));
#11041=CARTESIAN_POINT('Origin',(0.,0.,4.11091282268328));
#11042=CARTESIAN_POINT('Origin',(0.,0.,0.));
#11043=CARTESIAN_POINT('Origin',(0.,0.,0.));
#11044=CARTESIAN_POINT('Origin',(0.,0.,0.));
#11045=CARTESIAN_POINT('Origin',(0.,0.,0.));
#11046=CARTESIAN_POINT('',(1.94289029309402E-15,-32.25,11.8890874157353));
#11047=CARTESIAN_POINT('Origin',(0.,0.,11.8890874157353));
#11048=CARTESIAN_POINT('Origin',(0.,0.,11.8890874157353));
#11049=CARTESIAN_POINT('Origin',(0.,0.,0.));
#11050=CARTESIAN_POINT('',(4.16333634234434E-16,-32.25,4.1109128226833));
#11051=CARTESIAN_POINT('Origin',(0.,0.,4.11091282268328));
#11052=CARTESIAN_POINT('Origin',(0.,0.,4.11091282268328));
#11053=CARTESIAN_POINT('Origin',(0.,0.,0.));
#11054=CARTESIAN_POINT('Origin',(0.,0.,0.));
#11055=CARTESIAN_POINT('Origin',(0.,0.,0.));
#11056=CARTESIAN_POINT('Origin',(0.,0.,0.));
#11057=CARTESIAN_POINT('',(12.3415406937741,-29.795114923489,11.8890874157353));
#11058=CARTESIAN_POINT('Origin',(0.,0.,11.8890874157353));
#11059=CARTESIAN_POINT('Origin',(0.,0.,11.8890874157353));
#11060=CARTESIAN_POINT('Origin',(0.,0.,0.));
#11061=CARTESIAN_POINT('',(12.3415406937741,-29.795114923489,4.1109128226833));
#11062=CARTESIAN_POINT('Origin',(0.,0.,4.11091282268328));
#11063=CARTESIAN_POINT('Origin',(0.,0.,4.11091282268328));
#11064=CARTESIAN_POINT('Origin',(0.,0.,0.));
#11065=CARTESIAN_POINT('Origin',(0.,0.,0.));
#11066=CARTESIAN_POINT('Origin',(0.,0.,0.));
#11067=CARTESIAN_POINT('Origin',(0.,0.,0.));
#11068=CARTESIAN_POINT('',(22.8041936932662,-22.8041936932662,11.8890874157353));
#11069=CARTESIAN_POINT('Origin',(0.,0.,11.8890874157353));
#11070=CARTESIAN_POINT('Origin',(0.,0.,11.8890874157353));
#11071=CARTESIAN_POINT('Origin',(0.,0.,0.));
#11072=CARTESIAN_POINT('',(22.8041936932662,-22.8041936932662,4.1109128226833));
#11073=CARTESIAN_POINT('Origin',(0.,0.,4.11091282268327));
#11074=CARTESIAN_POINT('Origin',(0.,0.,4.11091282268328));
#11075=CARTESIAN_POINT('Origin',(0.,0.,0.));
#11076=CARTESIAN_POINT('Origin',(0.,0.,0.));
#11077=CARTESIAN_POINT('Origin',(0.,0.,0.));
#11078=CARTESIAN_POINT('Origin',(0.,0.,0.));
#11079=CARTESIAN_POINT('',(29.795114923489,-12.3415406937741,11.8890874157353));
#11080=CARTESIAN_POINT('Origin',(0.,0.,11.8890874157353));
#11081=CARTESIAN_POINT('Origin',(0.,0.,11.8890874157353));
#11082=CARTESIAN_POINT('Origin',(0.,0.,0.));
#11083=CARTESIAN_POINT('',(29.795114923489,-12.3415406937741,4.1109128226833));
#11084=CARTESIAN_POINT('Origin',(0.,0.,4.11091282268328));
#11085=CARTESIAN_POINT('Origin',(0.,0.,4.11091282268328));
#11086=CARTESIAN_POINT('Origin',(0.,0.,0.));
#11087=CARTESIAN_POINT('Origin',(0.,0.,0.));
#11088=CARTESIAN_POINT('Origin',(0.,0.,0.));
#11089=CARTESIAN_POINT('Origin',(0.,0.,0.));
#11090=CARTESIAN_POINT('',(32.25,0.,11.8890874157353));
#11091=CARTESIAN_POINT('Origin',(0.,0.,11.8890874157353));
#11092=CARTESIAN_POINT('Origin',(0.,0.,11.8890874157353));
#11093=CARTESIAN_POINT('Origin',(0.,0.,0.));
#11094=CARTESIAN_POINT('',(32.25,-2.22044604925031E-15,4.1109128226833));
#11095=CARTESIAN_POINT('Origin',(0.,0.,4.11091282268328));
#11096=CARTESIAN_POINT('Origin',(0.,0.,4.11091282268328));
#11097=CARTESIAN_POINT('Origin',(0.,0.,0.));
#11098=CARTESIAN_POINT('Origin',(0.,0.,0.));
#11099=CARTESIAN_POINT('Origin',(0.,0.,0.));
#11100=CARTESIAN_POINT('Origin',(0.,0.,0.));
#11101=CARTESIAN_POINT('',(29.795114923489,12.3415406937741,11.8890874157353));
#11102=CARTESIAN_POINT('Origin',(0.,0.,11.8890874157353));
#11103=CARTESIAN_POINT('Origin',(0.,0.,11.8890874157353));
#11104=CARTESIAN_POINT('Origin',(0.,0.,0.));
#11105=CARTESIAN_POINT('',(29.795114923489,12.3415406937741,4.1109128226833));
#11106=CARTESIAN_POINT('Origin',(0.,0.,4.11091282268328));
#11107=CARTESIAN_POINT('Origin',(0.,0.,4.11091282268328));
#11108=CARTESIAN_POINT('Origin',(0.,0.,0.));
#11109=CARTESIAN_POINT('Origin',(0.,0.,0.));
#11110=CARTESIAN_POINT('Origin',(0.,0.,0.));
#11111=CARTESIAN_POINT('Origin',(0.,0.,0.));
#11112=CARTESIAN_POINT('',(22.8041936932662,22.8041936932662,11.8890874157353));
#11113=CARTESIAN_POINT('Origin',(0.,0.,11.8890874157353));
#11114=CARTESIAN_POINT('Origin',(0.,0.,11.8890874157353));
#11115=CARTESIAN_POINT('Origin',(0.,0.,0.));
#11116=CARTESIAN_POINT('',(22.8041936932662,22.8041936932662,4.1109128226833));
#11117=CARTESIAN_POINT('Origin',(0.,0.,4.11091282268327));
#11118=CARTESIAN_POINT('Origin',(0.,0.,4.11091282268328));
#11119=CARTESIAN_POINT('Origin',(0.,0.,0.));
#11120=CARTESIAN_POINT('Origin',(0.,0.,0.));
#11121=CARTESIAN_POINT('Origin',(0.,0.,0.));
#11122=CARTESIAN_POINT('Origin',(0.,0.,0.));
#11123=CARTESIAN_POINT('',(12.3415406937741,29.795114923489,11.8890874157353));
#11124=CARTESIAN_POINT('Origin',(0.,0.,11.8890874157353));
#11125=CARTESIAN_POINT('Origin',(0.,0.,11.8890874157353));
#11126=CARTESIAN_POINT('Origin',(0.,0.,0.));
#11127=CARTESIAN_POINT('Origin',(0.,0.,0.));
#11128=CARTESIAN_POINT('Origin',(0.,0.,0.));
#11129=CARTESIAN_POINT('',(12.3415406937741,29.795114923489,4.1109128226833));
#11130=CARTESIAN_POINT('Origin',(0.,0.,4.11091282268328));
#11131=CARTESIAN_POINT('Origin',(0.,0.,4.11091282268328));
#11132=CARTESIAN_POINT('Origin',(0.,0.,0.));
#11133=CARTESIAN_POINT('Origin',(0.,0.,0.));
#11134=CARTESIAN_POINT('Origin',(0.,0.,0.));
#11135=CARTESIAN_POINT('',(4.44089209850063E-15,32.25,4.1109128226833));
#11136=CARTESIAN_POINT('Origin',(0.,0.,4.11091282268327));
#11137=CARTESIAN_POINT('Origin',(0.,0.,4.11091282268328));
#11138=CARTESIAN_POINT('Origin',(0.,0.,0.));
#11139=CARTESIAN_POINT('Origin',(0.,0.,0.));
#11140=CARTESIAN_POINT('Origin',(0.,0.,0.));
#11141=CARTESIAN_POINT('',(2.22044604925031E-15,32.25,11.8890874157353));
#11142=CARTESIAN_POINT('Origin',(0.,0.,11.8890874157353));
#11143=CARTESIAN_POINT('Origin',(0.,0.,11.8890874157353));
#11144=CARTESIAN_POINT('Ctrl Pts',(-7.61369151282852,30.5660220105182,8.0000001192093));
#11145=CARTESIAN_POINT('Ctrl Pts',(-9.12678907107913,30.1891244857644,6.45512769985857));
#11146=CARTESIAN_POINT('Ctrl Pts',(-10.6125570941929,29.6994892294063,4.89376201527396));
#11147=CARTESIAN_POINT('Ctrl Pts',(-12.0545281206949,29.1022052736107,3.33310277207312));
#11148=CARTESIAN_POINT('Ctrl Pts',(-7.79697511893669,30.7074409899173,8.14274990220207));
#11149=CARTESIAN_POINT('Ctrl Pts',(-9.31337338418221,30.3230748870677,6.59287663150448));
#11150=CARTESIAN_POINT('Ctrl Pts',(-10.8015714221307,29.8257741352393,5.02677235365299));
#11151=CARTESIAN_POINT('Ctrl Pts',(-12.2451859987622,29.2207970521309,3.46161098610812));
#11152=CARTESIAN_POINT('Ctrl Pts',(-7.98025872504485,30.8488599693165,8.28549968519483));
#11153=CARTESIAN_POINT('Ctrl Pts',(-9.49995769728531,30.457025288371,6.73062556315039));
#11154=CARTESIAN_POINT('Ctrl Pts',(-10.9905857500685,29.9520590410723,5.15978269203203));
#11155=CARTESIAN_POINT('Ctrl Pts',(-12.4358438768295,29.339388830651,3.59011920014312));
#11156=CARTESIAN_POINT('Ctrl Pts',(-8.16354233115302,30.9902789487156,8.4282494681876));
#11157=CARTESIAN_POINT('Ctrl Pts',(-9.68654201038839,30.5909756896743,6.8683744947963));
#11158=CARTESIAN_POINT('Ctrl Pts',(-11.1796000780064,30.0783439469054,5.29279303041106));
#11159=CARTESIAN_POINT('Ctrl Pts',(-12.6265017548969,29.4579806091712,3.71862741417811));
#11160=CARTESIAN_POINT('',(-12.0545281195003,29.1022052741055,3.33310277336598));
#11161=CARTESIAN_POINT('',(-7.61369151282853,30.5660220105182,8.00000011920929));
#11162=CARTESIAN_POINT('Ctrl Pts',(-12.0545281206949,29.1022052736107,3.33310277207312));
#11163=CARTESIAN_POINT('Ctrl Pts',(-10.6125570941929,29.6994892294063,4.89376201527396));
#11164=CARTESIAN_POINT('Ctrl Pts',(-9.12678907107913,30.1891244857644,6.45512769985857));
#11165=CARTESIAN_POINT('Ctrl Pts',(-7.61369151282852,30.5660220105182,8.0000001192093));
#11166=CARTESIAN_POINT('',(-8.58053441402568,30.8779174229163,8.00000012324366));
#11167=CARTESIAN_POINT('Ctrl Pts',(-7.61369151282853,30.5660220105182,8.00000011920929));
#11168=CARTESIAN_POINT('Ctrl Pts',(-7.77492463700319,30.6192143009976,8.00000011920929));
#11169=CARTESIAN_POINT('Ctrl Pts',(-7.93633620394347,30.6718698293685,8.00000008575551));
#11170=CARTESIAN_POINT('Ctrl Pts',(-8.09791866192058,30.7239899180572,8.00000002916204));
#11171=CARTESIAN_POINT('Ctrl Pts',(-8.25862084178349,30.7758260639594,7.99999997287688));
#11172=CARTESIAN_POINT('Ctrl Pts',(-8.41949491628578,30.8271335081536,7.99999989134842));
#11173=CARTESIAN_POINT('Ctrl Pts',(-8.58053307567167,30.8779133527362,7.99999979776518));
#11174=CARTESIAN_POINT('',(-12.2650040073011,29.6103390169867,4.11091282268328));
#11175=CARTESIAN_POINT('Ctrl Pts',(-8.5805330210622,30.8779133710693,7.99999985959938));
#11176=CARTESIAN_POINT('Ctrl Pts',(-9.83314431702906,30.5312178098228,6.71006327369961));
#11177=CARTESIAN_POINT('Ctrl Pts',(-11.0643413752549,30.1076424147416,5.41049022506161));
#11178=CARTESIAN_POINT('Ctrl Pts',(-12.265002631335,29.6103356950324,4.1109128226533));
#11179=CARTESIAN_POINT('Ctrl Pts',(-12.2650027966513,29.6103356265593,4.11091264371744));
#11180=CARTESIAN_POINT('Ctrl Pts',(-12.2298069656043,29.5253654713785,3.98141103235517));
#11181=CARTESIAN_POINT('Ctrl Pts',(-12.1946626753582,29.4405197613404,3.85181817119375));
#11182=CARTESIAN_POINT('Ctrl Pts',(-12.1595686664913,29.3557954221044,3.72212827550638));
#11183=CARTESIAN_POINT('Ctrl Pts',(-12.124503915714,29.2711417180674,3.59254650307715));
#11184=CARTESIAN_POINT('Ctrl Pts',(-12.0894908015903,29.1866126553841,3.4628731727976));
#11185=CARTESIAN_POINT('Ctrl Pts',(-12.0545281195003,29.1022052741055,3.33310277336599));
#11186=CARTESIAN_POINT('Ctrl Pts',(-12.0545281206949,29.1022052736107,12.6668974663455));
#11187=CARTESIAN_POINT('Ctrl Pts',(-10.6125570941929,29.6994892294063,11.1062382231446));
#11188=CARTESIAN_POINT('Ctrl Pts',(-9.12678907107914,30.1891244857644,9.54487253856001));
#11189=CARTESIAN_POINT('Ctrl Pts',(-7.61369151282854,30.5660220105182,8.00000011920929));
#11190=CARTESIAN_POINT('Ctrl Pts',(-12.2451859987622,29.2207970521309,12.5383892523105));
#11191=CARTESIAN_POINT('Ctrl Pts',(-10.8015714221307,29.8257741352393,10.9732278847656));
#11192=CARTESIAN_POINT('Ctrl Pts',(-9.31337338418222,30.3230748870677,9.40712360691411));
#11193=CARTESIAN_POINT('Ctrl Pts',(-7.7969751189367,30.7074409899173,7.85725033621652));
#11194=CARTESIAN_POINT('Ctrl Pts',(-12.4358438768295,29.339388830651,12.4098810382755));
#11195=CARTESIAN_POINT('Ctrl Pts',(-10.9905857500686,29.9520590410723,10.8402175463866));
#11196=CARTESIAN_POINT('Ctrl Pts',(-9.49995769728531,30.457025288371,9.2693746752682));
#11197=CARTESIAN_POINT('Ctrl Pts',(-7.98025872504486,30.8488599693165,7.71450055322376));
#11198=CARTESIAN_POINT('Ctrl Pts',(-12.6265017548969,29.4579806091712,12.2813728242405));
#11199=CARTESIAN_POINT('Ctrl Pts',(-11.1796000780064,30.0783439469053,10.7072072080075));
#11200=CARTESIAN_POINT('Ctrl Pts',(-9.68654201038839,30.5909756896743,9.13162574362229));
#11201=CARTESIAN_POINT('Ctrl Pts',(-8.16354233115302,30.9902789487156,7.57175077023099));
#11202=CARTESIAN_POINT('',(-12.0545281195003,29.1022052741055,12.6668974650526));
#11203=CARTESIAN_POINT('Ctrl Pts',(-7.61369151282854,30.5660220105182,8.00000011920929));
#11204=CARTESIAN_POINT('Ctrl Pts',(-9.12678907107914,30.1891244857644,9.54487253856001));
#11205=CARTESIAN_POINT('Ctrl Pts',(-10.6125570941929,29.6994892294063,11.1062382231446));
#11206=CARTESIAN_POINT('Ctrl Pts',(-12.0545281206949,29.1022052736107,12.6668974663455));
#11207=CARTESIAN_POINT('',(-12.2650040073011,29.6103390169867,11.8890874157353));
#11208=CARTESIAN_POINT('Ctrl Pts',(-12.0545281195003,29.1022052741055,12.6668974650526));
#11209=CARTESIAN_POINT('Ctrl Pts',(-12.0894681622083,29.186557999081,12.5372110958348));
#11210=CARTESIAN_POINT('Ctrl Pts',(-12.1244585721231,29.2710322490472,12.4076216683741));
#11211=CARTESIAN_POINT('Ctrl Pts',(-12.1595005515512,29.3556309782724,12.2781236820013));
#11212=CARTESIAN_POINT('Ctrl Pts',(-12.1946171998863,29.4404099739878,12.148349755934));
#11213=CARTESIAN_POINT('Ctrl Pts',(-12.2297841943907,29.5253104968688,12.0186729918065));
#11214=CARTESIAN_POINT('Ctrl Pts',(-12.2650027966513,29.6103356265593,11.8890875947011));
#11215=CARTESIAN_POINT('Ctrl Pts',(-12.265002631335,29.6103356950324,11.8890874157653));
#11216=CARTESIAN_POINT('Ctrl Pts',(-11.0643413764971,30.1076424142271,10.5895100147016));
#11217=CARTESIAN_POINT('Ctrl Pts',(-9.8331443195768,30.5312178089463,9.2899369674082));
#11218=CARTESIAN_POINT('Ctrl Pts',(-8.58053302495028,30.8779133699932,8.00000038282313));
#11219=CARTESIAN_POINT('Ctrl Pts',(-16.2297485389512,26.9971343361182,8.00000011920929));
#11220=CARTESIAN_POINT('Ctrl Pts',(-14.8933201993495,27.8005490845882,9.54487253856001));
#11221=CARTESIAN_POINT('Ctrl Pts',(-13.4964991448568,28.5049213189232,11.1062382231446));
#11222=CARTESIAN_POINT('Ctrl Pts',(-12.0545281183058,29.1022052746003,12.6668974663455));
#11223=CARTESIAN_POINT('Ctrl Pts',(-16.2001457775134,27.2267337361992,7.85725033621651));
#11224=CARTESIAN_POINT('Ctrl Pts',(-14.8561024033955,28.0272013547506,9.4071236069141));
#11225=CARTESIAN_POINT('Ctrl Pts',(-13.4521427451066,28.7278715452255,10.9732278847656));
#11226=CARTESIAN_POINT('Ctrl Pts',(-12.0035696906223,29.3208778038529,12.5383892523105));
#11227=CARTESIAN_POINT('Ctrl Pts',(-16.1705430160756,27.4563331362802,7.71450055322374));
#11228=CARTESIAN_POINT('Ctrl Pts',(-14.8188846074415,28.2538536249131,9.26937467526819));
#11229=CARTESIAN_POINT('Ctrl Pts',(-13.4077863453564,28.9508217715278,10.8402175463865));
#11230=CARTESIAN_POINT('Ctrl Pts',(-11.9526112629388,29.5395503331055,12.4098810382755));
#11231=CARTESIAN_POINT('Ctrl Pts',(-16.1409402546378,27.6859325363612,7.57175077023097));
#11232=CARTESIAN_POINT('Ctrl Pts',(-14.7816668114875,28.4805058950755,9.13162574362227));
#11233=CARTESIAN_POINT('Ctrl Pts',(-13.3634299456062,29.1737719978301,10.7072072080075));
#11234=CARTESIAN_POINT('Ctrl Pts',(-11.9016528352554,29.7582228623582,12.2813728242405));
#11235=CARTESIAN_POINT('',(-16.2297485389512,26.9971343361182,8.00000011920929));
#11236=CARTESIAN_POINT('Ctrl Pts',(-12.0545281183058,29.1022052746003,12.6668974663455));
#11237=CARTESIAN_POINT('Ctrl Pts',(-13.4964991448568,28.5049213189232,11.1062382231446));
#11238=CARTESIAN_POINT('Ctrl Pts',(-14.8933201993495,27.8005490845882,9.54487253856001));
#11239=CARTESIAN_POINT('Ctrl Pts',(-16.2297485389512,26.9971343361182,8.00000011920929));
#11240=CARTESIAN_POINT('',(-15.7666307283003,27.9013388690245,8.00000011517492));
#11241=CARTESIAN_POINT('Ctrl Pts',(-16.2297485389512,26.9971343361182,8.00000011920929));
#11242=CARTESIAN_POINT('Ctrl Pts',(-16.1534128503774,27.1486354965175,8.00000011920929));
#11243=CARTESIAN_POINT('Ctrl Pts',(-16.0765722396791,27.2998836883836,8.00000015261015));
#11244=CARTESIAN_POINT('Ctrl Pts',(-15.9992329669485,27.4508745173736,8.00000020912165));
#11245=CARTESIAN_POINT('Ctrl Pts',(-15.9221925660876,27.6012818535304,8.00000026541477));
#11246=CARTESIAN_POINT('Ctrl Pts',(-15.8446559809165,27.7514364862589,8.0000003469948));
#11247=CARTESIAN_POINT('Ctrl Pts',(-15.7666287966075,27.9013350446133,8.0000004406534));
#11248=CARTESIAN_POINT('Ctrl Pts',(-15.7666288481857,27.901335018962,8.00000037881919));
#11249=CARTESIAN_POINT('Ctrl Pts',(-14.635748124252,28.5419141781664,9.28993696471897));
#11250=CARTESIAN_POINT('Ctrl Pts',(-13.4656473011979,29.1129889328091,10.589510013357));
#11251=CARTESIAN_POINT('Ctrl Pts',(-12.2650026312796,29.6103356950553,11.8890874157653));
#11252=CARTESIAN_POINT('Ctrl Pts',(-12.0545281183058,29.1022052746003,3.33310277207311));
#11253=CARTESIAN_POINT('Ctrl Pts',(-13.4964991448568,28.5049213189232,4.89376201527394));
#11254=CARTESIAN_POINT('Ctrl Pts',(-14.8933201993495,27.8005490845882,6.45512769985856));
#11255=CARTESIAN_POINT('Ctrl Pts',(-16.2297485389512,26.9971343361182,8.00000011920929));
#11256=CARTESIAN_POINT('Ctrl Pts',(-12.0035696906223,29.3208778038529,3.46161098610811));
#11257=CARTESIAN_POINT('Ctrl Pts',(-13.4521427451066,28.7278715452255,5.02677235365298));
#11258=CARTESIAN_POINT('Ctrl Pts',(-14.8561024033955,28.0272013547506,6.59287663150447));
#11259=CARTESIAN_POINT('Ctrl Pts',(-16.2001457775134,27.2267337361992,8.14274990220206));
#11260=CARTESIAN_POINT('Ctrl Pts',(-11.9526112629388,29.5395503331055,3.59011920014311));
#11261=CARTESIAN_POINT('Ctrl Pts',(-13.4077863453564,28.9508217715278,5.15978269203202));
#11262=CARTESIAN_POINT('Ctrl Pts',(-14.8188846074415,28.2538536249131,6.73062556315038));
#11263=CARTESIAN_POINT('Ctrl Pts',(-16.1705430160756,27.4563331362802,8.28549968519483));
#11264=CARTESIAN_POINT('Ctrl Pts',(-11.9016528352553,29.7582228623582,3.71862741417812));
#11265=CARTESIAN_POINT('Ctrl Pts',(-13.3634299456061,29.1737719978301,5.29279303041106));
#11266=CARTESIAN_POINT('Ctrl Pts',(-14.7816668114875,28.4805058950755,6.8683744947963));
#11267=CARTESIAN_POINT('Ctrl Pts',(-16.1409402546378,27.6859325363612,8.4282494681876));
#11268=CARTESIAN_POINT('Ctrl Pts',(-12.2650026312796,29.6103356950553,4.11091282265329));
#11269=CARTESIAN_POINT('Ctrl Pts',(-13.4656472999557,29.1129889333237,5.41049022371699));
#11270=CARTESIAN_POINT('Ctrl Pts',(-14.6357481218307,28.5419141793481,6.71006327101038));
#11271=CARTESIAN_POINT('Ctrl Pts',(-15.7666288446755,27.9013350209504,7.99999985559545));
#11272=CARTESIAN_POINT('Ctrl Pts',(-16.2297485389512,26.9971343361182,8.00000011920929));
#11273=CARTESIAN_POINT('Ctrl Pts',(-14.8933201993495,27.8005490845882,6.45512769985856));
#11274=CARTESIAN_POINT('Ctrl Pts',(-13.4964991448568,28.5049213189232,4.89376201527394));
#11275=CARTESIAN_POINT('Ctrl Pts',(-12.0545281183058,29.1022052746003,3.33310277207311));
#11276=CARTESIAN_POINT('Origin',(-12.0545281195003,29.1022052741055,4.11091282268328));
#11277=CARTESIAN_POINT('',(-12.0545281195003,29.1022052741055,4.11091282268328));
#11278=CARTESIAN_POINT('',(-3.59304815341004,-1.48828927540204,8.00000011920929));
#11279=CARTESIAN_POINT('Origin',(-8.36925276307536,30.3678383851692,8.00000011920929));
#11280=CARTESIAN_POINT('',(3.59304815341003,1.48828927540204,8.00000011920929));
#11281=CARTESIAN_POINT('Origin',(0.,0.,0.));
#11282=CARTESIAN_POINT('',(-31.5,6.66133814775094E-15,12.6668974650526));
#11283=CARTESIAN_POINT('',(-31.5,-3.85763741731416E-15,0.));
#11284=CARTESIAN_POINT('',(-31.1529557269054,4.66297646117481,8.00000011920929));
#11285=CARTESIAN_POINT('Ctrl Pts',(-31.1529557269054,4.66297646117481,8.00000011920928));
#11286=CARTESIAN_POINT('Ctrl Pts',(-31.3837851850258,3.12082415799159,9.54487253856001));
#11287=CARTESIAN_POINT('Ctrl Pts',(-31.5000000000641,1.56077819086695,11.1062382231446));
#11288=CARTESIAN_POINT('Ctrl Pts',(-31.5,-1.29294908113309E-9,12.6668974663455));
#11289=CARTESIAN_POINT('',(-31.5,6.66133814775094E-15,3.33310277336598));
#11290=CARTESIAN_POINT('Ctrl Pts',(-31.5,-1.29295130157914E-9,3.33310277207312));
#11291=CARTESIAN_POINT('Ctrl Pts',(-31.5000000000641,1.56077819086695,4.89376201527396));
#11292=CARTESIAN_POINT('Ctrl Pts',(-31.3837851850258,3.12082415799159,6.45512769985857));
#11293=CARTESIAN_POINT('Ctrl Pts',(-31.1529557269054,4.66297646117481,8.0000001192093));
#11294=CARTESIAN_POINT('',(-31.5,-3.85763741731416E-15,0.));
#11295=CARTESIAN_POINT('',(-31.5,-3.85763741731416E-15,0.));
#11296=CARTESIAN_POINT('Origin',(0.,0.,0.));
#11297=CARTESIAN_POINT('',(-31.1529557269054,-4.66297646117481,8.00000011920929));
#11298=CARTESIAN_POINT('Ctrl Pts',(-31.1529557269054,-4.66297646117481,
8.00000011920929));
#11299=CARTESIAN_POINT('Ctrl Pts',(-31.3837851850258,-3.12082415799158,
6.45512769985857));
#11300=CARTESIAN_POINT('Ctrl Pts',(-31.5000000000641,-1.56077819086695,
4.89376201527396));
#11301=CARTESIAN_POINT('Ctrl Pts',(-31.5,1.29295574247124E-9,3.33310277207312));
#11302=CARTESIAN_POINT('Ctrl Pts',(-31.5,1.29296406914392E-9,12.6668974663455));
#11303=CARTESIAN_POINT('Ctrl Pts',(-31.5000000000641,-1.56077819086694,
11.1062382231446));
#11304=CARTESIAN_POINT('Ctrl Pts',(-31.3837851850258,-3.12082415799158,
9.54487253856001));
#11305=CARTESIAN_POINT('Ctrl Pts',(-31.1529557269054,-4.66297646117481,
8.00000011920928));
#11306=CARTESIAN_POINT('',(-18.7312439722892,25.3256885247091,8.00000011920929));
#11307=CARTESIAN_POINT('',(-22.2738636073762,22.2738636073762,12.6668974650526));
#11308=CARTESIAN_POINT('Ctrl Pts',(-18.7312439722892,25.3256885247091,8.00000011920929));
#11309=CARTESIAN_POINT('Ctrl Pts',(-19.984931398627,24.3984432486403,9.54487253856001));
#11310=CARTESIAN_POINT('Ctrl Pts',(-21.1702267647315,23.3775004501116,11.1062382231446));
#11311=CARTESIAN_POINT('Ctrl Pts',(-22.2738636082905,22.273863606462,12.6668974663455));
#11312=CARTESIAN_POINT('',(-22.2738636073762,22.2738636073762,3.33310277336597));
#11313=CARTESIAN_POINT('Ctrl Pts',(-22.2738636082905,22.273863606462,3.33310277207311));
#11314=CARTESIAN_POINT('Ctrl Pts',(-21.1702267647315,23.3775004501116,4.89376201527395));
#11315=CARTESIAN_POINT('Ctrl Pts',(-19.984931398627,24.3984432486403,6.45512769985858));
#11316=CARTESIAN_POINT('Ctrl Pts',(-18.7312439722892,25.3256885247091,8.00000011920931));
#11317=CARTESIAN_POINT('',(-25.3256885247091,18.7312439722892,8.00000011920929));
#11318=CARTESIAN_POINT('Ctrl Pts',(-25.3256885247091,18.7312439722892,8.00000011920929));
#11319=CARTESIAN_POINT('Ctrl Pts',(-24.3984432486403,19.984931398627,6.45512769985856));
#11320=CARTESIAN_POINT('Ctrl Pts',(-23.3775004501116,21.1702267647315,4.89376201527395));
#11321=CARTESIAN_POINT('Ctrl Pts',(-22.273863606462,22.2738636082905,3.33310277207312));
#11322=CARTESIAN_POINT('Ctrl Pts',(-22.273863606462,22.2738636082905,12.6668974663455));
#11323=CARTESIAN_POINT('Ctrl Pts',(-23.3775004501116,21.1702267647315,11.1062382231446));
#11324=CARTESIAN_POINT('Ctrl Pts',(-24.3984432486403,19.984931398627,9.54487253856));
#11325=CARTESIAN_POINT('Ctrl Pts',(-25.3256885247091,18.7312439722892,8.00000011920927));
#11326=CARTESIAN_POINT('',(-25.3256885247091,-18.7312439722892,8.00000011920929));
#11327=CARTESIAN_POINT('',(-22.2738636073762,-22.2738636073762,12.6668974650526));
#11328=CARTESIAN_POINT('Ctrl Pts',(-25.3256885247091,-18.7312439722892,
8.00000011920929));
#11329=CARTESIAN_POINT('Ctrl Pts',(-24.3984432486403,-19.984931398627,9.54487253856002));
#11330=CARTESIAN_POINT('Ctrl Pts',(-23.3775004501116,-21.1702267647315,
11.1062382231446));
#11331=CARTESIAN_POINT('Ctrl Pts',(-22.273863606462,-22.2738636082905,12.6668974663455));
#11332=CARTESIAN_POINT('',(-22.2738636073762,-22.2738636073762,3.33310277336598));
#11333=CARTESIAN_POINT('Ctrl Pts',(-22.273863606462,-22.2738636082905,3.33310277207311));
#11334=CARTESIAN_POINT('Ctrl Pts',(-23.3775004501116,-21.1702267647315,
4.89376201527395));
#11335=CARTESIAN_POINT('Ctrl Pts',(-24.3984432486403,-19.984931398627,6.45512769985857));
#11336=CARTESIAN_POINT('Ctrl Pts',(-25.3256885247091,-18.7312439722892,
8.0000001192093));
#11337=CARTESIAN_POINT('',(-18.7312439722892,-25.3256885247091,8.0000001192093));
#11338=CARTESIAN_POINT('Ctrl Pts',(-18.7312439722892,-25.3256885247091,
8.0000001192093));
#11339=CARTESIAN_POINT('Ctrl Pts',(-19.984931398627,-24.3984432486403,6.45512769985857));
#11340=CARTESIAN_POINT('Ctrl Pts',(-21.1702267647315,-23.3775004501116,
4.89376201527394));
#11341=CARTESIAN_POINT('Ctrl Pts',(-22.2738636082905,-22.273863606462,3.3331027720731));
#11342=CARTESIAN_POINT('Ctrl Pts',(-22.2738636082905,-22.273863606462,12.6668974663455));
#11343=CARTESIAN_POINT('Ctrl Pts',(-21.1702267647315,-23.3775004501116,
11.1062382231446));
#11344=CARTESIAN_POINT('Ctrl Pts',(-19.984931398627,-24.3984432486403,9.54487253856001));
#11345=CARTESIAN_POINT('Ctrl Pts',(-18.7312439722892,-25.3256885247091,
8.00000011920929));
#11346=CARTESIAN_POINT('',(-4.66297646117481,-31.1529557269054,8.00000011920928));
#11347=CARTESIAN_POINT('',(1.11022302462516E-15,-31.5,12.6668974650526));
#11348=CARTESIAN_POINT('Ctrl Pts',(-4.66297646117481,-31.1529557269054,
8.00000011920928));
#11349=CARTESIAN_POINT('Ctrl Pts',(-3.12082415799158,-31.3837851850258,
9.54487253856001));
#11350=CARTESIAN_POINT('Ctrl Pts',(-1.56077819086694,-31.5000000000641,
11.1062382231446));
#11351=CARTESIAN_POINT('Ctrl Pts',(1.29296851003602E-9,-31.5,12.6668974663455));
#11352=CARTESIAN_POINT('',(2.22044604925031E-15,-31.5,3.33310277336598));
#11353=CARTESIAN_POINT('Ctrl Pts',(1.29296962025904E-9,-31.5,3.33310277207311));
#11354=CARTESIAN_POINT('Ctrl Pts',(-1.56077819086694,-31.5000000000641,
4.89376201527395));
#11355=CARTESIAN_POINT('Ctrl Pts',(-3.12082415799158,-31.3837851850258,
6.45512769985856));
#11356=CARTESIAN_POINT('Ctrl Pts',(-4.66297646117481,-31.1529557269054,
8.00000011920929));
#11357=CARTESIAN_POINT('',(4.66297646117481,-31.1529557269054,8.00000011920929));
#11358=CARTESIAN_POINT('Ctrl Pts',(4.66297646117481,-31.1529557269054,8.00000011920929));
#11359=CARTESIAN_POINT('Ctrl Pts',(3.12082415799158,-31.3837851850258,6.45512769985856));
#11360=CARTESIAN_POINT('Ctrl Pts',(1.56077819086694,-31.5000000000641,4.89376201527395));
#11361=CARTESIAN_POINT('Ctrl Pts',(-1.29296351403241E-9,-31.5,3.33310277207311));
#11362=CARTESIAN_POINT('Ctrl Pts',(-1.29296406914392E-9,-31.5,12.6668974663455));
#11363=CARTESIAN_POINT('Ctrl Pts',(1.56077819086694,-31.5000000000641,11.1062382231446));
#11364=CARTESIAN_POINT('Ctrl Pts',(3.12082415799159,-31.3837851850258,9.54487253856001));
#11365=CARTESIAN_POINT('Ctrl Pts',(4.66297646117482,-31.1529557269054,8.00000011920928));
#11366=CARTESIAN_POINT('',(22.2738636073762,-22.2738636073762,3.33310277336598));
#11367=CARTESIAN_POINT('',(18.7312439722892,-25.3256885247091,8.00000011920929));
#11368=CARTESIAN_POINT('Ctrl Pts',(22.2738636082905,-22.273863606462,3.33310277207311));
#11369=CARTESIAN_POINT('Ctrl Pts',(21.1702267647315,-23.3775004501116,4.89376201527394));
#11370=CARTESIAN_POINT('Ctrl Pts',(19.984931398627,-24.3984432486403,6.45512769985856));
#11371=CARTESIAN_POINT('Ctrl Pts',(18.7312439722892,-25.3256885247091,8.00000011920929));
#11372=CARTESIAN_POINT('',(25.3256885247091,-18.7312439722892,8.00000011920929));
#11373=CARTESIAN_POINT('Ctrl Pts',(25.3256885247091,-18.7312439722892,8.00000011920929));
#11374=CARTESIAN_POINT('Ctrl Pts',(24.3984432486403,-19.984931398627,6.45512769985856));
#11375=CARTESIAN_POINT('Ctrl Pts',(23.3775004501116,-21.1702267647315,4.89376201527395));
#11376=CARTESIAN_POINT('Ctrl Pts',(22.273863606462,-22.2738636082905,3.33310277207311));
#11377=CARTESIAN_POINT('',(22.2738636073762,-22.2738636073762,12.6668974650526));
#11378=CARTESIAN_POINT('Ctrl Pts',(22.273863606462,-22.2738636082905,12.6668974663455));
#11379=CARTESIAN_POINT('Ctrl Pts',(23.3775004501116,-21.1702267647315,11.1062382231446));
#11380=CARTESIAN_POINT('Ctrl Pts',(24.3984432486403,-19.984931398627,9.54487253856001));
#11381=CARTESIAN_POINT('Ctrl Pts',(25.3256885247091,-18.7312439722892,8.00000011920929));
#11382=CARTESIAN_POINT('Ctrl Pts',(18.7312439722892,-25.3256885247091,8.00000011920929));
#11383=CARTESIAN_POINT('Ctrl Pts',(19.984931398627,-24.3984432486403,9.54487253856001));
#11384=CARTESIAN_POINT('Ctrl Pts',(21.1702267647315,-23.3775004501116,11.1062382231446));
#11385=CARTESIAN_POINT('Ctrl Pts',(22.2738636082905,-22.273863606462,12.6668974663455));
#11386=CARTESIAN_POINT('',(31.1529557269054,-4.66297646117481,8.00000011920928));
#11387=CARTESIAN_POINT('',(31.5,5.55111512312578E-16,12.6668974650526));
#11388=CARTESIAN_POINT('Ctrl Pts',(31.1529557269054,-4.66297646117481,8.00000011920928));
#11389=CARTESIAN_POINT('Ctrl Pts',(31.3837851850258,-3.12082415799158,9.54487253856001));
#11390=CARTESIAN_POINT('Ctrl Pts',(31.5000000000641,-1.56077819086694,11.1062382231446));
#11391=CARTESIAN_POINT('Ctrl Pts',(31.5,1.29296795492451E-9,12.6668974663455));
#11392=CARTESIAN_POINT('',(31.5,2.22044604925031E-15,3.33310277336597));
#11393=CARTESIAN_POINT('Ctrl Pts',(31.5,1.29296184869787E-9,3.33310277207311));
#11394=CARTESIAN_POINT('Ctrl Pts',(31.5000000000641,-1.56077819086694,4.89376201527396));
#11395=CARTESIAN_POINT('Ctrl Pts',(31.3837851850258,-3.12082415799158,6.45512769985856));
#11396=CARTESIAN_POINT('Ctrl Pts',(31.1529557269054,-4.66297646117481,8.00000011920929));
#11397=CARTESIAN_POINT('',(31.1529557269054,4.66297646117481,8.00000011920929));
#11398=CARTESIAN_POINT('Ctrl Pts',(31.1529557269054,4.66297646117481,8.00000011920929));
#11399=CARTESIAN_POINT('Ctrl Pts',(31.3837851850258,3.12082415799158,6.45512769985856));
#11400=CARTESIAN_POINT('Ctrl Pts',(31.5000000000641,1.56077819086694,4.89376201527395));
#11401=CARTESIAN_POINT('Ctrl Pts',(31.5,-1.29296628958997E-9,3.33310277207311));
#11402=CARTESIAN_POINT('Ctrl Pts',(31.5,-1.29296517936694E-9,12.6668974663455));
#11403=CARTESIAN_POINT('Ctrl Pts',(31.5000000000641,1.56077819086694,11.1062382231446));
#11404=CARTESIAN_POINT('Ctrl Pts',(31.3837851850258,3.12082415799158,9.54487253856001));
#11405=CARTESIAN_POINT('Ctrl Pts',(31.1529557269054,4.66297646117481,8.00000011920928));
#11406=CARTESIAN_POINT('',(25.3256885247091,18.7312439722892,8.00000011920929));
#11407=CARTESIAN_POINT('',(22.2738636073762,22.2738636073762,12.6668974650526));
#11408=CARTESIAN_POINT('Ctrl Pts',(25.3256885247091,18.7312439722892,8.00000011920929));
#11409=CARTESIAN_POINT('Ctrl Pts',(24.3984432486403,19.984931398627,9.54487253856001));
#11410=CARTESIAN_POINT('Ctrl Pts',(23.3775004501116,21.1702267647315,11.1062382231446));
#11411=CARTESIAN_POINT('Ctrl Pts',(22.273863606462,22.2738636082905,12.6668974663455));
#11412=CARTESIAN_POINT('',(22.2738636073762,22.2738636073763,3.33310277336597));
#11413=CARTESIAN_POINT('Ctrl Pts',(22.273863606462,22.2738636082905,3.33310277207311));
#11414=CARTESIAN_POINT('Ctrl Pts',(23.3775004501116,21.1702267647315,4.89376201527394));
#11415=CARTESIAN_POINT('Ctrl Pts',(24.3984432486403,19.984931398627,6.45512769985856));
#11416=CARTESIAN_POINT('Ctrl Pts',(25.3256885247091,18.7312439722892,8.00000011920928));
#11417=CARTESIAN_POINT('',(18.7312439722892,25.3256885247091,8.00000011920929));
#11418=CARTESIAN_POINT('Ctrl Pts',(18.7312439722892,25.3256885247091,8.00000011920929));
#11419=CARTESIAN_POINT('Ctrl Pts',(19.984931398627,24.3984432486403,6.45512769985857));
#11420=CARTESIAN_POINT('Ctrl Pts',(21.1702267647315,23.3775004501116,4.89376201527395));
#11421=CARTESIAN_POINT('Ctrl Pts',(22.2738636082905,22.273863606462,3.33310277207312));
#11422=CARTESIAN_POINT('Ctrl Pts',(22.2738636082905,22.273863606462,12.6668974663455));
#11423=CARTESIAN_POINT('Ctrl Pts',(21.1702267647315,23.3775004501116,11.1062382231446));
#11424=CARTESIAN_POINT('Ctrl Pts',(19.984931398627,24.3984432486403,9.54487253856002));
#11425=CARTESIAN_POINT('Ctrl Pts',(18.7312439722892,25.3256885247091,8.00000011920929));
#11426=CARTESIAN_POINT('',(4.66297646117481,31.1529557269054,8.00000011920929));
#11427=CARTESIAN_POINT('',(4.44089209850063E-15,31.5,12.6668974650526));
#11428=CARTESIAN_POINT('Ctrl Pts',(4.66297646117481,31.1529557269054,8.00000011920928));
#11429=CARTESIAN_POINT('Ctrl Pts',(3.12082415799159,31.3837851850258,9.54487253856001));
#11430=CARTESIAN_POINT('Ctrl Pts',(1.56077819086694,31.5000000000641,11.1062382231446));
#11431=CARTESIAN_POINT('Ctrl Pts',(-1.29296240380938E-9,31.5,12.6668974663455));
#11432=CARTESIAN_POINT('',(4.9960036108132E-15,31.5,3.33310277336598));
#11433=CARTESIAN_POINT('Ctrl Pts',(-1.29296628958997E-9,31.5,3.33310277207311));
#11434=CARTESIAN_POINT('Ctrl Pts',(1.56077819086694,31.5000000000641,4.89376201527395));
#11435=CARTESIAN_POINT('Ctrl Pts',(3.12082415799158,31.3837851850258,6.45512769985856));
#11436=CARTESIAN_POINT('Ctrl Pts',(4.66297646117481,31.1529557269054,8.0000001192093));
#11437=CARTESIAN_POINT('',(-4.66297646117481,31.1529557269054,8.00000011920929));
#11438=CARTESIAN_POINT('Ctrl Pts',(-4.66297646117481,31.1529557269054,8.00000011920929));
#11439=CARTESIAN_POINT('Ctrl Pts',(-3.12082415799158,31.3837851850258,6.45512769985856));
#11440=CARTESIAN_POINT('Ctrl Pts',(-1.56077819086694,31.5000000000641,4.89376201527395));
#11441=CARTESIAN_POINT('Ctrl Pts',(1.29296462425543E-9,31.5,3.33310277207311));
#11442=CARTESIAN_POINT('Ctrl Pts',(1.29295518735972E-9,31.5,12.6668974663455));
#11443=CARTESIAN_POINT('Ctrl Pts',(-1.56077819086695,31.5000000000641,11.1062382231446));
#11444=CARTESIAN_POINT('Ctrl Pts',(-3.12082415799159,31.3837851850258,9.54487253856001));
#11445=CARTESIAN_POINT('Ctrl Pts',(-4.66297646117481,31.1529557269054,8.00000011920928));
#11446=CARTESIAN_POINT('',(16.2297485389512,26.9971343361182,8.00000011920929));
#11447=CARTESIAN_POINT('',(12.0545281195003,29.1022052741055,12.6668974650526));
#11448=CARTESIAN_POINT('Ctrl Pts',(16.2297485389512,26.9971343361182,8.00000011920929));
#11449=CARTESIAN_POINT('Ctrl Pts',(14.8933201993495,27.8005490845882,9.54487253856001));
#11450=CARTESIAN_POINT('Ctrl Pts',(13.4964991448568,28.5049213189232,11.1062382231446));
#11451=CARTESIAN_POINT('Ctrl Pts',(12.0545281183058,29.1022052746003,12.6668974663455));
#11452=CARTESIAN_POINT('',(12.0545281195003,29.1022052741055,3.33310277336598));
#11453=CARTESIAN_POINT('Ctrl Pts',(12.0545281183058,29.1022052746003,3.33310277207312));
#11454=CARTESIAN_POINT('Ctrl Pts',(13.4964991448568,28.5049213189232,4.89376201527396));
#11455=CARTESIAN_POINT('Ctrl Pts',(14.8933201993495,27.8005490845882,6.45512769985857));
#11456=CARTESIAN_POINT('Ctrl Pts',(16.2297485389512,26.9971343361182,8.0000001192093));
#11457=CARTESIAN_POINT('',(7.61369151282854,30.5660220105182,8.00000011920929));
#11458=CARTESIAN_POINT('Ctrl Pts',(7.61369151282854,30.5660220105182,8.00000011920929));
#11459=CARTESIAN_POINT('Ctrl Pts',(9.12678907107914,30.1891244857644,6.45512769985857));
#11460=CARTESIAN_POINT('Ctrl Pts',(10.6125570941929,29.6994892294062,4.89376201527395));
#11461=CARTESIAN_POINT('Ctrl Pts',(12.0545281206949,29.1022052736107,3.33310277207312));
#11462=CARTESIAN_POINT('Ctrl Pts',(12.0545281206949,29.1022052736107,12.6668974663455));
#11463=CARTESIAN_POINT('Ctrl Pts',(10.6125570941929,29.6994892294063,11.1062382231446));
#11464=CARTESIAN_POINT('Ctrl Pts',(9.12678907107914,30.1891244857644,9.54487253856001));
#11465=CARTESIAN_POINT('Ctrl Pts',(7.61369151282854,30.5660220105182,8.00000011920929));
#11466=CARTESIAN_POINT('',(30.5660220105182,7.61369151282854,8.00000011920929));
#11467=CARTESIAN_POINT('',(29.1022052741055,12.0545281195003,12.6668974650526));
#11468=CARTESIAN_POINT('Ctrl Pts',(30.5660220105182,7.61369151282854,8.00000011920929));
#11469=CARTESIAN_POINT('Ctrl Pts',(30.1891244857644,9.12678907107914,9.54487253856002));
#11470=CARTESIAN_POINT('Ctrl Pts',(29.6994892294063,10.6125570941929,11.1062382231446));
#11471=CARTESIAN_POINT('Ctrl Pts',(29.1022052736107,12.0545281206949,12.6668974663455));
#11472=CARTESIAN_POINT('',(29.1022052741055,12.0545281195003,3.33310277336597));
#11473=CARTESIAN_POINT('Ctrl Pts',(29.1022052736107,12.0545281206949,3.33310277207311));
#11474=CARTESIAN_POINT('Ctrl Pts',(29.6994892294063,10.6125570941929,4.89376201527394));
#11475=CARTESIAN_POINT('Ctrl Pts',(30.1891244857644,9.12678907107914,6.45512769985856));
#11476=CARTESIAN_POINT('Ctrl Pts',(30.5660220105182,7.61369151282854,8.00000011920929));
#11477=CARTESIAN_POINT('',(26.9971343361182,16.2297485389512,8.00000011920929));
#11478=CARTESIAN_POINT('Ctrl Pts',(26.9971343361182,16.2297485389512,8.00000011920929));
#11479=CARTESIAN_POINT('Ctrl Pts',(27.8005490845882,14.8933201993495,6.45512769985857));
#11480=CARTESIAN_POINT('Ctrl Pts',(28.5049213189232,13.4964991448568,4.89376201527395));
#11481=CARTESIAN_POINT('Ctrl Pts',(29.1022052746003,12.0545281183058,3.33310277207311));
#11482=CARTESIAN_POINT('Ctrl Pts',(29.1022052746003,12.0545281183058,12.6668974663455));
#11483=CARTESIAN_POINT('Ctrl Pts',(28.5049213189232,13.4964991448568,11.1062382231446));
#11484=CARTESIAN_POINT('Ctrl Pts',(27.8005490845882,14.8933201993495,9.54487253856001));
#11485=CARTESIAN_POINT('Ctrl Pts',(26.9971343361182,16.2297485389512,8.00000011920928));
#11486=CARTESIAN_POINT('',(29.1022052741055,-12.0545281195003,3.33310277336598));
#11487=CARTESIAN_POINT('',(26.9971343361182,-16.2297485389512,8.00000011920929));
#11488=CARTESIAN_POINT('Ctrl Pts',(29.1022052746003,-12.0545281183058,3.33310277207311));
#11489=CARTESIAN_POINT('Ctrl Pts',(28.5049213189232,-13.4964991448568,4.89376201527395));
#11490=CARTESIAN_POINT('Ctrl Pts',(27.8005490845882,-14.8933201993495,6.45512769985856));
#11491=CARTESIAN_POINT('Ctrl Pts',(26.9971343361182,-16.2297485389512,8.00000011920929));
#11492=CARTESIAN_POINT('',(30.5660220105182,-7.61369151282854,8.00000011920929));
#11493=CARTESIAN_POINT('Ctrl Pts',(30.5660220105182,-7.61369151282854,8.00000011920929));
#11494=CARTESIAN_POINT('Ctrl Pts',(30.1891244857644,-9.12678907107915,6.45512769985856));
#11495=CARTESIAN_POINT('Ctrl Pts',(29.6994892294062,-10.6125570941929,4.89376201527396));
#11496=CARTESIAN_POINT('Ctrl Pts',(29.1022052736107,-12.0545281206949,3.33310277207312));
#11497=CARTESIAN_POINT('',(29.1022052741055,-12.0545281195003,12.6668974650526));
#11498=CARTESIAN_POINT('Ctrl Pts',(29.1022052736107,-12.0545281206949,12.6668974663455));
#11499=CARTESIAN_POINT('Ctrl Pts',(29.6994892294062,-10.6125570941929,11.1062382231446));
#11500=CARTESIAN_POINT('Ctrl Pts',(30.1891244857644,-9.12678907107914,9.54487253856001));
#11501=CARTESIAN_POINT('Ctrl Pts',(30.5660220105182,-7.61369151282853,8.00000011920928));
#11502=CARTESIAN_POINT('Ctrl Pts',(26.9971343361182,-16.2297485389512,8.00000011920929));
#11503=CARTESIAN_POINT('Ctrl Pts',(27.8005490845882,-14.8933201993495,9.54487253856002));
#11504=CARTESIAN_POINT('Ctrl Pts',(28.5049213189232,-13.4964991448568,11.1062382231446));
#11505=CARTESIAN_POINT('Ctrl Pts',(29.1022052746003,-12.0545281183058,12.6668974663455));
#11506=CARTESIAN_POINT('',(7.61369151282853,-30.5660220105182,8.00000011920929));
#11507=CARTESIAN_POINT('',(12.0545281195003,-29.1022052741055,12.6668974650526));
#11508=CARTESIAN_POINT('Ctrl Pts',(7.61369151282854,-30.5660220105182,8.00000011920929));
#11509=CARTESIAN_POINT('Ctrl Pts',(9.12678907107914,-30.1891244857644,9.54487253856002));
#11510=CARTESIAN_POINT('Ctrl Pts',(10.6125570941929,-29.6994892294062,11.1062382231446));
#11511=CARTESIAN_POINT('Ctrl Pts',(12.0545281206949,-29.1022052736107,12.6668974663455));
#11512=CARTESIAN_POINT('',(12.0545281195003,-29.1022052741055,3.33310277336597));
#11513=CARTESIAN_POINT('Ctrl Pts',(12.0545281206949,-29.1022052736107,3.33310277207311));
#11514=CARTESIAN_POINT('Ctrl Pts',(10.6125570941929,-29.6994892294063,4.89376201527394));
#11515=CARTESIAN_POINT('Ctrl Pts',(9.12678907107914,-30.1891244857644,6.45512769985856));
#11516=CARTESIAN_POINT('Ctrl Pts',(7.61369151282854,-30.5660220105182,8.00000011920929));
#11517=CARTESIAN_POINT('',(16.2297485389512,-26.9971343361182,8.00000011920929));
#11518=CARTESIAN_POINT('Ctrl Pts',(16.2297485389512,-26.9971343361182,8.00000011920929));
#11519=CARTESIAN_POINT('Ctrl Pts',(14.8933201993495,-27.8005490845882,6.45512769985856));
#11520=CARTESIAN_POINT('Ctrl Pts',(13.4964991448568,-28.5049213189232,4.89376201527395));
#11521=CARTESIAN_POINT('Ctrl Pts',(12.0545281183058,-29.1022052746003,3.33310277207311));
#11522=CARTESIAN_POINT('Ctrl Pts',(12.0545281183058,-29.1022052746003,12.6668974663455));
#11523=CARTESIAN_POINT('Ctrl Pts',(13.4964991448568,-28.5049213189232,11.1062382231446));
#11524=CARTESIAN_POINT('Ctrl Pts',(14.8933201993495,-27.8005490845882,9.54487253856001));
#11525=CARTESIAN_POINT('Ctrl Pts',(16.2297485389512,-26.9971343361182,8.00000011920929));
#11526=CARTESIAN_POINT('',(-16.2297485389512,-26.9971343361182,8.00000011920929));
#11527=CARTESIAN_POINT('',(-12.0545281195003,-29.1022052741055,12.6668974650526));
#11528=CARTESIAN_POINT('Ctrl Pts',(-16.2297485389512,-26.9971343361182,
8.00000011920929));
#11529=CARTESIAN_POINT('Ctrl Pts',(-14.8933201993495,-27.8005490845882,
9.54487253856001));
#11530=CARTESIAN_POINT('Ctrl Pts',(-13.4964991448568,-28.5049213189232,
11.1062382231446));
#11531=CARTESIAN_POINT('Ctrl Pts',(-12.0545281183058,-29.1022052746003,
12.6668974663455));
#11532=CARTESIAN_POINT('',(-12.0545281195004,-29.1022052741055,3.33310277336598));
#11533=CARTESIAN_POINT('Ctrl Pts',(-12.0545281183058,-29.1022052746003,
3.33310277207312));
#11534=CARTESIAN_POINT('Ctrl Pts',(-13.4964991448568,-28.5049213189232,
4.89376201527396));
#11535=CARTESIAN_POINT('Ctrl Pts',(-14.8933201993495,-27.8005490845882,
6.45512769985857));
#11536=CARTESIAN_POINT('Ctrl Pts',(-16.2297485389512,-26.9971343361182,
8.0000001192093));
#11537=CARTESIAN_POINT('',(-7.61369151282855,-30.5660220105182,8.00000011920929));
#11538=CARTESIAN_POINT('Ctrl Pts',(-7.61369151282855,-30.5660220105182,
8.00000011920929));
#11539=CARTESIAN_POINT('Ctrl Pts',(-9.12678907107916,-30.1891244857644,
6.45512769985857));
#11540=CARTESIAN_POINT('Ctrl Pts',(-10.6125570941929,-29.6994892294062,
4.89376201527395));
#11541=CARTESIAN_POINT('Ctrl Pts',(-12.0545281206949,-29.1022052736107,
3.33310277207311));
#11542=CARTESIAN_POINT('Ctrl Pts',(-12.0545281206949,-29.1022052736107,
12.6668974663455));
#11543=CARTESIAN_POINT('Ctrl Pts',(-10.6125570941929,-29.6994892294062,
11.1062382231446));
#11544=CARTESIAN_POINT('Ctrl Pts',(-9.12678907107916,-30.1891244857644,
9.54487253856002));
#11545=CARTESIAN_POINT('Ctrl Pts',(-7.61369151282855,-30.5660220105182,
8.00000011920929));
#11546=CARTESIAN_POINT('',(-30.5660220105182,-7.61369151282855,8.00000011920929));
#11547=CARTESIAN_POINT('',(-29.1022052741055,-12.0545281195003,12.6668974650526));
#11548=CARTESIAN_POINT('Ctrl Pts',(-30.5660220105182,-7.61369151282854,
8.00000011920928));
#11549=CARTESIAN_POINT('Ctrl Pts',(-30.1891244857644,-9.12678907107915,
9.54487253856001));
#11550=CARTESIAN_POINT('Ctrl Pts',(-29.6994892294062,-10.6125570941929,
11.1062382231446));
#11551=CARTESIAN_POINT('Ctrl Pts',(-29.1022052736107,-12.0545281206949,
12.6668974663455));
#11552=CARTESIAN_POINT('',(-29.1022052741055,-12.0545281195003,3.33310277336598));
#11553=CARTESIAN_POINT('Ctrl Pts',(-29.1022052736107,-12.0545281206949,
3.33310277207311));
#11554=CARTESIAN_POINT('Ctrl Pts',(-29.6994892294063,-10.6125570941929,
4.89376201527395));
#11555=CARTESIAN_POINT('Ctrl Pts',(-30.1891244857644,-9.12678907107914,
6.45512769985857));
#11556=CARTESIAN_POINT('Ctrl Pts',(-30.5660220105182,-7.61369151282854,
8.0000001192093));
#11557=CARTESIAN_POINT('',(-26.9971343361182,-16.2297485389512,8.00000011920929));
#11558=CARTESIAN_POINT('Ctrl Pts',(-26.9971343361182,-16.2297485389512,
8.00000011920929));
#11559=CARTESIAN_POINT('Ctrl Pts',(-27.8005490845882,-14.8933201993495,
6.45512769985856));
#11560=CARTESIAN_POINT('Ctrl Pts',(-28.5049213189232,-13.4964991448568,
4.89376201527395));
#11561=CARTESIAN_POINT('Ctrl Pts',(-29.1022052746003,-12.0545281183058,
3.33310277207311));
#11562=CARTESIAN_POINT('Ctrl Pts',(-29.1022052746003,-12.0545281183058,
12.6668974663455));
#11563=CARTESIAN_POINT('Ctrl Pts',(-28.5049213189232,-13.4964991448568,
11.1062382231446));
#11564=CARTESIAN_POINT('Ctrl Pts',(-27.8005490845882,-14.8933201993495,
9.54487253856001));
#11565=CARTESIAN_POINT('Ctrl Pts',(-26.9971343361182,-16.2297485389512,
8.00000011920928));
#11566=CARTESIAN_POINT('',(-29.1022052741055,12.0545281195003,3.33310277336597));
#11567=CARTESIAN_POINT('',(-26.9971343361182,16.2297485389512,8.0000001192093));
#11568=CARTESIAN_POINT('Ctrl Pts',(-29.1022052746003,12.0545281183058,3.33310277207311));
#11569=CARTESIAN_POINT('Ctrl Pts',(-28.5049213189232,13.4964991448568,4.89376201527395));
#11570=CARTESIAN_POINT('Ctrl Pts',(-27.8005490845882,14.8933201993495,6.45512769985857));
#11571=CARTESIAN_POINT('Ctrl Pts',(-26.9971343361182,16.2297485389512,8.0000001192093));
#11572=CARTESIAN_POINT('',(-30.5660220105182,7.61369151282855,8.0000001192093));
#11573=CARTESIAN_POINT('Ctrl Pts',(-30.5660220105182,7.61369151282855,8.0000001192093));
#11574=CARTESIAN_POINT('Ctrl Pts',(-30.1891244857644,9.12678907107915,6.45512769985857));
#11575=CARTESIAN_POINT('Ctrl Pts',(-29.6994892294063,10.6125570941929,4.89376201527396));
#11576=CARTESIAN_POINT('Ctrl Pts',(-29.1022052736107,12.0545281206949,3.33310277207312));
#11577=CARTESIAN_POINT('',(-29.1022052741055,12.0545281195003,12.6668974650526));
#11578=CARTESIAN_POINT('Ctrl Pts',(-29.1022052736107,12.0545281206949,12.6668974663455));
#11579=CARTESIAN_POINT('Ctrl Pts',(-29.6994892294062,10.6125570941929,11.1062382231446));
#11580=CARTESIAN_POINT('Ctrl Pts',(-30.1891244857644,9.12678907107916,9.54487253856002));
#11581=CARTESIAN_POINT('Ctrl Pts',(-30.5660220105182,7.61369151282856,8.00000011920929));
#11582=CARTESIAN_POINT('Ctrl Pts',(-26.9971343361182,16.2297485389512,8.00000011920928));
#11583=CARTESIAN_POINT('Ctrl Pts',(-27.8005490845882,14.8933201993495,9.54487253856001));
#11584=CARTESIAN_POINT('Ctrl Pts',(-28.5049213189232,13.4964991448568,11.1062382231446));
#11585=CARTESIAN_POINT('Ctrl Pts',(-29.1022052746003,12.0545281183058,12.6668974663455));
#11586=CARTESIAN_POINT('Ctrl Pts',(-22.2738636082905,22.273863606462,12.6668974663455));
#11587=CARTESIAN_POINT('Ctrl Pts',(-21.1702267647315,23.3775004501116,11.1062382231446));
#11588=CARTESIAN_POINT('Ctrl Pts',(-19.984931398627,24.3984432486403,9.54487253856001));
#11589=CARTESIAN_POINT('Ctrl Pts',(-18.7312439722892,25.3256885247091,8.00000011920929));
#11590=CARTESIAN_POINT('Ctrl Pts',(-22.4953916284033,22.3104665121746,12.5383892523105));
#11591=CARTESIAN_POINT('Ctrl Pts',(-21.3931803748847,23.4218398380945,10.9732278847656));
#11592=CARTESIAN_POINT('Ctrl Pts',(-20.2085734259281,24.4507945574123,9.4071236069141));
#11593=CARTESIAN_POINT('Ctrl Pts',(-18.9546946450554,25.3862030258028,7.85725033621652));
#11594=CARTESIAN_POINT('Ctrl Pts',(-22.7169196485161,22.3470694178872,12.4098810382755));
#11595=CARTESIAN_POINT('Ctrl Pts',(-21.6161339850379,23.4661792260773,10.8402175463865));
#11596=CARTESIAN_POINT('Ctrl Pts',(-20.4322154532291,24.5031458661843,9.26937467526819));
#11597=CARTESIAN_POINT('Ctrl Pts',(-19.1781453178216,25.4467175268966,7.71450055322375));
#11598=CARTESIAN_POINT('Ctrl Pts',(-22.9384476686289,22.3836723235999,12.2813728242405));
#11599=CARTESIAN_POINT('Ctrl Pts',(-21.8390875951911,23.5105186140601,10.7072072080075));
#11600=CARTESIAN_POINT('Ctrl Pts',(-20.6558574805301,24.5554971749564,9.13162574362228));
#11601=CARTESIAN_POINT('Ctrl Pts',(-19.4015959905878,25.5072320279904,7.57175077023098));
#11602=CARTESIAN_POINT('',(-22.6627723370289,22.6627723370288,11.8890874157353));
#11603=CARTESIAN_POINT('Ctrl Pts',(-22.2738636073763,22.2738636073762,12.6668974650526));
#11604=CARTESIAN_POINT('Ctrl Pts',(-22.3384641103092,22.3384641103092,12.5371313037515));
#11605=CARTESIAN_POINT('Ctrl Pts',(-22.403157765782,22.4031577266587,12.4074622051751));
#11606=CARTESIAN_POINT('Ctrl Pts',(-22.4679468192286,22.4679467298572,12.2778846585495));
#11607=CARTESIAN_POINT('Ctrl Pts',(-22.5327941665274,22.5327940268626,12.1481905247239));
#11608=CARTESIAN_POINT('Ctrl Pts',(-22.5977344203934,22.5977342200506,12.0185934318485));
#11609=CARTESIAN_POINT('Ctrl Pts',(-22.6627699210739,22.662769667978,11.8890875947011));
#11610=CARTESIAN_POINT('',(-19.7438475468145,25.2438475525199,8.00000012324366));
#11611=CARTESIAN_POINT('Ctrl Pts',(-22.662769794545,22.6627697945026,11.8890874157653));
#11612=CARTESIAN_POINT('Ctrl Pts',(-21.7438144779606,23.5816944638561,10.5895100147016));
#11613=CARTESIAN_POINT('Ctrl Pts',(-20.7684320025003,24.4441858171727,9.28993696740819));
#11614=CARTESIAN_POINT('Ctrl Pts',(-19.7438447124896,25.2438443396833,8.00000038282312));
#11615=CARTESIAN_POINT('Ctrl Pts',(-18.7312439722892,25.3256885247091,8.00000011920929));
#11616=CARTESIAN_POINT('Ctrl Pts',(-18.9005509652927,25.3131312003893,8.00000011920929));
#11617=CARTESIAN_POINT('Ctrl Pts',(-19.0698174120848,25.3000097440952,8.0000001526596));
#11618=CARTESIAN_POINT('Ctrl Pts',(-19.2390368428514,25.2863282668728,8.00000020924771));
#11619=CARTESIAN_POINT('Ctrl Pts',(-19.4073514163822,25.2727199478191,8.00000026553323));
#11620=CARTESIAN_POINT('Ctrl Pts',(-19.5756224653491,25.2585573399489,8.00000034706469));
#11621=CARTESIAN_POINT('Ctrl Pts',(-19.7438447527461,25.2438443043297,8.0000004406534));
#11622=CARTESIAN_POINT('Ctrl Pts',(-25.3256885247091,18.7312439722892,8.00000011920927));
#11623=CARTESIAN_POINT('Ctrl Pts',(-24.3984432486403,19.984931398627,9.54487253856));
#11624=CARTESIAN_POINT('Ctrl Pts',(-23.3775004501116,21.1702267647315,11.1062382231446));
#11625=CARTESIAN_POINT('Ctrl Pts',(-22.273863606462,22.2738636082905,12.6668974663455));
#11626=CARTESIAN_POINT('Ctrl Pts',(-25.3862030258028,18.9546946450554,7.8572503362165));
#11627=CARTESIAN_POINT('Ctrl Pts',(-24.4507945574123,20.208573425928,9.40712360691409));
#11628=CARTESIAN_POINT('Ctrl Pts',(-23.4218398380945,21.3931803748847,10.9732278847656));
#11629=CARTESIAN_POINT('Ctrl Pts',(-22.3104665121746,22.4953916284033,12.5383892523105));
#11630=CARTESIAN_POINT('Ctrl Pts',(-25.4467175268966,19.1781453178216,7.71450055322373));
#11631=CARTESIAN_POINT('Ctrl Pts',(-24.5031458661844,20.4322154532291,9.26937467526818));
#11632=CARTESIAN_POINT('Ctrl Pts',(-23.4661792260773,21.6161339850379,10.8402175463865));
#11633=CARTESIAN_POINT('Ctrl Pts',(-22.3470694178872,22.7169196485161,12.4098810382755));
#11634=CARTESIAN_POINT('Ctrl Pts',(-25.5072320279904,19.4015959905878,7.57175077023096));
#11635=CARTESIAN_POINT('Ctrl Pts',(-24.5554971749564,20.6558574805301,9.13162574362227));
#11636=CARTESIAN_POINT('Ctrl Pts',(-23.5105186140601,21.8390875951911,10.7072072080075));
#11637=CARTESIAN_POINT('Ctrl Pts',(-22.3836723235999,22.9384476686289,12.2813728242405));
#11638=CARTESIAN_POINT('',(-25.2438475525199,19.7438475468145,8.00000011517492));
#11639=CARTESIAN_POINT('Ctrl Pts',(-25.3256885247091,18.7312439722892,8.00000011920929));
#11640=CARTESIAN_POINT('Ctrl Pts',(-25.3131400187464,18.9004320697791,8.00000011920929));
#11641=CARTESIAN_POINT('Ctrl Pts',(-25.3000281729283,19.0695796769223,8.00000015261286));
#11642=CARTESIAN_POINT('Ctrl Pts',(-25.2863570896812,19.238680337461,8.00000020912854));
#11643=CARTESIAN_POINT('Ctrl Pts',(-25.2727399043435,19.4071143228045,8.00000026542141));
#11644=CARTESIAN_POINT('Ctrl Pts',(-25.2585676406635,19.5755047306144,8.0000003407773));
#11645=CARTESIAN_POINT('Ctrl Pts',(-25.2438443077185,19.7438447530425,8.00000043444994));
#11646=CARTESIAN_POINT('Ctrl Pts',(-25.2438443421655,19.7438447093093,8.0000003788192));
#11647=CARTESIAN_POINT('Ctrl Pts',(-24.4441858189574,20.768432000482,9.28993696471897));
#11648=CARTESIAN_POINT('Ctrl Pts',(-23.5816944648069,21.7438144770098,10.589510013357));
#11649=CARTESIAN_POINT('Ctrl Pts',(-22.6627697945026,22.662769794545,11.8890874157653));
#11650=CARTESIAN_POINT('Ctrl Pts',(-18.7312439722892,25.3256885247091,8.00000011920931));
#11651=CARTESIAN_POINT('Ctrl Pts',(-19.984931398627,24.3984432486403,6.45512769985858));
#11652=CARTESIAN_POINT('Ctrl Pts',(-21.1702267647315,23.3775004501116,4.89376201527395));
#11653=CARTESIAN_POINT('Ctrl Pts',(-22.2738636082905,22.273863606462,3.33310277207311));
#11654=CARTESIAN_POINT('Ctrl Pts',(-18.9546946450554,25.3862030258028,8.14274990220208));
#11655=CARTESIAN_POINT('Ctrl Pts',(-20.208573425928,24.4507945574123,6.59287663150449));
#11656=CARTESIAN_POINT('Ctrl Pts',(-21.3931803748847,23.4218398380945,5.02677235365299));
#11657=CARTESIAN_POINT('Ctrl Pts',(-22.4953916284033,22.3104665121746,3.46161098610811));
#11658=CARTESIAN_POINT('Ctrl Pts',(-19.1781453178216,25.4467175268966,8.28549968519484));
#11659=CARTESIAN_POINT('Ctrl Pts',(-20.4322154532291,24.5031458661844,6.7306255631504));
#11660=CARTESIAN_POINT('Ctrl Pts',(-21.6161339850379,23.4661792260773,5.15978269203203));
#11661=CARTESIAN_POINT('Ctrl Pts',(-22.7169196485161,22.3470694178872,3.59011920014312));
#11662=CARTESIAN_POINT('Ctrl Pts',(-19.4015959905878,25.5072320279904,8.42824946818761));
#11663=CARTESIAN_POINT('Ctrl Pts',(-20.6558574805301,24.5554971749564,6.86837449479631));
#11664=CARTESIAN_POINT('Ctrl Pts',(-21.8390875951911,23.5105186140601,5.29279303041107));
#11665=CARTESIAN_POINT('Ctrl Pts',(-22.9384476686289,22.3836723235999,3.71862741417812));
#11666=CARTESIAN_POINT('',(-22.6627723370288,22.6627723370289,4.11091282268328));
#11667=CARTESIAN_POINT('Ctrl Pts',(-19.7438447093093,25.2438443421654,7.99999985959938));
#11668=CARTESIAN_POINT('Ctrl Pts',(-20.768432000482,24.4441858189574,6.7100632736996));
#11669=CARTESIAN_POINT('Ctrl Pts',(-21.7438144770098,23.5816944648069,5.4104902250616));
#11670=CARTESIAN_POINT('Ctrl Pts',(-22.662769794545,22.6627697945026,4.11091282265328));
#11671=CARTESIAN_POINT('Ctrl Pts',(-22.6627699210739,22.662769667978,4.11091264371744));
#11672=CARTESIAN_POINT('Ctrl Pts',(-22.5976966446006,22.5976964442886,3.9813315832596));
#11673=CARTESIAN_POINT('Ctrl Pts',(-22.5327187260347,22.5327185864421,3.85165916185226));
#11674=CARTESIAN_POINT('Ctrl Pts',(-22.4678338214997,22.4678337322159,3.72188958510213));
#11675=CARTESIAN_POINT('Ctrl Pts',(-22.4030825440586,22.40308250498,3.59238726206129));
#11676=CARTESIAN_POINT('Ctrl Pts',(-22.3384265532033,22.3384265532033,3.4627934918881));
#11677=CARTESIAN_POINT('Ctrl Pts',(-22.2738636073763,22.2738636073763,3.33310277336598));
#11678=CARTESIAN_POINT('Ctrl Pts',(-22.273863606462,22.2738636082905,3.33310277207312));
#11679=CARTESIAN_POINT('Ctrl Pts',(-23.3775004501116,21.1702267647315,4.89376201527395));
#11680=CARTESIAN_POINT('Ctrl Pts',(-24.3984432486403,19.984931398627,6.45512769985856));
#11681=CARTESIAN_POINT('Ctrl Pts',(-25.3256885247091,18.7312439722892,8.00000011920929));
#11682=CARTESIAN_POINT('Ctrl Pts',(-22.3104665121746,22.4953916284033,3.46161098610812));
#11683=CARTESIAN_POINT('Ctrl Pts',(-23.4218398380944,21.3931803748847,5.02677235365299));
#11684=CARTESIAN_POINT('Ctrl Pts',(-24.4507945574123,20.2085734259281,6.59287663150448));
#11685=CARTESIAN_POINT('Ctrl Pts',(-25.3862030258028,18.9546946450554,8.14274990220206));
#11686=CARTESIAN_POINT('Ctrl Pts',(-22.3470694178872,22.7169196485161,3.59011920014312));
#11687=CARTESIAN_POINT('Ctrl Pts',(-23.4661792260773,21.6161339850379,5.15978269203203));
#11688=CARTESIAN_POINT('Ctrl Pts',(-24.5031458661843,20.4322154532291,6.73062556315039));
#11689=CARTESIAN_POINT('Ctrl Pts',(-25.4467175268966,19.1781453178216,8.28549968519483));
#11690=CARTESIAN_POINT('Ctrl Pts',(-22.3836723235999,22.9384476686289,3.71862741417812));
#11691=CARTESIAN_POINT('Ctrl Pts',(-23.5105186140601,21.8390875951911,5.29279303041107));
#11692=CARTESIAN_POINT('Ctrl Pts',(-24.5554971749564,20.6558574805301,6.8683744947963));
#11693=CARTESIAN_POINT('Ctrl Pts',(-25.5072320279904,19.4015959905878,8.4282494681876));
#11694=CARTESIAN_POINT('Ctrl Pts',(-22.6627697945026,22.662769794545,4.11091282265329));
#11695=CARTESIAN_POINT('Ctrl Pts',(-23.5816944638561,21.7438144779606,5.41049022371699));
#11696=CARTESIAN_POINT('Ctrl Pts',(-24.4441858171727,20.7684320025003,6.71006327101039));
#11697=CARTESIAN_POINT('Ctrl Pts',(-25.2438443396833,19.7438447124896,7.99999985559547));
#11698=CARTESIAN_POINT('Origin',(-19.3534499569637,24.8534499569637,8.00000011920929));
#11699=CARTESIAN_POINT('',(2.75,2.75,8.00000011920929));
#11700=CARTESIAN_POINT('',(-22.2738636073762,22.2738636073763,4.11091282268328));
#11701=CARTESIAN_POINT('Origin',(-22.2738636073762,22.2738636073762,11.8890874157353));
#11702=CARTESIAN_POINT('',(-22.2738636073762,22.2738636073762,11.8890874157353));
#11703=CARTESIAN_POINT('Ctrl Pts',(-26.9971343361182,16.2297485389512,8.0000001192093));
#11704=CARTESIAN_POINT('Ctrl Pts',(-27.8005490845882,14.8933201993495,6.45512769985857));
#11705=CARTESIAN_POINT('Ctrl Pts',(-28.5049213189232,13.4964991448568,4.89376201527395));
#11706=CARTESIAN_POINT('Ctrl Pts',(-29.1022052746003,12.0545281183058,3.33310277207311));
#11707=CARTESIAN_POINT('Ctrl Pts',(-27.2267337361992,16.2001457775134,8.14274990220207));
#11708=CARTESIAN_POINT('Ctrl Pts',(-28.0272013547506,14.8561024033955,6.59287663150449));
#11709=CARTESIAN_POINT('Ctrl Pts',(-28.7278715452255,13.4521427451066,5.02677235365299));
#11710=CARTESIAN_POINT('Ctrl Pts',(-29.3208778038529,12.0035696906223,3.46161098610811));
#11711=CARTESIAN_POINT('Ctrl Pts',(-27.4563331362802,16.1705430160756,8.28549968519484));
#11712=CARTESIAN_POINT('Ctrl Pts',(-28.2538536249131,14.8188846074415,6.7306255631504));
#11713=CARTESIAN_POINT('Ctrl Pts',(-28.9508217715278,13.4077863453564,5.15978269203203));
#11714=CARTESIAN_POINT('Ctrl Pts',(-29.5395503331055,11.9526112629389,3.59011920014312));
#11715=CARTESIAN_POINT('Ctrl Pts',(-27.6859325363612,16.1409402546378,8.42824946818761));
#11716=CARTESIAN_POINT('Ctrl Pts',(-28.4805058950755,14.7816668114876,6.86837449479631));
#11717=CARTESIAN_POINT('Ctrl Pts',(-29.1737719978301,13.3634299456062,5.29279303041107));
#11718=CARTESIAN_POINT('Ctrl Pts',(-29.7582228623582,11.9016528352554,3.71862741417812));
#11719=CARTESIAN_POINT('',(-27.9013388690245,15.7666307283003,8.00000012324366));
#11720=CARTESIAN_POINT('Ctrl Pts',(-26.9971343361182,16.2297485389512,8.0000001192093));
#11721=CARTESIAN_POINT('Ctrl Pts',(-27.1487540838522,16.1533530987173,8.0000001192093));
#11722=CARTESIAN_POINT('Ctrl Pts',(-27.3001204679387,16.0764519450637,8.00000008575635));
#11723=CARTESIAN_POINT('Ctrl Pts',(-27.4512290837607,15.9990513527294,8.00000002916419));
#11724=CARTESIAN_POINT('Ctrl Pts',(-27.6015182921821,15.9220704758285,7.9999999728789));
#11725=CARTESIAN_POINT('Ctrl Pts',(-27.7515551935285,15.8445941898352,7.99999989134961));
#11726=CARTESIAN_POINT('Ctrl Pts',(-27.9013350446133,15.7666287966075,7.99999979776518));
#11727=CARTESIAN_POINT('',(-29.6103390169867,12.2650040073011,4.11091282268328));
#11728=CARTESIAN_POINT('Ctrl Pts',(-27.901335018962,15.7666288481857,7.99999985959937));
#11729=CARTESIAN_POINT('Ctrl Pts',(-28.5419141781664,14.635748124252,6.7100632736996));
#11730=CARTESIAN_POINT('Ctrl Pts',(-29.1129889328091,13.4656473011979,5.4104902250616));
#11731=CARTESIAN_POINT('Ctrl Pts',(-29.6103356950553,12.2650026312796,4.11091282265329));
#11732=CARTESIAN_POINT('Ctrl Pts',(-29.6103357635338,12.2650024659656,4.11091264371744));
#11733=CARTESIAN_POINT('Ctrl Pts',(-29.5253106052705,12.2297839326703,3.98132724660375));
#11734=CARTESIAN_POINT('Ctrl Pts',(-29.4404100495298,12.1946170175041,3.85165048248032));
#11735=CARTESIAN_POINT('Ctrl Pts',(-29.3556310265897,12.1595004349029,3.7218765564173));
#11736=CARTESIAN_POINT('Ctrl Pts',(-29.2710322701997,12.1244585210697,3.59237857005161));
#11737=CARTESIAN_POINT('Ctrl Pts',(-29.1865579990833,12.0894681622093,3.46278914258737));
#11738=CARTESIAN_POINT('Ctrl Pts',(-29.1022052741055,12.0545281195003,3.33310277336597));
#11739=CARTESIAN_POINT('Ctrl Pts',(-29.1022052746003,12.0545281183058,12.6668974663455));
#11740=CARTESIAN_POINT('Ctrl Pts',(-28.5049213189232,13.4964991448568,11.1062382231446));
#11741=CARTESIAN_POINT('Ctrl Pts',(-27.8005490845882,14.8933201993495,9.54487253856001));
#11742=CARTESIAN_POINT('Ctrl Pts',(-26.9971343361182,16.2297485389512,8.00000011920928));
#11743=CARTESIAN_POINT('Ctrl Pts',(-29.3208778038529,12.0035696906223,12.5383892523105));
#11744=CARTESIAN_POINT('Ctrl Pts',(-28.7278715452255,13.4521427451066,10.9732278847656));
#11745=CARTESIAN_POINT('Ctrl Pts',(-28.0272013547506,14.8561024033955,9.40712360691409));
#11746=CARTESIAN_POINT('Ctrl Pts',(-27.2267337361992,16.2001457775134,7.85725033621651));
#11747=CARTESIAN_POINT('Ctrl Pts',(-29.5395503331055,11.9526112629388,12.4098810382755));
#11748=CARTESIAN_POINT('Ctrl Pts',(-28.9508217715278,13.4077863453564,10.8402175463866));
#11749=CARTESIAN_POINT('Ctrl Pts',(-28.2538536249131,14.8188846074415,9.26937467526819));
#11750=CARTESIAN_POINT('Ctrl Pts',(-27.4563331362802,16.1705430160756,7.71450055322374));
#11751=CARTESIAN_POINT('Ctrl Pts',(-29.7582228623582,11.9016528352554,12.2813728242405));
#11752=CARTESIAN_POINT('Ctrl Pts',(-29.1737719978301,13.3634299456062,10.7072072080075));
#11753=CARTESIAN_POINT('Ctrl Pts',(-28.4805058950755,14.7816668114875,9.13162574362227));
#11754=CARTESIAN_POINT('Ctrl Pts',(-27.6859325363612,16.1409402546378,7.57175077023097));
#11755=CARTESIAN_POINT('',(-29.6103390169867,12.2650040073011,11.8890874157353));
#11756=CARTESIAN_POINT('Ctrl Pts',(-29.1022052741055,12.0545281195003,12.6668974650526));
#11757=CARTESIAN_POINT('Ctrl Pts',(-29.1866126553831,12.0894908015899,12.5371270656225));
#11758=CARTESIAN_POINT('Ctrl Pts',(-29.2711417392401,12.1245038645929,12.4074537353444));
#11759=CARTESIAN_POINT('Ctrl Pts',(-29.3557954704745,12.1595685497155,12.2778719629122));
#11760=CARTESIAN_POINT('Ctrl Pts',(-29.4405198369319,12.1946624928734,12.1481820672199));
#11761=CARTESIAN_POINT('Ctrl Pts',(-29.5253655798106,12.2298067038443,12.0185892060536));
#11762=CARTESIAN_POINT('Ctrl Pts',(-29.6103357635338,12.2650024659656,11.8890875947011));
#11763=CARTESIAN_POINT('Ctrl Pts',(-29.6103356950553,12.2650026312796,11.8890874157653));
#11764=CARTESIAN_POINT('Ctrl Pts',(-29.1129889333237,13.4656472999557,10.5895100147016));
#11765=CARTESIAN_POINT('Ctrl Pts',(-28.5419141793481,14.6357481218307,9.2899369674082));
#11766=CARTESIAN_POINT('Ctrl Pts',(-27.9013350209504,15.7666288446755,8.00000038282313));
#11767=CARTESIAN_POINT('Ctrl Pts',(-30.5660220105182,7.61369151282856,8.00000011920929));
#11768=CARTESIAN_POINT('Ctrl Pts',(-30.1891244857644,9.12678907107916,9.54487253856002));
#11769=CARTESIAN_POINT('Ctrl Pts',(-29.6994892294062,10.6125570941929,11.1062382231446));
#11770=CARTESIAN_POINT('Ctrl Pts',(-29.1022052736107,12.0545281206949,12.6668974663455));
#11771=CARTESIAN_POINT('Ctrl Pts',(-30.7074409899173,7.79697511893672,7.85725033621653));
#11772=CARTESIAN_POINT('Ctrl Pts',(-30.3230748870677,9.31337338418224,9.40712360691411));
#11773=CARTESIAN_POINT('Ctrl Pts',(-29.8257741352393,10.8015714221307,10.9732278847656));
#11774=CARTESIAN_POINT('Ctrl Pts',(-29.2207970521309,12.2451859987622,12.5383892523105));
#11775=CARTESIAN_POINT('Ctrl Pts',(-30.8488599693164,7.98025872504488,7.71450055322376));
#11776=CARTESIAN_POINT('Ctrl Pts',(-30.457025288371,9.49995769728532,9.2693746752682));
#11777=CARTESIAN_POINT('Ctrl Pts',(-29.9520590410723,10.9905857500686,10.8402175463866));
#11778=CARTESIAN_POINT('Ctrl Pts',(-29.339388830651,12.4358438768295,12.4098810382755));
#11779=CARTESIAN_POINT('Ctrl Pts',(-30.9902789487156,8.16354233115304,7.57175077023099));
#11780=CARTESIAN_POINT('Ctrl Pts',(-30.5909756896743,9.68654201038841,9.13162574362229));
#11781=CARTESIAN_POINT('Ctrl Pts',(-30.0783439469053,11.1796000780064,10.7072072080075));
#11782=CARTESIAN_POINT('Ctrl Pts',(-29.4579806091712,12.6265017548969,12.2813728242405));
#11783=CARTESIAN_POINT('',(-30.8779174229163,8.58053441402568,8.00000011517492));
#11784=CARTESIAN_POINT('Ctrl Pts',(-30.5660220105182,7.61369151282856,8.00000011920929));
#11785=CARTESIAN_POINT('Ctrl Pts',(-30.6191713312869,7.77479438991963,8.00000011920929));
#11786=CARTESIAN_POINT('Ctrl Pts',(-30.6717847564224,7.93607542043203,8.00000015260928));
#11787=CARTESIAN_POINT('Ctrl Pts',(-30.7238636051569,8.09752707083556,8.00000020911943));
#11788=CARTESIAN_POINT('Ctrl Pts',(-30.7757427148969,8.25835950266735,8.00000026541285));
#11789=CARTESIAN_POINT('Ctrl Pts',(-30.8270922655483,8.41936411226883,8.00000034077225));
#11790=CARTESIAN_POINT('Ctrl Pts',(-30.8779133559804,8.58053307464872,8.00000043444994));
#11791=CARTESIAN_POINT('Ctrl Pts',(-30.8779133710693,8.58053302106221,8.00000037881919));
#11792=CARTESIAN_POINT('Ctrl Pts',(-30.5312178098228,9.83314431702907,9.28993696471896));
#11793=CARTESIAN_POINT('Ctrl Pts',(-30.1076424147416,11.0643413752549,10.589510013357));
#11794=CARTESIAN_POINT('Ctrl Pts',(-29.6103356950324,12.265002631335,11.8890874157653));
#11795=CARTESIAN_POINT('Ctrl Pts',(-29.1022052736107,12.0545281206949,3.33310277207312));
#11796=CARTESIAN_POINT('Ctrl Pts',(-29.6994892294063,10.6125570941929,4.89376201527396));
#11797=CARTESIAN_POINT('Ctrl Pts',(-30.1891244857644,9.12678907107915,6.45512769985857));
#11798=CARTESIAN_POINT('Ctrl Pts',(-30.5660220105182,7.61369151282855,8.0000001192093));
#11799=CARTESIAN_POINT('Ctrl Pts',(-29.2207970521309,12.2451859987622,3.46161098610812));
#11800=CARTESIAN_POINT('Ctrl Pts',(-29.8257741352393,10.8015714221307,5.02677235365299));
#11801=CARTESIAN_POINT('Ctrl Pts',(-30.3230748870677,9.31337338418223,6.59287663150448));
#11802=CARTESIAN_POINT('Ctrl Pts',(-30.7074409899173,7.79697511893671,8.14274990220206));
#11803=CARTESIAN_POINT('Ctrl Pts',(-29.339388830651,12.4358438768295,3.59011920014312));
#11804=CARTESIAN_POINT('Ctrl Pts',(-29.9520590410723,10.9905857500686,5.15978269203203));
#11805=CARTESIAN_POINT('Ctrl Pts',(-30.457025288371,9.49995769728532,6.73062556315039));
#11806=CARTESIAN_POINT('Ctrl Pts',(-30.8488599693165,7.98025872504487,8.28549968519483));
#11807=CARTESIAN_POINT('Ctrl Pts',(-29.4579806091712,12.6265017548969,3.71862741417812));
#11808=CARTESIAN_POINT('Ctrl Pts',(-30.0783439469053,11.1796000780064,5.29279303041106));
#11809=CARTESIAN_POINT('Ctrl Pts',(-30.5909756896743,9.68654201038841,6.8683744947963));
#11810=CARTESIAN_POINT('Ctrl Pts',(-30.9902789487156,8.16354233115303,8.4282494681876));
#11811=CARTESIAN_POINT('Ctrl Pts',(-29.6103356950323,12.265002631335,4.1109128226533));
#11812=CARTESIAN_POINT('Ctrl Pts',(-30.1076424142271,11.0643413764972,5.41049022371699));
#11813=CARTESIAN_POINT('Ctrl Pts',(-30.5312178089463,9.83314431957682,6.71006327101038));
#11814=CARTESIAN_POINT('Ctrl Pts',(-30.8779133699932,8.58053302495029,7.99999985559545));
#11815=CARTESIAN_POINT('Origin',(-29.1022052741055,12.0545281195003,4.11091282268328));
#11816=CARTESIAN_POINT('',(-29.1022052741055,12.0545281195003,4.11091282268328));
#11817=CARTESIAN_POINT('',(-1.48828927540204,-3.59304815341004,8.00000011920929));
#11818=CARTESIAN_POINT('Origin',(-27.3912598343651,15.5553490698954,8.00000011920929));
#11819=CARTESIAN_POINT('',(1.48828927540204,3.59304815341003,8.00000011920929));
#11820=CARTESIAN_POINT('Ctrl Pts',(-31.5,-1.29294908113309E-9,12.6668974663455));
#11821=CARTESIAN_POINT('Ctrl Pts',(-31.5000000000641,1.56077819086695,11.1062382231446));
#11822=CARTESIAN_POINT('Ctrl Pts',(-31.3837851850258,3.12082415799159,9.54487253856001));
#11823=CARTESIAN_POINT('Ctrl Pts',(-31.1529557269054,4.66297646117481,8.00000011920928));
#11824=CARTESIAN_POINT('Ctrl Pts',(-31.6825261280851,-0.130761803697019,
12.5383892523105));
#11825=CARTESIAN_POINT('Ctrl Pts',(-31.6890046916097,1.4344788631539,10.9732278847656));
#11826=CARTESIAN_POINT('Ctrl Pts',(-31.5789419445254,2.9997033293654,9.4071236069141));
#11827=CARTESIAN_POINT('Ctrl Pts',(-31.3537494269626,4.54776318928465,7.85725033621652));
#11828=CARTESIAN_POINT('Ctrl Pts',(-31.8650522561702,-0.261523606101089,
12.4098810382755));
#11829=CARTESIAN_POINT('Ctrl Pts',(-31.8780093831554,1.30817953544084,10.8402175463866));
#11830=CARTESIAN_POINT('Ctrl Pts',(-31.7740987040249,2.87858250073921,9.26937467526819));
#11831=CARTESIAN_POINT('Ctrl Pts',(-31.5545431270198,4.43254991739448,7.71450055322375));
#11832=CARTESIAN_POINT('Ctrl Pts',(-32.0475783842554,-0.392285408505159,
12.2813728242405));
#11833=CARTESIAN_POINT('Ctrl Pts',(-32.0670140747011,1.18188020772778,10.7072072080075));
#11834=CARTESIAN_POINT('Ctrl Pts',(-31.9692554635245,2.75746167211302,9.13162574362228));
#11835=CARTESIAN_POINT('Ctrl Pts',(-31.7553368270771,4.31733664550432,7.57175077023098));
#11836=CARTESIAN_POINT('',(-32.05,5.99034710724311E-15,11.8890874157353));
#11837=CARTESIAN_POINT('Ctrl Pts',(-31.5,9.28363577149849E-15,12.6668974650526));
#11838=CARTESIAN_POINT('Ctrl Pts',(-31.5913648537859,8.83431445158241E-15,
12.5371228574842));
#11839=CARTESIAN_POINT('Ctrl Pts',(-31.6828614345167,-2.7667864726971E-8,
12.4074453254497));
#11840=CARTESIAN_POINT('Ctrl Pts',(-31.7744929381216,-6.32020713889347E-8,
12.2778593571188));
#11841=CARTESIAN_POINT('Ctrl Pts',(-31.8661949541634,-9.87636229960777E-8,
12.1481736695641));
#11842=CARTESIAN_POINT('Ctrl Pts',(-31.9580283355822,-1.41666131552888E-7,
12.0185850101573));
#11843=CARTESIAN_POINT('Ctrl Pts',(-32.0499964043579,-1.78965833680378E-7,
11.8890875947011));
#11844=CARTESIAN_POINT('',(-31.8111042746922,3.88908730056039,8.00000012324366));
#11845=CARTESIAN_POINT('Ctrl Pts',(-32.0499964043549,-2.99728436514712E-11,
11.8890874157653));
#11846=CARTESIAN_POINT('Ctrl Pts',(-32.0499747334901,1.29957740103372,10.5895100147016));
#11847=CARTESIAN_POINT('Ctrl Pts',(-31.9701486554865,2.59915044832711,9.2899369674082));
#11848=CARTESIAN_POINT('Ctrl Pts',(-31.8110999987033,3.88908703291218,8.00000038282313));
#11849=CARTESIAN_POINT('Ctrl Pts',(-31.1529557269054,4.66297646117481,8.00000011920928));
#11850=CARTESIAN_POINT('Ctrl Pts',(-31.2638031682027,4.53436888957452,8.00000011920928));
#11851=CARTESIAN_POINT('Ctrl Pts',(-31.3742229705029,4.40539102880066,8.00000015266482));
#11852=CARTESIAN_POINT('Ctrl Pts',(-31.4842134655138,4.27605036240426,8.00000020926102));
#11853=CARTESIAN_POINT('Ctrl Pts',(-31.5935989542052,4.14742113857862,8.0000002655459));
#11854=CARTESIAN_POINT('Ctrl Pts',(-31.702561792477,4.01843080095841,8.00000034085076));
#11855=CARTESIAN_POINT('Ctrl Pts',(-31.811100004776,3.88908698163437,8.00000043444994));
#11856=CARTESIAN_POINT('Ctrl Pts',(-31.1529557269054,-4.66297646117481,
8.00000011920928));
#11857=CARTESIAN_POINT('Ctrl Pts',(-31.3837851850258,-3.12082415799158,
9.54487253856001));
#11858=CARTESIAN_POINT('Ctrl Pts',(-31.5000000000641,-1.56077819086694,
11.1062382231446));
#11859=CARTESIAN_POINT('Ctrl Pts',(-31.5,1.29296406914392E-9,12.6668974663455));
#11860=CARTESIAN_POINT('Ctrl Pts',(-31.3537494269626,-4.54776318928465,
7.85725033621651));
#11861=CARTESIAN_POINT('Ctrl Pts',(-31.5789419445254,-2.9997033293654,9.4071236069141));
#11862=CARTESIAN_POINT('Ctrl Pts',(-31.6890046916097,-1.43447886315388,
10.9732278847656));
#11863=CARTESIAN_POINT('Ctrl Pts',(-31.6825261280851,0.130761803697035,
12.5383892523105));
#11864=CARTESIAN_POINT('Ctrl Pts',(-31.5545431270198,-4.43254991739448,
7.71450055322374));
#11865=CARTESIAN_POINT('Ctrl Pts',(-31.7740987040249,-2.8785825007392,9.26937467526819));
#11866=CARTESIAN_POINT('Ctrl Pts',(-31.8780093831554,-1.30817953544083,
10.8402175463866));
#11867=CARTESIAN_POINT('Ctrl Pts',(-31.8650522561702,0.261523606101105,
12.4098810382755));
#11868=CARTESIAN_POINT('Ctrl Pts',(-31.7553368270771,-4.31733664550432,
7.57175077023097));
#11869=CARTESIAN_POINT('Ctrl Pts',(-31.9692554635245,-2.75746167211302,
9.13162574362228));
#11870=CARTESIAN_POINT('Ctrl Pts',(-32.0670140747011,-1.18188020772777,
10.7072072080075));
#11871=CARTESIAN_POINT('Ctrl Pts',(-32.0475783842554,0.392285408505176,
12.2813728242405));
#11872=CARTESIAN_POINT('',(-31.8111042746922,-3.88908730056037,8.00000011517492));
#11873=CARTESIAN_POINT('Ctrl Pts',(-31.1529557269054,-4.6629764611748,8.00000011920928));
#11874=CARTESIAN_POINT('Ctrl Pts',(-31.2637076773025,-4.53447968015882,
8.00000011920928));
#11875=CARTESIAN_POINT('Ctrl Pts',(-31.3740327243194,-4.4056132486618,8.00000015260746));
#11876=CARTESIAN_POINT('Ctrl Pts',(-31.4839292039434,-4.2763846310015,8.0000002091148));
#11877=CARTESIAN_POINT('Ctrl Pts',(-31.593409845722,-4.14764500216139,8.00000026540832));
#11878=CARTESIAN_POINT('Ctrl Pts',(-31.7024671042013,-4.01854363466541,
8.00000034699101));
#11879=CARTESIAN_POINT('Ctrl Pts',(-31.8111000021702,-3.88908697944773,
8.0000004406534));
#11880=CARTESIAN_POINT('Ctrl Pts',(-31.8110999982096,-3.8890870369161,8.00000037881919));
#11881=CARTESIAN_POINT('Ctrl Pts',(-31.9701486553213,-2.59915045101633,
9.28993696471896));
#11882=CARTESIAN_POINT('Ctrl Pts',(-32.0499747334901,-1.29957740237833,
10.589510013357));
#11883=CARTESIAN_POINT('Ctrl Pts',(-32.0499964043549,2.99759106425768E-11,
11.8890874157653));
#11884=CARTESIAN_POINT('Ctrl Pts',(-31.1529557269054,4.66297646117481,8.0000001192093));
#11885=CARTESIAN_POINT('Ctrl Pts',(-31.3837851850258,3.12082415799159,6.45512769985857));
#11886=CARTESIAN_POINT('Ctrl Pts',(-31.5000000000641,1.56077819086695,4.89376201527396));
#11887=CARTESIAN_POINT('Ctrl Pts',(-31.5,-1.29295130157914E-9,3.33310277207312));
#11888=CARTESIAN_POINT('Ctrl Pts',(-31.3537494269626,4.54776318928465,8.14274990220206));
#11889=CARTESIAN_POINT('Ctrl Pts',(-31.5789419445254,2.99970332936541,6.59287663150448));
#11890=CARTESIAN_POINT('Ctrl Pts',(-31.6890046916097,1.43447886315389,5.02677235365299));
#11891=CARTESIAN_POINT('Ctrl Pts',(-31.6825261280851,-0.130761803697021,
3.46161098610812));
#11892=CARTESIAN_POINT('Ctrl Pts',(-31.5545431270199,4.43254991739449,8.28549968519483));
#11893=CARTESIAN_POINT('Ctrl Pts',(-31.7740987040249,2.87858250073921,6.73062556315039));
#11894=CARTESIAN_POINT('Ctrl Pts',(-31.8780093831554,1.30817953544084,5.15978269203202));
#11895=CARTESIAN_POINT('Ctrl Pts',(-31.8650522561703,-0.261523606101091,
3.59011920014311));
#11896=CARTESIAN_POINT('Ctrl Pts',(-31.7553368270771,4.31733664550432,8.4282494681876));
#11897=CARTESIAN_POINT('Ctrl Pts',(-31.9692554635245,2.75746167211303,6.8683744947963));
#11898=CARTESIAN_POINT('Ctrl Pts',(-32.0670140747011,1.18188020772778,5.29279303041105));
#11899=CARTESIAN_POINT('Ctrl Pts',(-32.0475783842554,-0.39228540850516,
3.71862741417811));
#11900=CARTESIAN_POINT('',(-32.05,2.93723378952393E-15,4.11091282268328));
#11901=CARTESIAN_POINT('Ctrl Pts',(-31.8110999982096,3.88908703691611,7.99999985959938));
#11902=CARTESIAN_POINT('Ctrl Pts',(-31.9701486553213,2.59915045101634,6.71006327369961));
#11903=CARTESIAN_POINT('Ctrl Pts',(-32.0499747334901,1.29957740237833,5.41049022506161));
#11904=CARTESIAN_POINT('Ctrl Pts',(-32.0499964043549,-2.99745506193716E-11,
4.1109128226533));
#11905=CARTESIAN_POINT('Ctrl Pts',(-32.0499964043579,-1.7896584270094E-7,
4.11091264371743));
#11906=CARTESIAN_POINT('Ctrl Pts',(-31.9579627936395,-1.41639562246831E-7,
3.98132294066294));
#11907=CARTESIAN_POINT('Ctrl Pts',(-31.8660640630247,-9.87009789814681E-8,
3.85164186455061));
#11908=CARTESIAN_POINT('Ctrl Pts',(-31.7742968842171,-6.31260498040742E-8,
3.7218636199481));
#11909=CARTESIAN_POINT('Ctrl Pts',(-31.6827309229145,-2.76291319711433E-8,
3.59236993955399));
#11910=CARTESIAN_POINT('Ctrl Pts',(-31.5912996912329,1.09321657462103E-14,
3.46278482406612));
#11911=CARTESIAN_POINT('Ctrl Pts',(-31.5,7.7715611723761E-15,3.33310277336598));
#11912=CARTESIAN_POINT('Ctrl Pts',(-31.5,1.29295574247124E-9,3.33310277207312));
#11913=CARTESIAN_POINT('Ctrl Pts',(-31.5000000000641,-1.56077819086695,
4.89376201527396));
#11914=CARTESIAN_POINT('Ctrl Pts',(-31.3837851850258,-3.12082415799158,
6.45512769985857));
#11915=CARTESIAN_POINT('Ctrl Pts',(-31.1529557269054,-4.66297646117481,
8.00000011920929));
#11916=CARTESIAN_POINT('Ctrl Pts',(-31.6825261280851,0.130761803697026,
3.46161098610812));
#11917=CARTESIAN_POINT('Ctrl Pts',(-31.6890046916097,-1.43447886315389,
5.02677235365299));
#11918=CARTESIAN_POINT('Ctrl Pts',(-31.5789419445254,-2.9997033293654,6.59287663150448));
#11919=CARTESIAN_POINT('Ctrl Pts',(-31.3537494269626,-4.54776318928464,
8.14274990220206));
#11920=CARTESIAN_POINT('Ctrl Pts',(-31.8650522561702,0.261523606101097,
3.59011920014312));
#11921=CARTESIAN_POINT('Ctrl Pts',(-31.8780093831554,-1.30817953544084,
5.15978269203203));
#11922=CARTESIAN_POINT('Ctrl Pts',(-31.7740987040249,-2.8785825007392,6.73062556315039));
#11923=CARTESIAN_POINT('Ctrl Pts',(-31.5545431270199,-4.43254991739448,
8.28549968519483));
#11924=CARTESIAN_POINT('Ctrl Pts',(-32.0475783842554,0.392285408505167,
3.71862741417811));
#11925=CARTESIAN_POINT('Ctrl Pts',(-32.0670140747011,-1.18188020772778,
5.29279303041106));
#11926=CARTESIAN_POINT('Ctrl Pts',(-31.9692554635245,-2.75746167211302,
6.8683744947963));
#11927=CARTESIAN_POINT('Ctrl Pts',(-31.7553368270771,-4.31733664550432,
8.4282494681876));
#11928=CARTESIAN_POINT('Ctrl Pts',(-32.0499964043549,2.99817948246073E-11,
4.1109128226533));
#11929=CARTESIAN_POINT('Ctrl Pts',(-32.0499747334901,-1.29957740103371,
5.41049022371699));
#11930=CARTESIAN_POINT('Ctrl Pts',(-31.9701486554865,-2.5991504483271,6.71006327101038));
#11931=CARTESIAN_POINT('Ctrl Pts',(-31.8110999987033,-3.88908703291217,
7.99999985559545));
#11932=CARTESIAN_POINT('Origin',(-31.2589987043731,3.88908729652601,8.00000011920929));
#11933=CARTESIAN_POINT('',(8.32667268468867E-16,3.88908729652601,8.00000011920929));
#11934=CARTESIAN_POINT('',(-31.5,6.66133814775094E-15,4.11091282268328));
#11935=CARTESIAN_POINT('Origin',(-31.5,4.44089209850063E-15,11.8890874157353));
#11936=CARTESIAN_POINT('',(-31.5,4.44089209850063E-15,11.8890874157353));
#11937=CARTESIAN_POINT('Ctrl Pts',(-29.1022052736107,-12.0545281206949,
12.6668974663455));
#11938=CARTESIAN_POINT('Ctrl Pts',(-29.6994892294062,-10.6125570941929,
11.1062382231446));
#11939=CARTESIAN_POINT('Ctrl Pts',(-30.1891244857644,-9.12678907107915,
9.54487253856001));
#11940=CARTESIAN_POINT('Ctrl Pts',(-30.5660220105182,-7.61369151282854,
8.00000011920928));
#11941=CARTESIAN_POINT('Ctrl Pts',(-29.2207970521309,-12.2451859987622,
12.5383892523105));
#11942=CARTESIAN_POINT('Ctrl Pts',(-29.8257741352393,-10.8015714221307,
10.9732278847656));
#11943=CARTESIAN_POINT('Ctrl Pts',(-30.3230748870677,-9.31337338418223,
9.4071236069141));
#11944=CARTESIAN_POINT('Ctrl Pts',(-30.7074409899173,-7.7969751189367,7.85725033621652));
#11945=CARTESIAN_POINT('Ctrl Pts',(-29.339388830651,-12.4358438768295,12.4098810382755));
#11946=CARTESIAN_POINT('Ctrl Pts',(-29.9520590410723,-10.9905857500686,
10.8402175463866));
#11947=CARTESIAN_POINT('Ctrl Pts',(-30.457025288371,-9.49995769728532,9.2693746752682));
#11948=CARTESIAN_POINT('Ctrl Pts',(-30.8488599693164,-7.98025872504487,
7.71450055322375));
#11949=CARTESIAN_POINT('Ctrl Pts',(-29.4579806091712,-12.6265017548969,
12.2813728242405));
#11950=CARTESIAN_POINT('Ctrl Pts',(-30.0783439469053,-11.1796000780064,
10.7072072080075));
#11951=CARTESIAN_POINT('Ctrl Pts',(-30.5909756896743,-9.6865420103884,9.13162574362229));
#11952=CARTESIAN_POINT('Ctrl Pts',(-30.9902789487156,-8.16354233115303,
7.57175077023099));
#11953=CARTESIAN_POINT('',(-29.6103390169867,-12.2650040073011,11.8890874157353));
#11954=CARTESIAN_POINT('Ctrl Pts',(-29.1022052741055,-12.0545281195003,
12.6668974650526));
#11955=CARTESIAN_POINT('Ctrl Pts',(-29.1865579989533,-12.0894681621554,
12.537211096031));
#11956=CARTESIAN_POINT('Ctrl Pts',(-29.2710322487915,-12.1244585720172,
12.4076216687664));
#11957=CARTESIAN_POINT('Ctrl Pts',(-29.3556309778801,-12.1595005513887,
12.2781236826018));
#11958=CARTESIAN_POINT('Ctrl Pts',(-29.4404099737235,-12.1946171997767,
12.1483497563379));
#11959=CARTESIAN_POINT('Ctrl Pts',(-29.5253104967328,-12.2297841943343,
12.0186729920138));
#11960=CARTESIAN_POINT('Ctrl Pts',(-29.6103356265593,-12.2650027966514,
11.8890875947011));
#11961=CARTESIAN_POINT('',(-30.8779174229163,-8.58053441402568,8.00000012324366));
#11962=CARTESIAN_POINT('Ctrl Pts',(-29.6103356950324,-12.265002631335,11.8890874157653));
#11963=CARTESIAN_POINT('Ctrl Pts',(-30.1076424142271,-11.0643413764971,
10.5895100147016));
#11964=CARTESIAN_POINT('Ctrl Pts',(-30.5312178089463,-9.8331443195768,9.2899369674082));
#11965=CARTESIAN_POINT('Ctrl Pts',(-30.8779133699932,-8.58053302495028,
8.00000038282313));
#11966=CARTESIAN_POINT('Ctrl Pts',(-30.5660220105182,-7.61369151282854,
8.00000011920928));
#11967=CARTESIAN_POINT('Ctrl Pts',(-30.6192143010604,-7.7749246371936,8.00000011920928));
#11968=CARTESIAN_POINT('Ctrl Pts',(-30.6718698294929,-7.93633620432472,
8.00000015266306));
#11969=CARTESIAN_POINT('Ctrl Pts',(-30.7239899182428,-8.09791866249587,
8.00000020925653));
#11970=CARTESIAN_POINT('Ctrl Pts',(-30.7758260640816,-8.25862084216676,
8.00000026554169));
#11971=CARTESIAN_POINT('Ctrl Pts',(-30.827133511458,-8.41949491545361,8.00000034084828));
#11972=CARTESIAN_POINT('Ctrl Pts',(-30.8779133559804,-8.58053307464871,
8.00000043444994));
#11973=CARTESIAN_POINT('Ctrl Pts',(-26.9971343361182,-16.2297485389512,
8.00000011920928));
#11974=CARTESIAN_POINT('Ctrl Pts',(-27.8005490845882,-14.8933201993495,
9.54487253856001));
#11975=CARTESIAN_POINT('Ctrl Pts',(-28.5049213189232,-13.4964991448568,
11.1062382231446));
#11976=CARTESIAN_POINT('Ctrl Pts',(-29.1022052746003,-12.0545281183058,
12.6668974663455));
#11977=CARTESIAN_POINT('Ctrl Pts',(-27.2267337361992,-16.2001457775134,
7.85725033621651));
#11978=CARTESIAN_POINT('Ctrl Pts',(-28.0272013547506,-14.8561024033955,
9.4071236069141));
#11979=CARTESIAN_POINT('Ctrl Pts',(-28.7278715452255,-13.4521427451066,
10.9732278847656));
#11980=CARTESIAN_POINT('Ctrl Pts',(-29.3208778038529,-12.0035696906223,
12.5383892523105));
#11981=CARTESIAN_POINT('Ctrl Pts',(-27.4563331362802,-16.1705430160756,
7.71450055322374));
#11982=CARTESIAN_POINT('Ctrl Pts',(-28.2538536249131,-14.8188846074415,
9.26937467526819));
#11983=CARTESIAN_POINT('Ctrl Pts',(-28.9508217715278,-13.4077863453564,
10.8402175463865));
#11984=CARTESIAN_POINT('Ctrl Pts',(-29.5395503331055,-11.9526112629388,
12.4098810382755));
#11985=CARTESIAN_POINT('Ctrl Pts',(-27.6859325363612,-16.1409402546378,
7.57175077023097));
#11986=CARTESIAN_POINT('Ctrl Pts',(-28.4805058950755,-14.7816668114875,
9.13162574362227));
#11987=CARTESIAN_POINT('Ctrl Pts',(-29.1737719978301,-13.3634299456062,
10.7072072080075));
#11988=CARTESIAN_POINT('Ctrl Pts',(-29.7582228623581,-11.9016528352554,
12.2813728242405));
#11989=CARTESIAN_POINT('',(-27.9013388690245,-15.7666307283003,8.00000011517492));
#11990=CARTESIAN_POINT('Ctrl Pts',(-26.9971343361182,-16.2297485389512,
8.00000011920929));
#11991=CARTESIAN_POINT('Ctrl Pts',(-27.1486354962343,-16.1534128505201,
8.00000011920929));
#11992=CARTESIAN_POINT('Ctrl Pts',(-27.2998836878183,-16.0765722399663,
8.00000015261014));
#11993=CARTESIAN_POINT('Ctrl Pts',(-27.4508745165254,-15.999232967383,8.00000020912164));
#11994=CARTESIAN_POINT('Ctrl Pts',(-27.6012818529657,-15.9221925663792,
8.00000026541476));
#11995=CARTESIAN_POINT('Ctrl Pts',(-27.7514364859767,-15.8446559810634,
8.0000003469948));
#11996=CARTESIAN_POINT('Ctrl Pts',(-27.9013350446133,-15.7666287966075,
8.0000004406534));
#11997=CARTESIAN_POINT('Ctrl Pts',(-27.901335018962,-15.7666288481857,8.00000037881919));
#11998=CARTESIAN_POINT('Ctrl Pts',(-28.5419141781664,-14.635748124252,9.28993696471897));
#11999=CARTESIAN_POINT('Ctrl Pts',(-29.1129889328091,-13.4656473011979,
10.589510013357));
#12000=CARTESIAN_POINT('Ctrl Pts',(-29.6103356950553,-12.2650026312796,
11.8890874157653));
#12001=CARTESIAN_POINT('Ctrl Pts',(-30.5660220105182,-7.61369151282854,
8.0000001192093));
#12002=CARTESIAN_POINT('Ctrl Pts',(-30.1891244857644,-9.12678907107914,
6.45512769985857));
#12003=CARTESIAN_POINT('Ctrl Pts',(-29.6994892294063,-10.6125570941929,
4.89376201527395));
#12004=CARTESIAN_POINT('Ctrl Pts',(-29.1022052736107,-12.0545281206949,
3.33310277207311));
#12005=CARTESIAN_POINT('Ctrl Pts',(-30.7074409899173,-7.7969751189367,8.14274990220206));
#12006=CARTESIAN_POINT('Ctrl Pts',(-30.3230748870677,-9.31337338418223,
6.59287663150448));
#12007=CARTESIAN_POINT('Ctrl Pts',(-29.8257741352393,-10.8015714221307,
5.02677235365298));
#12008=CARTESIAN_POINT('Ctrl Pts',(-29.2207970521309,-12.2451859987622,
3.46161098610811));
#12009=CARTESIAN_POINT('Ctrl Pts',(-30.8488599693165,-7.98025872504486,
8.28549968519483));
#12010=CARTESIAN_POINT('Ctrl Pts',(-30.457025288371,-9.49995769728532,6.73062556315038));
#12011=CARTESIAN_POINT('Ctrl Pts',(-29.9520590410723,-10.9905857500686,
5.15978269203202));
#12012=CARTESIAN_POINT('Ctrl Pts',(-29.339388830651,-12.4358438768295,3.59011920014311));
#12013=CARTESIAN_POINT('Ctrl Pts',(-30.9902789487156,-8.16354233115302,
8.4282494681876));
#12014=CARTESIAN_POINT('Ctrl Pts',(-30.5909756896743,-9.6865420103884,6.86837449479629));
#12015=CARTESIAN_POINT('Ctrl Pts',(-30.0783439469053,-11.1796000780064,
5.29279303041106));
#12016=CARTESIAN_POINT('Ctrl Pts',(-29.4579806091712,-12.6265017548969,
3.71862741417811));
#12017=CARTESIAN_POINT('',(-29.6103390169867,-12.2650040073011,4.11091282268328));
#12018=CARTESIAN_POINT('Ctrl Pts',(-30.8779133710693,-8.5805330210622,7.99999985959939));
#12019=CARTESIAN_POINT('Ctrl Pts',(-30.5312178098228,-9.83314431702907,
6.71006327369961));
#12020=CARTESIAN_POINT('Ctrl Pts',(-30.1076424147416,-11.0643413752549,
5.41049022506161));
#12021=CARTESIAN_POINT('Ctrl Pts',(-29.6103356950324,-12.265002631335,4.1109128226533));
#12022=CARTESIAN_POINT('Ctrl Pts',(-29.6103356265593,-12.2650027966514,
4.11091264371743));
#12023=CARTESIAN_POINT('Ctrl Pts',(-29.525365471509,-12.2298069656583,3.98141103255403));
#12024=CARTESIAN_POINT('Ctrl Pts',(-29.440519761597,-12.1946626754645,3.85181817158569));
#12025=CARTESIAN_POINT('Ctrl Pts',(-29.3557954224866,-12.1595686666497,
3.72212827609158));
#12026=CARTESIAN_POINT('Ctrl Pts',(-29.2711417183194,-12.1245039158184,
3.59254650346379));
#12027=CARTESIAN_POINT('Ctrl Pts',(-29.18661265551,-12.0894908016425,3.46287317299104));
#12028=CARTESIAN_POINT('Ctrl Pts',(-29.1022052741055,-12.0545281195003,
3.33310277336598));
#12029=CARTESIAN_POINT('Ctrl Pts',(-29.1022052746003,-12.0545281183058,
3.33310277207311));
#12030=CARTESIAN_POINT('Ctrl Pts',(-28.5049213189232,-13.4964991448568,
4.89376201527395));
#12031=CARTESIAN_POINT('Ctrl Pts',(-27.8005490845882,-14.8933201993495,
6.45512769985856));
#12032=CARTESIAN_POINT('Ctrl Pts',(-26.9971343361182,-16.2297485389512,
8.00000011920929));
#12033=CARTESIAN_POINT('Ctrl Pts',(-29.3208778038529,-12.0035696906223,
3.46161098610811));
#12034=CARTESIAN_POINT('Ctrl Pts',(-28.7278715452255,-13.4521427451066,
5.02677235365299));
#12035=CARTESIAN_POINT('Ctrl Pts',(-28.0272013547506,-14.8561024033955,
6.59287663150448));
#12036=CARTESIAN_POINT('Ctrl Pts',(-27.2267337361992,-16.2001457775134,
8.14274990220206));
#12037=CARTESIAN_POINT('Ctrl Pts',(-29.5395503331055,-11.9526112629388,
3.59011920014312));
#12038=CARTESIAN_POINT('Ctrl Pts',(-28.9508217715278,-13.4077863453564,
5.15978269203203));
#12039=CARTESIAN_POINT('Ctrl Pts',(-28.2538536249131,-14.8188846074415,
6.73062556315039));
#12040=CARTESIAN_POINT('Ctrl Pts',(-27.4563331362802,-16.1705430160756,
8.28549968519483));
#12041=CARTESIAN_POINT('Ctrl Pts',(-29.7582228623582,-11.9016528352554,
3.71862741417812));
#12042=CARTESIAN_POINT('Ctrl Pts',(-29.1737719978301,-13.3634299456062,
5.29279303041107));
#12043=CARTESIAN_POINT('Ctrl Pts',(-28.4805058950755,-14.7816668114875,
6.8683744947963));
#12044=CARTESIAN_POINT('Ctrl Pts',(-27.6859325363612,-16.1409402546378,
8.4282494681876));
#12045=CARTESIAN_POINT('Ctrl Pts',(-29.6103356950553,-12.2650026312796,
4.1109128226533));
#12046=CARTESIAN_POINT('Ctrl Pts',(-29.1129889333237,-13.4656472999557,
5.41049022371699));
#12047=CARTESIAN_POINT('Ctrl Pts',(-28.5419141793481,-14.6357481218307,
6.71006327101038));
#12048=CARTESIAN_POINT('Ctrl Pts',(-27.9013350209504,-15.7666288446755,
7.99999985559545));
#12049=CARTESIAN_POINT('Origin',(-30.3678383851692,-8.36925276307537,8.00000011920929));
#12050=CARTESIAN_POINT('',(-1.48828927540204,3.59304815341003,8.00000011920929));
#12051=CARTESIAN_POINT('',(-29.1022052741055,-12.0545281195003,4.11091282268328));
#12052=CARTESIAN_POINT('Origin',(-29.1022052741055,-12.0545281195003,11.8890874157353));
#12053=CARTESIAN_POINT('',(-29.1022052741055,-12.0545281195003,11.8890874157353));
#12054=CARTESIAN_POINT('Ctrl Pts',(-22.273863606462,-22.2738636082905,12.6668974663455));
#12055=CARTESIAN_POINT('Ctrl Pts',(-23.3775004501116,-21.1702267647315,
11.1062382231446));
#12056=CARTESIAN_POINT('Ctrl Pts',(-24.3984432486403,-19.984931398627,9.54487253856002));
#12057=CARTESIAN_POINT('Ctrl Pts',(-25.3256885247091,-18.7312439722892,
8.00000011920929));
#12058=CARTESIAN_POINT('Ctrl Pts',(-22.3104665121746,-22.4953916284033,
12.5383892523105));
#12059=CARTESIAN_POINT('Ctrl Pts',(-23.4218398380945,-21.3931803748847,
10.9732278847656));
#12060=CARTESIAN_POINT('Ctrl Pts',(-24.4507945574123,-20.2085734259281,
9.4071236069141));
#12061=CARTESIAN_POINT('Ctrl Pts',(-25.3862030258028,-18.9546946450554,
7.85725033621652));
#12062=CARTESIAN_POINT('Ctrl Pts',(-22.3470694178872,-22.7169196485161,
12.4098810382755));
#12063=CARTESIAN_POINT('Ctrl Pts',(-23.4661792260773,-21.6161339850379,
10.8402175463866));
#12064=CARTESIAN_POINT('Ctrl Pts',(-24.5031458661843,-20.4322154532291,
9.26937467526819));
#12065=CARTESIAN_POINT('Ctrl Pts',(-25.4467175268966,-19.1781453178216,
7.71450055322375));
#12066=CARTESIAN_POINT('Ctrl Pts',(-22.3836723235999,-22.9384476686289,
12.2813728242405));
#12067=CARTESIAN_POINT('Ctrl Pts',(-23.5105186140601,-21.8390875951911,
10.7072072080075));
#12068=CARTESIAN_POINT('Ctrl Pts',(-24.5554971749564,-20.6558574805301,
9.13162574362228));
#12069=CARTESIAN_POINT('Ctrl Pts',(-25.5072320279904,-19.4015959905878,
7.57175077023098));
#12070=CARTESIAN_POINT('',(-22.6627723370289,-22.6627723370288,11.8890874157353));
#12071=CARTESIAN_POINT('Ctrl Pts',(-22.2738636073763,-22.2738636073762,
12.6668974650526));
#12072=CARTESIAN_POINT('Ctrl Pts',(-22.3384265532044,-22.3384265532044,
12.5372067465283));
#12073=CARTESIAN_POINT('Ctrl Pts',(-22.4030825049823,-22.4030825440609,
12.4076129763528));
#12074=CARTESIAN_POINT('Ctrl Pts',(-22.4678337322159,-22.4678338214997,
12.2781106533165));
#12075=CARTESIAN_POINT('Ctrl Pts',(-22.5327185864427,-22.5327187260353,
12.1483410765651));
#12076=CARTESIAN_POINT('Ctrl Pts',(-22.5976964442897,-22.5976966446018,
12.0186686551567));
#12077=CARTESIAN_POINT('Ctrl Pts',(-22.662769667978,-22.6627699210739,11.8890875947011));
#12078=CARTESIAN_POINT('',(-25.2438475525199,-19.7438475468145,8.00000012324366));
#12079=CARTESIAN_POINT('Ctrl Pts',(-22.6627697945026,-22.662769794545,11.8890874157653));
#12080=CARTESIAN_POINT('Ctrl Pts',(-23.5816944638561,-21.7438144779606,
10.5895100147016));
#12081=CARTESIAN_POINT('Ctrl Pts',(-24.4441858171727,-20.7684320025003,
9.2899369674082));
#12082=CARTESIAN_POINT('Ctrl Pts',(-25.2438443396833,-19.7438447124896,
8.00000038282313));
#12083=CARTESIAN_POINT('Ctrl Pts',(-25.3256885247091,-18.7312439722892,
8.0000001192093));
#12084=CARTESIAN_POINT('Ctrl Pts',(-25.3131312004881,-18.9005509639601,
8.0000001192093));
#12085=CARTESIAN_POINT('Ctrl Pts',(-25.3000097443018,-19.0698174094201,
8.00000015265962));
#12086=CARTESIAN_POINT('Ctrl Pts',(-25.2863282671957,-19.2390368388574,
8.00000020924772));
#12087=CARTESIAN_POINT('Ctrl Pts',(-25.2727199064591,-19.407351928052,8.00000026553341));
#12088=CARTESIAN_POINT('Ctrl Pts',(-25.2585572530635,-19.5756234977999,
8.00000034084338));
#12089=CARTESIAN_POINT('Ctrl Pts',(-25.2438443077185,-19.7438447530425,
8.00000043444994));
#12090=CARTESIAN_POINT('Ctrl Pts',(-18.7312439722892,-25.3256885247091,
8.00000011920929));
#12091=CARTESIAN_POINT('Ctrl Pts',(-19.984931398627,-24.3984432486403,9.54487253856001));
#12092=CARTESIAN_POINT('Ctrl Pts',(-21.1702267647315,-23.3775004501116,
11.1062382231446));
#12093=CARTESIAN_POINT('Ctrl Pts',(-22.2738636082905,-22.273863606462,12.6668974663455));
#12094=CARTESIAN_POINT('Ctrl Pts',(-18.9546946450554,-25.3862030258028,
7.85725033621652));
#12095=CARTESIAN_POINT('Ctrl Pts',(-20.2085734259281,-24.4507945574123,
9.4071236069141));
#12096=CARTESIAN_POINT('Ctrl Pts',(-21.3931803748847,-23.4218398380944,
10.9732278847656));
#12097=CARTESIAN_POINT('Ctrl Pts',(-22.4953916284033,-22.3104665121746,
12.5383892523105));
#12098=CARTESIAN_POINT('Ctrl Pts',(-19.1781453178216,-25.4467175268966,
7.71450055322375));
#12099=CARTESIAN_POINT('Ctrl Pts',(-20.4322154532291,-24.5031458661843,
9.26937467526819));
#12100=CARTESIAN_POINT('Ctrl Pts',(-21.6161339850379,-23.4661792260773,
10.8402175463865));
#12101=CARTESIAN_POINT('Ctrl Pts',(-22.7169196485161,-22.3470694178872,
12.4098810382755));
#12102=CARTESIAN_POINT('Ctrl Pts',(-19.4015959905878,-25.5072320279904,
7.57175077023098));
#12103=CARTESIAN_POINT('Ctrl Pts',(-20.6558574805301,-24.5554971749564,
9.13162574362228));
#12104=CARTESIAN_POINT('Ctrl Pts',(-21.8390875951911,-23.5105186140601,
10.7072072080075));
#12105=CARTESIAN_POINT('Ctrl Pts',(-22.9384476686289,-22.3836723235999,
12.2813728242405));
#12106=CARTESIAN_POINT('',(-19.7438475468145,-25.2438475525199,8.00000011517492));
#12107=CARTESIAN_POINT('Ctrl Pts',(-18.7312439722892,-25.3256885247091,
8.00000011920929));
#12108=CARTESIAN_POINT('Ctrl Pts',(-18.9004320697797,-25.3131400187464,
8.00000011920929));
#12109=CARTESIAN_POINT('Ctrl Pts',(-19.0695796769236,-25.3000281729282,
8.00000015261285));
#12110=CARTESIAN_POINT('Ctrl Pts',(-19.238680337461,-25.2863570896812,8.00000020912853));
#12111=CARTESIAN_POINT('Ctrl Pts',(-19.4071143228052,-25.2727399043435,
8.0000002654214));
#12112=CARTESIAN_POINT('Ctrl Pts',(-19.5755047306158,-25.2585676406634,
8.00000034077729));
#12113=CARTESIAN_POINT('Ctrl Pts',(-19.7438447530425,-25.2438443077185,
8.00000043444994));
#12114=CARTESIAN_POINT('Ctrl Pts',(-19.7438447093093,-25.2438443421654,
8.0000003788192));
#12115=CARTESIAN_POINT('Ctrl Pts',(-20.768432000482,-24.4441858189574,9.28993696471898));
#12116=CARTESIAN_POINT('Ctrl Pts',(-21.7438144770098,-23.5816944648069,
10.589510013357));
#12117=CARTESIAN_POINT('Ctrl Pts',(-22.662769794545,-22.6627697945026,11.8890874157653));
#12118=CARTESIAN_POINT('Ctrl Pts',(-25.3256885247091,-18.7312439722892,
8.0000001192093));
#12119=CARTESIAN_POINT('Ctrl Pts',(-24.3984432486403,-19.984931398627,6.45512769985857));
#12120=CARTESIAN_POINT('Ctrl Pts',(-23.3775004501116,-21.1702267647315,
4.89376201527395));
#12121=CARTESIAN_POINT('Ctrl Pts',(-22.273863606462,-22.2738636082905,3.33310277207311));
#12122=CARTESIAN_POINT('Ctrl Pts',(-25.3862030258028,-18.9546946450554,
8.14274990220207));
#12123=CARTESIAN_POINT('Ctrl Pts',(-24.4507945574123,-20.208573425928,6.59287663150448));
#12124=CARTESIAN_POINT('Ctrl Pts',(-23.4218398380944,-21.3931803748847,
5.02677235365299));
#12125=CARTESIAN_POINT('Ctrl Pts',(-22.3104665121746,-22.4953916284033,
3.46161098610811));
#12126=CARTESIAN_POINT('Ctrl Pts',(-25.4467175268966,-19.1781453178216,
8.28549968519484));
#12127=CARTESIAN_POINT('Ctrl Pts',(-24.5031458661843,-20.4322154532291,
6.73062556315039));
#12128=CARTESIAN_POINT('Ctrl Pts',(-23.4661792260773,-21.6161339850379,
5.15978269203203));
#12129=CARTESIAN_POINT('Ctrl Pts',(-22.3470694178872,-22.7169196485161,
3.59011920014311));
#12130=CARTESIAN_POINT('Ctrl Pts',(-25.5072320279904,-19.4015959905878,
8.42824946818761));
#12131=CARTESIAN_POINT('Ctrl Pts',(-24.5554971749564,-20.6558574805301,
6.86837449479631));
#12132=CARTESIAN_POINT('Ctrl Pts',(-23.5105186140601,-21.8390875951911,
5.29279303041107));
#12133=CARTESIAN_POINT('Ctrl Pts',(-22.3836723235999,-22.9384476686289,
3.71862741417811));
#12134=CARTESIAN_POINT('',(-22.6627723370289,-22.6627723370288,4.11091282268327));
#12135=CARTESIAN_POINT('Ctrl Pts',(-25.2438443421654,-19.7438447093093,
7.99999985959938));
#12136=CARTESIAN_POINT('Ctrl Pts',(-24.4441858189574,-20.768432000482,6.71006327369961));
#12137=CARTESIAN_POINT('Ctrl Pts',(-23.5816944648069,-21.7438144770098,
5.41049022506161));
#12138=CARTESIAN_POINT('Ctrl Pts',(-22.6627697945026,-22.662769794545,4.11091282265329));
#12139=CARTESIAN_POINT('Ctrl Pts',(-22.662769667978,-22.6627699210739,4.11091264371745));
#12140=CARTESIAN_POINT('Ctrl Pts',(-22.5977342200495,-22.5977344203922,
3.98140680656777));
#12141=CARTESIAN_POINT('Ctrl Pts',(-22.532794026862,-22.5327941665268,3.85180971369354));
#12142=CARTESIAN_POINT('Ctrl Pts',(-22.4679467298572,-22.4679468192286,
3.72211557986905));
#12143=CARTESIAN_POINT('Ctrl Pts',(-22.403157726664,-22.4031577657872,3.59253803325407));
#12144=CARTESIAN_POINT('Ctrl Pts',(-22.3384641103118,-22.3384641103118,
3.46286893467234));
#12145=CARTESIAN_POINT('Ctrl Pts',(-22.2738636073762,-22.2738636073763,
3.33310277336598));
#12146=CARTESIAN_POINT('Ctrl Pts',(-22.2738636082905,-22.273863606462,3.3331027720731));
#12147=CARTESIAN_POINT('Ctrl Pts',(-21.1702267647315,-23.3775004501116,
4.89376201527394));
#12148=CARTESIAN_POINT('Ctrl Pts',(-19.984931398627,-24.3984432486403,6.45512769985857));
#12149=CARTESIAN_POINT('Ctrl Pts',(-18.7312439722892,-25.3256885247091,
8.0000001192093));
#12150=CARTESIAN_POINT('Ctrl Pts',(-22.4953916284033,-22.3104665121746,
3.4616109861081));
#12151=CARTESIAN_POINT('Ctrl Pts',(-21.3931803748847,-23.4218398380944,
5.02677235365298));
#12152=CARTESIAN_POINT('Ctrl Pts',(-20.2085734259281,-24.4507945574123,
6.59287663150448));
#12153=CARTESIAN_POINT('Ctrl Pts',(-18.9546946450554,-25.3862030258028,
8.14274990220207));
#12154=CARTESIAN_POINT('Ctrl Pts',(-22.7169196485161,-22.3470694178872,
3.5901192001431));
#12155=CARTESIAN_POINT('Ctrl Pts',(-21.6161339850379,-23.4661792260773,
5.15978269203202));
#12156=CARTESIAN_POINT('Ctrl Pts',(-20.4322154532291,-24.5031458661843,
6.73062556315039));
#12157=CARTESIAN_POINT('Ctrl Pts',(-19.1781453178216,-25.4467175268966,
8.28549968519484));
#12158=CARTESIAN_POINT('Ctrl Pts',(-22.9384476686289,-22.3836723235998,
3.71862741417811));
#12159=CARTESIAN_POINT('Ctrl Pts',(-21.8390875951911,-23.5105186140601,
5.29279303041106));
#12160=CARTESIAN_POINT('Ctrl Pts',(-20.6558574805301,-24.5554971749564,
6.8683744947963));
#12161=CARTESIAN_POINT('Ctrl Pts',(-19.4015959905878,-25.5072320279904,
8.42824946818761));
#12162=CARTESIAN_POINT('Ctrl Pts',(-22.662769794545,-22.6627697945026,4.11091282265328));
#12163=CARTESIAN_POINT('Ctrl Pts',(-21.7438144779606,-23.5816944638561,
5.41049022371698));
#12164=CARTESIAN_POINT('Ctrl Pts',(-20.7684320025004,-24.4441858171726,
6.71006327101037));
#12165=CARTESIAN_POINT('Ctrl Pts',(-19.7438447124896,-25.2438443396833,
7.99999985559545));
#12166=CARTESIAN_POINT('Origin',(-24.8534499569637,-19.3534499569637,8.00000011920929));
#12167=CARTESIAN_POINT('',(-2.75,2.75,8.00000011920929));
#12168=CARTESIAN_POINT('',(-22.2738636073763,-22.2738636073762,4.11091282268328));
#12169=CARTESIAN_POINT('Origin',(-22.2738636073763,-22.2738636073762,11.8890874157353));
#12170=CARTESIAN_POINT('',(-22.2738636073763,-22.2738636073762,11.8890874157353));
#12171=CARTESIAN_POINT('Ctrl Pts',(-12.0545281183058,-29.1022052746003,
12.6668974663455));
#12172=CARTESIAN_POINT('Ctrl Pts',(-13.4964991448568,-28.5049213189232,
11.1062382231446));
#12173=CARTESIAN_POINT('Ctrl Pts',(-14.8933201993495,-27.8005490845882,
9.54487253856001));
#12174=CARTESIAN_POINT('Ctrl Pts',(-16.2297485389512,-26.9971343361182,
8.00000011920929));
#12175=CARTESIAN_POINT('Ctrl Pts',(-12.0035696906223,-29.3208778038529,
12.5383892523105));
#12176=CARTESIAN_POINT('Ctrl Pts',(-13.4521427451066,-28.7278715452255,
10.9732278847656));
#12177=CARTESIAN_POINT('Ctrl Pts',(-14.8561024033955,-28.0272013547506,
9.4071236069141));
#12178=CARTESIAN_POINT('Ctrl Pts',(-16.2001457775134,-27.2267337361992,
7.85725033621652));
#12179=CARTESIAN_POINT('Ctrl Pts',(-11.9526112629388,-29.5395503331055,
12.4098810382755));
#12180=CARTESIAN_POINT('Ctrl Pts',(-13.4077863453564,-28.9508217715278,
10.8402175463866));
#12181=CARTESIAN_POINT('Ctrl Pts',(-14.8188846074415,-28.2538536249131,
9.26937467526819));
#12182=CARTESIAN_POINT('Ctrl Pts',(-16.1705430160756,-27.4563331362802,
7.71450055322375));
#12183=CARTESIAN_POINT('Ctrl Pts',(-11.9016528352554,-29.7582228623582,
12.2813728242405));
#12184=CARTESIAN_POINT('Ctrl Pts',(-13.3634299456062,-29.1737719978301,
10.7072072080075));
#12185=CARTESIAN_POINT('Ctrl Pts',(-14.7816668114875,-28.4805058950755,
9.13162574362227));
#12186=CARTESIAN_POINT('Ctrl Pts',(-16.1409402546378,-27.6859325363612,
7.57175077023097));
#12187=CARTESIAN_POINT('',(-12.2650040073012,-29.6103390169867,11.8890874157353));
#12188=CARTESIAN_POINT('Ctrl Pts',(-12.0545281195003,-29.1022052741055,
12.6668974650526));
#12189=CARTESIAN_POINT('Ctrl Pts',(-12.0894908015897,-29.1866126553825,
12.5371270656235));
#12190=CARTESIAN_POINT('Ctrl Pts',(-12.1245038645924,-29.2711417392389,
12.4074537353463));
#12191=CARTESIAN_POINT('Ctrl Pts',(-12.1595685497155,-29.3557954704745,
12.2778719629122));
#12192=CARTESIAN_POINT('Ctrl Pts',(-12.1946624928734,-29.4405198369317,
12.1481820672202));
#12193=CARTESIAN_POINT('Ctrl Pts',(-12.2298067038441,-29.5253655798101,
12.0185892060544));
#12194=CARTESIAN_POINT('Ctrl Pts',(-12.2650024659656,-29.6103357635338,
11.8890875947011));
#12195=CARTESIAN_POINT('',(-15.7666307283003,-27.9013388690244,8.00000012324366));
#12196=CARTESIAN_POINT('Ctrl Pts',(-12.2650026312796,-29.6103356950553,
11.8890874157653));
#12197=CARTESIAN_POINT('Ctrl Pts',(-13.4656472999557,-29.1129889333237,
10.5895100147016));
#12198=CARTESIAN_POINT('Ctrl Pts',(-14.6357481218307,-28.5419141793481,
9.2899369674082));
#12199=CARTESIAN_POINT('Ctrl Pts',(-15.7666288446755,-27.9013350209504,
8.00000038282313));
#12200=CARTESIAN_POINT('Ctrl Pts',(-16.2297485389512,-26.9971343361182,
8.00000011920929));
#12201=CARTESIAN_POINT('Ctrl Pts',(-16.1533530979277,-27.1487540854192,
8.00000011920929));
#12202=CARTESIAN_POINT('Ctrl Pts',(-16.0764519434741,-27.3001204710675,
8.00000015266223));
#12203=CARTESIAN_POINT('Ctrl Pts',(-15.9990513503304,-27.4512290884444,
8.0000002092544));
#12204=CARTESIAN_POINT('Ctrl Pts',(-15.9220707094732,-27.6015178360141,
8.00000026553951));
#12205=CARTESIAN_POINT('Ctrl Pts',(-15.8445946680517,-27.7515542748235,
8.0000003470684));
#12206=CARTESIAN_POINT('Ctrl Pts',(-15.7666287966075,-27.9013350446133,
8.0000004406534));
#12207=CARTESIAN_POINT('Ctrl Pts',(-7.61369151282855,-30.5660220105182,
8.00000011920929));
#12208=CARTESIAN_POINT('Ctrl Pts',(-9.12678907107916,-30.1891244857644,
9.54487253856002));
#12209=CARTESIAN_POINT('Ctrl Pts',(-10.6125570941929,-29.6994892294062,
11.1062382231446));
#12210=CARTESIAN_POINT('Ctrl Pts',(-12.0545281206949,-29.1022052736107,
12.6668974663455));
#12211=CARTESIAN_POINT('Ctrl Pts',(-7.79697511893671,-30.7074409899173,
7.85725033621652));
#12212=CARTESIAN_POINT('Ctrl Pts',(-9.31337338418224,-30.3230748870677,
9.4071236069141));
#12213=CARTESIAN_POINT('Ctrl Pts',(-10.8015714221307,-29.8257741352393,
10.9732278847656));
#12214=CARTESIAN_POINT('Ctrl Pts',(-12.2451859987622,-29.2207970521309,
12.5383892523105));
#12215=CARTESIAN_POINT('Ctrl Pts',(-7.98025872504488,-30.8488599693164,
7.71450055322376));
#12216=CARTESIAN_POINT('Ctrl Pts',(-9.49995769728533,-30.457025288371,9.2693746752682));
#12217=CARTESIAN_POINT('Ctrl Pts',(-10.9905857500686,-29.9520590410723,
10.8402175463866));
#12218=CARTESIAN_POINT('Ctrl Pts',(-12.4358438768295,-29.339388830651,12.4098810382755));
#12219=CARTESIAN_POINT('Ctrl Pts',(-8.16354233115304,-30.9902789487156,
7.57175077023099));
#12220=CARTESIAN_POINT('Ctrl Pts',(-9.68654201038841,-30.5909756896743,
9.13162574362229));
#12221=CARTESIAN_POINT('Ctrl Pts',(-11.1796000780064,-30.0783439469053,
10.7072072080075));
#12222=CARTESIAN_POINT('Ctrl Pts',(-12.6265017548969,-29.4579806091712,
12.2813728242405));
#12223=CARTESIAN_POINT('',(-8.58053441402569,-30.8779174229163,8.00000011517492));
#12224=CARTESIAN_POINT('Ctrl Pts',(-7.61369151282855,-30.5660220105182,
8.00000011920929));
#12225=CARTESIAN_POINT('Ctrl Pts',(-7.77479438992013,-30.6191713312871,
8.00000011920928));
#12226=CARTESIAN_POINT('Ctrl Pts',(-7.93607542043298,-30.6717847564227,
8.00000015260928));
#12227=CARTESIAN_POINT('Ctrl Pts',(-8.09752707083556,-30.7238636051569,
8.00000020911943));
#12228=CARTESIAN_POINT('Ctrl Pts',(-8.25835950266651,-30.7757427148966,
8.00000026541285));
#12229=CARTESIAN_POINT('Ctrl Pts',(-8.41936411226722,-30.8270922655477,
8.00000034077225));
#12230=CARTESIAN_POINT('Ctrl Pts',(-8.58053307464872,-30.8779133559804,
8.00000043444994));
#12231=CARTESIAN_POINT('Ctrl Pts',(-8.58053302106221,-30.8779133710693,
8.0000003788192));
#12232=CARTESIAN_POINT('Ctrl Pts',(-9.83314431702908,-30.5312178098228,
9.28993696471897));
#12233=CARTESIAN_POINT('Ctrl Pts',(-11.0643413752549,-30.1076424147416,
10.589510013357));
#12234=CARTESIAN_POINT('Ctrl Pts',(-12.265002631335,-29.6103356950323,11.8890874157653));
#12235=CARTESIAN_POINT('Ctrl Pts',(-16.2297485389512,-26.9971343361182,
8.0000001192093));
#12236=CARTESIAN_POINT('Ctrl Pts',(-14.8933201993495,-27.8005490845882,
6.45512769985857));
#12237=CARTESIAN_POINT('Ctrl Pts',(-13.4964991448568,-28.5049213189232,
4.89376201527396));
#12238=CARTESIAN_POINT('Ctrl Pts',(-12.0545281183058,-29.1022052746003,
3.33310277207312));
#12239=CARTESIAN_POINT('Ctrl Pts',(-16.2001457775134,-27.2267337361992,
8.14274990220207));
#12240=CARTESIAN_POINT('Ctrl Pts',(-14.8561024033955,-28.0272013547506,
6.59287663150448));
#12241=CARTESIAN_POINT('Ctrl Pts',(-13.4521427451066,-28.7278715452255,
5.02677235365299));
#12242=CARTESIAN_POINT('Ctrl Pts',(-12.0035696906223,-29.3208778038529,
3.46161098610812));
#12243=CARTESIAN_POINT('Ctrl Pts',(-16.1705430160756,-27.4563331362802,
8.28549968519484));
#12244=CARTESIAN_POINT('Ctrl Pts',(-14.8188846074415,-28.2538536249131,
6.7306255631504));
#12245=CARTESIAN_POINT('Ctrl Pts',(-13.4077863453564,-28.9508217715278,
5.15978269203204));
#12246=CARTESIAN_POINT('Ctrl Pts',(-11.9526112629389,-29.5395503331055,
3.59011920014312));
#12247=CARTESIAN_POINT('Ctrl Pts',(-16.1409402546378,-27.6859325363612,
8.42824946818761));
#12248=CARTESIAN_POINT('Ctrl Pts',(-14.7816668114875,-28.4805058950755,
6.86837449479631));
#12249=CARTESIAN_POINT('Ctrl Pts',(-13.3634299456062,-29.1737719978301,
5.29279303041107));
#12250=CARTESIAN_POINT('Ctrl Pts',(-11.9016528352554,-29.7582228623581,
3.71862741417813));
#12251=CARTESIAN_POINT('',(-12.2650040073012,-29.6103390169867,4.11091282268328));
#12252=CARTESIAN_POINT('Ctrl Pts',(-15.7666288481857,-27.901335018962,7.99999985959938));
#12253=CARTESIAN_POINT('Ctrl Pts',(-14.635748124252,-28.5419141781664,6.71006327369961));
#12254=CARTESIAN_POINT('Ctrl Pts',(-13.4656473011979,-29.1129889328091,
5.41049022506161));
#12255=CARTESIAN_POINT('Ctrl Pts',(-12.2650026312796,-29.6103356950553,
4.1109128226533));
#12256=CARTESIAN_POINT('Ctrl Pts',(-12.2650024659656,-29.6103357635338,
4.11091264371745));
#12257=CARTESIAN_POINT('Ctrl Pts',(-12.2297839326701,-29.5253106052699,
3.98132724660295));
#12258=CARTESIAN_POINT('Ctrl Pts',(-12.194617017504,-29.4404100495296,3.85165048248001));
#12259=CARTESIAN_POINT('Ctrl Pts',(-12.1595004349029,-29.3556310265897,
3.7218765564173));
#12260=CARTESIAN_POINT('Ctrl Pts',(-12.1244585210688,-29.2710322701975,
3.5923785700483));
#12261=CARTESIAN_POINT('Ctrl Pts',(-12.0894681622088,-29.1865579990822,
3.4627891425857));
#12262=CARTESIAN_POINT('Ctrl Pts',(-12.0545281195004,-29.1022052741055,
3.33310277336598));
#12263=CARTESIAN_POINT('Ctrl Pts',(-12.0545281206949,-29.1022052736107,
3.33310277207311));
#12264=CARTESIAN_POINT('Ctrl Pts',(-10.6125570941929,-29.6994892294062,
4.89376201527395));
#12265=CARTESIAN_POINT('Ctrl Pts',(-9.12678907107916,-30.1891244857644,
6.45512769985857));
#12266=CARTESIAN_POINT('Ctrl Pts',(-7.61369151282855,-30.5660220105182,
8.00000011920929));
#12267=CARTESIAN_POINT('Ctrl Pts',(-12.2451859987622,-29.2207970521309,
3.46161098610811));
#12268=CARTESIAN_POINT('Ctrl Pts',(-10.8015714221307,-29.8257741352393,
5.02677235365298));
#12269=CARTESIAN_POINT('Ctrl Pts',(-9.31337338418224,-30.3230748870677,
6.59287663150448));
#12270=CARTESIAN_POINT('Ctrl Pts',(-7.79697511893672,-30.7074409899173,
8.14274990220206));
#12271=CARTESIAN_POINT('Ctrl Pts',(-12.4358438768296,-29.339388830651,3.59011920014311));
#12272=CARTESIAN_POINT('Ctrl Pts',(-10.9905857500686,-29.9520590410723,
5.15978269203202));
#12273=CARTESIAN_POINT('Ctrl Pts',(-9.49995769728533,-30.457025288371,6.73062556315038));
#12274=CARTESIAN_POINT('Ctrl Pts',(-7.98025872504488,-30.8488599693165,
8.28549968519483));
#12275=CARTESIAN_POINT('Ctrl Pts',(-12.6265017548969,-29.4579806091712,
3.71862741417811));
#12276=CARTESIAN_POINT('Ctrl Pts',(-11.1796000780064,-30.0783439469053,
5.29279303041106));
#12277=CARTESIAN_POINT('Ctrl Pts',(-9.68654201038841,-30.5909756896743,
6.86837449479629));
#12278=CARTESIAN_POINT('Ctrl Pts',(-8.16354233115304,-30.9902789487156,
8.42824946818759));
#12279=CARTESIAN_POINT('Ctrl Pts',(-12.265002631335,-29.6103356950323,4.11091282265329));
#12280=CARTESIAN_POINT('Ctrl Pts',(-11.0643413764972,-30.1076424142271,
5.41049022371698));
#12281=CARTESIAN_POINT('Ctrl Pts',(-9.83314431957683,-30.5312178089463,
6.71006327101037));
#12282=CARTESIAN_POINT('Ctrl Pts',(-8.5805330249503,-30.8779133699932,7.99999985559545));
#12283=CARTESIAN_POINT('Origin',(-15.5553490698954,-27.3912598343651,8.00000011920929));
#12284=CARTESIAN_POINT('',(-3.59304815341003,1.48828927540204,8.00000011920929));
#12285=CARTESIAN_POINT('',(-12.0545281195003,-29.1022052741055,4.11091282268328));
#12286=CARTESIAN_POINT('Origin',(-12.0545281195003,-29.1022052741055,11.8890874157353));
#12287=CARTESIAN_POINT('',(-12.0545281195003,-29.1022052741055,11.8890874157353));
#12288=CARTESIAN_POINT('Ctrl Pts',(1.29296851003602E-9,-31.5,12.6668974663455));
#12289=CARTESIAN_POINT('Ctrl Pts',(-1.56077819086694,-31.5000000000641,
11.1062382231446));
#12290=CARTESIAN_POINT('Ctrl Pts',(-3.12082415799158,-31.3837851850258,
9.54487253856001));
#12291=CARTESIAN_POINT('Ctrl Pts',(-4.66297646117481,-31.1529557269054,
8.00000011920928));
#12292=CARTESIAN_POINT('Ctrl Pts',(0.130761803697039,-31.6825261280851,
12.5383892523105));
#12293=CARTESIAN_POINT('Ctrl Pts',(-1.43447886315388,-31.6890046916097,
10.9732278847656));
#12294=CARTESIAN_POINT('Ctrl Pts',(-2.99970332936539,-31.5789419445254,
9.4071236069141));
#12295=CARTESIAN_POINT('Ctrl Pts',(-4.54776318928464,-31.3537494269626,
7.85725033621652));
#12296=CARTESIAN_POINT('Ctrl Pts',(0.261523606101109,-31.8650522561702,
12.4098810382755));
#12297=CARTESIAN_POINT('Ctrl Pts',(-1.30817953544083,-31.8780093831554,
10.8402175463866));
#12298=CARTESIAN_POINT('Ctrl Pts',(-2.8785825007392,-31.7740987040249,9.2693746752682));
#12299=CARTESIAN_POINT('Ctrl Pts',(-4.43254991739448,-31.5545431270198,
7.71450055322375));
#12300=CARTESIAN_POINT('Ctrl Pts',(0.392285408505179,-32.0475783842554,
12.2813728242405));
#12301=CARTESIAN_POINT('Ctrl Pts',(-1.18188020772777,-32.0670140747011,
10.7072072080075));
#12302=CARTESIAN_POINT('Ctrl Pts',(-2.75746167211301,-31.9692554635245,
9.13162574362229));
#12303=CARTESIAN_POINT('Ctrl Pts',(-4.31733664550432,-31.7553368270771,
7.57175077023098));
#12304=CARTESIAN_POINT('',(3.46944695195361E-16,-32.05,11.8890874157353));
#12305=CARTESIAN_POINT('Ctrl Pts',(-3.59463189551901E-15,-31.5,12.6668974650526));
#12306=CARTESIAN_POINT('Ctrl Pts',(-1.80615683779996E-15,-31.5913648537843,
12.5371228574864));
#12307=CARTESIAN_POINT('Ctrl Pts',(2.76678732022581E-8,-31.6828614345135,
12.4074453254543));
#12308=CARTESIAN_POINT('Ctrl Pts',(6.32020769747443E-8,-31.7744929381216,
12.2778593571188));
#12309=CARTESIAN_POINT('Ctrl Pts',(9.87636246488349E-8,-31.8661949541642,
12.148173669563));
#12310=CARTESIAN_POINT('Ctrl Pts',(1.41666136316551E-7,-31.958028335584,
12.0185850101549));
#12311=CARTESIAN_POINT('Ctrl Pts',(1.7896583943966E-7,-32.0499964043579,
11.8890875947011));
#12312=CARTESIAN_POINT('',(-3.88908730056038,-31.8111042746922,8.00000012324366));
#12313=CARTESIAN_POINT('Ctrl Pts',(2.99785474222602E-11,-32.0499964043549,
11.8890874157653));
#12314=CARTESIAN_POINT('Ctrl Pts',(-1.29957740103371,-32.0499747334901,
10.5895100147016));
#12315=CARTESIAN_POINT('Ctrl Pts',(-2.5991504483271,-31.9701486554865,9.2899369674082));
#12316=CARTESIAN_POINT('Ctrl Pts',(-3.88908703291217,-31.8110999987033,
8.00000038282313));
#12317=CARTESIAN_POINT('Ctrl Pts',(-4.66297646117481,-31.1529557269054,
8.00000011920928));
#12318=CARTESIAN_POINT('Ctrl Pts',(-4.53436888957483,-31.2638031682025,
8.00000011920929));
#12319=CARTESIAN_POINT('Ctrl Pts',(-4.40539102880129,-31.3742229705024,
8.00000015266484));
#12320=CARTESIAN_POINT('Ctrl Pts',(-4.27605036240425,-31.4842134655138,
8.00000020926103));
#12321=CARTESIAN_POINT('Ctrl Pts',(-4.14742113857818,-31.5935989542056,
8.00000026554591));
#12322=CARTESIAN_POINT('Ctrl Pts',(-4.01843080095752,-31.7025617924777,
8.00000034085076));
#12323=CARTESIAN_POINT('Ctrl Pts',(-3.88908698163436,-31.811100004776,8.00000043444995));
#12324=CARTESIAN_POINT('Ctrl Pts',(4.66297646117482,-31.1529557269054,8.00000011920928));
#12325=CARTESIAN_POINT('Ctrl Pts',(3.12082415799159,-31.3837851850258,9.54487253856001));
#12326=CARTESIAN_POINT('Ctrl Pts',(1.56077819086694,-31.5000000000641,11.1062382231446));
#12327=CARTESIAN_POINT('Ctrl Pts',(-1.29296406914392E-9,-31.5,12.6668974663455));
#12328=CARTESIAN_POINT('Ctrl Pts',(4.54776318928465,-31.3537494269626,7.85725033621651));
#12329=CARTESIAN_POINT('Ctrl Pts',(2.9997033293654,-31.5789419445254,9.4071236069141));
#12330=CARTESIAN_POINT('Ctrl Pts',(1.43447886315389,-31.6890046916097,10.9732278847656));
#12331=CARTESIAN_POINT('Ctrl Pts',(-0.130761803697034,-31.6825261280851,
12.5383892523105));
#12332=CARTESIAN_POINT('Ctrl Pts',(4.43254991739449,-31.5545431270199,7.71450055322375));
#12333=CARTESIAN_POINT('Ctrl Pts',(2.87858250073921,-31.7740987040249,9.26937467526819));
#12334=CARTESIAN_POINT('Ctrl Pts',(1.30817953544083,-31.8780093831554,10.8402175463866));
#12335=CARTESIAN_POINT('Ctrl Pts',(-0.261523606101103,-31.8650522561703,
12.4098810382755));
#12336=CARTESIAN_POINT('Ctrl Pts',(4.31733664550433,-31.7553368270771,7.57175077023098));
#12337=CARTESIAN_POINT('Ctrl Pts',(2.75746167211302,-31.9692554635245,9.13162574362228));
#12338=CARTESIAN_POINT('Ctrl Pts',(1.18188020772778,-32.0670140747011,10.7072072080075));
#12339=CARTESIAN_POINT('Ctrl Pts',(-0.392285408505173,-32.0475783842554,
12.2813728242405));
#12340=CARTESIAN_POINT('',(3.88908730056039,-31.8111042746922,8.00000011517492));
#12341=CARTESIAN_POINT('Ctrl Pts',(4.66297646117481,-31.1529557269054,8.00000011920929));
#12342=CARTESIAN_POINT('Ctrl Pts',(4.53447968016009,-31.2637076773014,8.00000011920929));
#12343=CARTESIAN_POINT('Ctrl Pts',(4.4056132486644,-31.3740327243172,8.00000015260748));
#12344=CARTESIAN_POINT('Ctrl Pts',(4.27638463100151,-31.4839292039434,8.00000020911482));
#12345=CARTESIAN_POINT('Ctrl Pts',(4.14764500215978,-31.5934098457234,8.00000026540834));
#12346=CARTESIAN_POINT('Ctrl Pts',(4.01854363466216,-31.702467104204,8.00000034699101));
#12347=CARTESIAN_POINT('Ctrl Pts',(3.88908697944774,-31.8111000021702,8.0000004406534));
#12348=CARTESIAN_POINT('Ctrl Pts',(3.88908703691611,-31.8110999982096,8.00000037881919));
#12349=CARTESIAN_POINT('Ctrl Pts',(2.59915045101634,-31.9701486553213,9.28993696471897));
#12350=CARTESIAN_POINT('Ctrl Pts',(1.29957740237833,-32.0499747334901,10.589510013357));
#12351=CARTESIAN_POINT('Ctrl Pts',(-2.99802821457362E-11,-32.0499964043549,
11.8890874157653));
#12352=CARTESIAN_POINT('Ctrl Pts',(-4.66297646117481,-31.1529557269054,
8.00000011920929));
#12353=CARTESIAN_POINT('Ctrl Pts',(-3.12082415799158,-31.3837851850258,
6.45512769985856));
#12354=CARTESIAN_POINT('Ctrl Pts',(-1.56077819086694,-31.5000000000641,
4.89376201527395));
#12355=CARTESIAN_POINT('Ctrl Pts',(1.29296962025904E-9,-31.5,3.33310277207311));
#12356=CARTESIAN_POINT('Ctrl Pts',(-4.54776318928464,-31.3537494269626,
8.14274990220206));
#12357=CARTESIAN_POINT('Ctrl Pts',(-2.9997033293654,-31.5789419445254,6.59287663150448));
#12358=CARTESIAN_POINT('Ctrl Pts',(-1.43447886315388,-31.6890046916097,
5.02677235365298));
#12359=CARTESIAN_POINT('Ctrl Pts',(0.13076180369704,-31.6825261280851,3.46161098610811));
#12360=CARTESIAN_POINT('Ctrl Pts',(-4.43254991739448,-31.5545431270199,
8.28549968519483));
#12361=CARTESIAN_POINT('Ctrl Pts',(-2.8785825007392,-31.7740987040249,6.73062556315038));
#12362=CARTESIAN_POINT('Ctrl Pts',(-1.30817953544082,-31.8780093831554,
5.15978269203202));
#12363=CARTESIAN_POINT('Ctrl Pts',(0.26152360610111,-31.8650522561702,3.5901192001431));
#12364=CARTESIAN_POINT('Ctrl Pts',(-4.31733664550431,-31.7553368270771,
8.4282494681876));
#12365=CARTESIAN_POINT('Ctrl Pts',(-2.75746167211301,-31.9692554635245,
6.86837449479629));
#12366=CARTESIAN_POINT('Ctrl Pts',(-1.18188020772777,-32.0670140747011,
5.29279303041105));
#12367=CARTESIAN_POINT('Ctrl Pts',(0.39228540850518,-32.0475783842554,3.7186274141781));
#12368=CARTESIAN_POINT('',(-3.12250225675825E-16,-32.05,4.11091282268328));
#12369=CARTESIAN_POINT('Ctrl Pts',(-3.88908703691609,-31.8110999982096,
7.99999985959937));
#12370=CARTESIAN_POINT('Ctrl Pts',(-2.59915045101632,-31.9701486553213,
6.7100632736996));
#12371=CARTESIAN_POINT('Ctrl Pts',(-1.29957740237832,-32.0499747334901,
5.4104902250616));
#12372=CARTESIAN_POINT('Ctrl Pts',(2.99868740949449E-11,-32.0499964043549,
4.11091282265329));
#12373=CARTESIAN_POINT('Ctrl Pts',(1.78965840272327E-7,-32.0499964043579,
4.11091264371744));
#12374=CARTESIAN_POINT('Ctrl Pts',(1.41639560425333E-7,-31.9579627936337,
3.98132294065483));
#12375=CARTESIAN_POINT('Ctrl Pts',(9.87009922565397E-8,-31.8660640630219,
3.85164186454654));
#12376=CARTESIAN_POINT('Ctrl Pts',(6.31260644451404E-8,-31.7742968842171,
3.7218636199481));
#12377=CARTESIAN_POINT('Ctrl Pts',(2.76291425967042E-8,-31.6827309229192,
3.59236993956056));
#12378=CARTESIAN_POINT('Ctrl Pts',(8.33054083597598E-16,-31.5912996912353,
3.46278482406949));
#12379=CARTESIAN_POINT('Ctrl Pts',(-8.22081459288892E-16,-31.5,3.33310277336599));
#12380=CARTESIAN_POINT('Ctrl Pts',(-1.29296351403241E-9,-31.5,3.33310277207311));
#12381=CARTESIAN_POINT('Ctrl Pts',(1.56077819086694,-31.5000000000641,4.89376201527395));
#12382=CARTESIAN_POINT('Ctrl Pts',(3.12082415799158,-31.3837851850258,6.45512769985856));
#12383=CARTESIAN_POINT('Ctrl Pts',(4.66297646117481,-31.1529557269054,8.00000011920929));
#12384=CARTESIAN_POINT('Ctrl Pts',(-0.130761803697034,-31.6825261280851,
3.46161098610811));
#12385=CARTESIAN_POINT('Ctrl Pts',(1.43447886315389,-31.6890046916097,5.02677235365298));
#12386=CARTESIAN_POINT('Ctrl Pts',(2.9997033293654,-31.5789419445254,6.59287663150447));
#12387=CARTESIAN_POINT('Ctrl Pts',(4.54776318928465,-31.3537494269626,8.14274990220206));
#12388=CARTESIAN_POINT('Ctrl Pts',(-0.261523606101104,-31.8650522561702,
3.5901192001431));
#12389=CARTESIAN_POINT('Ctrl Pts',(1.30817953544083,-31.8780093831554,5.15978269203202));
#12390=CARTESIAN_POINT('Ctrl Pts',(2.87858250073921,-31.7740987040249,6.73062556315038));
#12391=CARTESIAN_POINT('Ctrl Pts',(4.43254991739448,-31.5545431270198,8.28549968519483));
#12392=CARTESIAN_POINT('Ctrl Pts',(-0.392285408505175,-32.0475783842554,
3.7186274141781));
#12393=CARTESIAN_POINT('Ctrl Pts',(1.18188020772777,-32.0670140747011,5.29279303041105));
#12394=CARTESIAN_POINT('Ctrl Pts',(2.75746167211302,-31.9692554635245,6.86837449479629));
#12395=CARTESIAN_POINT('Ctrl Pts',(4.31733664550432,-31.7553368270771,8.42824946818759));
#12396=CARTESIAN_POINT('Ctrl Pts',(-2.9981961358061E-11,-32.0499964043549,
4.11091282265329));
#12397=CARTESIAN_POINT('Ctrl Pts',(1.29957740103371,-32.0499747334901,5.41049022371699));
#12398=CARTESIAN_POINT('Ctrl Pts',(2.5991504483271,-31.9701486554865,6.71006327101038));
#12399=CARTESIAN_POINT('Ctrl Pts',(3.88908703291217,-31.8110999987033,7.99999985559545));
#12400=CARTESIAN_POINT('Origin',(-3.88908729652601,-31.2589987043731,8.00000011920929));
#12401=CARTESIAN_POINT('',(-3.88908729652601,0.,8.00000011920929));
#12402=CARTESIAN_POINT('',(4.16333634234434E-16,-31.5,4.11091282268328));
#12403=CARTESIAN_POINT('Origin',(1.92881870865708E-15,-31.5,11.8890874157353));
#12404=CARTESIAN_POINT('',(1.94289029309402E-15,-31.5,11.8890874157353));
#12405=CARTESIAN_POINT('Ctrl Pts',(12.0545281206949,-29.1022052736107,12.6668974663455));
#12406=CARTESIAN_POINT('Ctrl Pts',(10.6125570941929,-29.6994892294062,11.1062382231446));
#12407=CARTESIAN_POINT('Ctrl Pts',(9.12678907107914,-30.1891244857644,9.54487253856002));
#12408=CARTESIAN_POINT('Ctrl Pts',(7.61369151282854,-30.5660220105182,8.00000011920929));
#12409=CARTESIAN_POINT('Ctrl Pts',(12.2451859987622,-29.2207970521309,12.5383892523105));
#12410=CARTESIAN_POINT('Ctrl Pts',(10.8015714221307,-29.8257741352393,10.9732278847656));
#12411=CARTESIAN_POINT('Ctrl Pts',(9.31337338418223,-30.3230748870677,9.40712360691411));
#12412=CARTESIAN_POINT('Ctrl Pts',(7.7969751189367,-30.7074409899173,7.85725033621652));
#12413=CARTESIAN_POINT('Ctrl Pts',(12.4358438768295,-29.339388830651,12.4098810382755));
#12414=CARTESIAN_POINT('Ctrl Pts',(10.9905857500686,-29.9520590410723,10.8402175463866));
#12415=CARTESIAN_POINT('Ctrl Pts',(9.49995769728532,-30.457025288371,9.2693746752682));
#12416=CARTESIAN_POINT('Ctrl Pts',(7.98025872504487,-30.8488599693165,7.71450055322376));
#12417=CARTESIAN_POINT('Ctrl Pts',(12.6265017548969,-29.4579806091712,12.2813728242405));
#12418=CARTESIAN_POINT('Ctrl Pts',(11.1796000780064,-30.0783439469053,10.7072072080075));
#12419=CARTESIAN_POINT('Ctrl Pts',(9.6865420103884,-30.5909756896743,9.13162574362229));
#12420=CARTESIAN_POINT('Ctrl Pts',(8.16354233115303,-30.9902789487156,7.57175077023099));
#12421=CARTESIAN_POINT('',(12.2650040073011,-29.6103390169867,11.8890874157353));
#12422=CARTESIAN_POINT('Ctrl Pts',(12.0545281195003,-29.1022052741055,12.6668974650526));
#12423=CARTESIAN_POINT('Ctrl Pts',(12.0894681621554,-29.1865579989532,12.5372110960312));
#12424=CARTESIAN_POINT('Ctrl Pts',(12.1244585720171,-29.2710322487913,12.4076216687667));
#12425=CARTESIAN_POINT('Ctrl Pts',(12.1595005513887,-29.3556309778801,12.2781236826018));
#12426=CARTESIAN_POINT('Ctrl Pts',(12.1946171997765,-29.4404099737229,12.1483497563387));
#12427=CARTESIAN_POINT('Ctrl Pts',(12.2297841943338,-29.5253104967317,12.0186729920155));
#12428=CARTESIAN_POINT('Ctrl Pts',(12.2650027966513,-29.6103356265593,11.8890875947011));
#12429=CARTESIAN_POINT('',(8.58053441402568,-30.8779174229163,8.00000012324366));
#12430=CARTESIAN_POINT('Ctrl Pts',(12.265002631335,-29.6103356950324,11.8890874157653));
#12431=CARTESIAN_POINT('Ctrl Pts',(11.0643413764971,-30.1076424142271,10.5895100147016));
#12432=CARTESIAN_POINT('Ctrl Pts',(9.8331443195768,-30.5312178089463,9.2899369674082));
#12433=CARTESIAN_POINT('Ctrl Pts',(8.58053302495028,-30.8779133699932,8.00000038282313));
#12434=CARTESIAN_POINT('Ctrl Pts',(7.61369151282854,-30.5660220105182,8.00000011920929));
#12435=CARTESIAN_POINT('Ctrl Pts',(7.77492463719451,-30.6192143010607,8.00000011920929));
#12436=CARTESIAN_POINT('Ctrl Pts',(7.93633620432664,-30.6718698294935,8.00000015266307));
#12437=CARTESIAN_POINT('Ctrl Pts',(8.09791866249586,-30.7239899182428,8.00000020925654));
#12438=CARTESIAN_POINT('Ctrl Pts',(8.25862084216701,-30.7758260640817,8.0000002655417));
#12439=CARTESIAN_POINT('Ctrl Pts',(8.41949491545409,-30.8271335114582,8.00000034084827));
#12440=CARTESIAN_POINT('Ctrl Pts',(8.5805330746487,-30.8779133559804,8.00000043444994));
#12441=CARTESIAN_POINT('Ctrl Pts',(16.2297485389512,-26.9971343361182,8.00000011920929));
#12442=CARTESIAN_POINT('Ctrl Pts',(14.8933201993495,-27.8005490845882,9.54487253856001));
#12443=CARTESIAN_POINT('Ctrl Pts',(13.4964991448568,-28.5049213189232,11.1062382231446));
#12444=CARTESIAN_POINT('Ctrl Pts',(12.0545281183058,-29.1022052746003,12.6668974663455));
#12445=CARTESIAN_POINT('Ctrl Pts',(16.2001457775134,-27.2267337361992,7.85725033621652));
#12446=CARTESIAN_POINT('Ctrl Pts',(14.8561024033955,-28.0272013547506,9.4071236069141));
#12447=CARTESIAN_POINT('Ctrl Pts',(13.4521427451066,-28.7278715452255,10.9732278847656));
#12448=CARTESIAN_POINT('Ctrl Pts',(12.0035696906223,-29.3208778038529,12.5383892523105));
#12449=CARTESIAN_POINT('Ctrl Pts',(16.1705430160756,-27.4563331362802,7.71450055322375));
#12450=CARTESIAN_POINT('Ctrl Pts',(14.8188846074415,-28.2538536249131,9.26937467526819));
#12451=CARTESIAN_POINT('Ctrl Pts',(13.4077863453564,-28.9508217715278,10.8402175463866));
#12452=CARTESIAN_POINT('Ctrl Pts',(11.9526112629388,-29.5395503331055,12.4098810382755));
#12453=CARTESIAN_POINT('Ctrl Pts',(16.1409402546378,-27.6859325363612,7.57175077023097));
#12454=CARTESIAN_POINT('Ctrl Pts',(14.7816668114875,-28.4805058950755,9.13162574362227));
#12455=CARTESIAN_POINT('Ctrl Pts',(13.3634299456061,-29.1737719978301,10.7072072080075));
#12456=CARTESIAN_POINT('Ctrl Pts',(11.9016528352554,-29.7582228623582,12.2813728242405));
#12457=CARTESIAN_POINT('',(15.7666307283003,-27.9013388690245,8.00000011517492));
#12458=CARTESIAN_POINT('Ctrl Pts',(16.2297485389512,-26.9971343361182,8.00000011920929));
#12459=CARTESIAN_POINT('Ctrl Pts',(16.1534128505203,-27.148635496234,8.00000011920929));
#12460=CARTESIAN_POINT('Ctrl Pts',(16.0765722399667,-27.2998836878175,8.00000015261014));
#12461=CARTESIAN_POINT('Ctrl Pts',(15.999232967383,-27.4508745165254,8.00000020912165));
#12462=CARTESIAN_POINT('Ctrl Pts',(15.9221925663793,-27.6012818529654,8.00000026541477));
#12463=CARTESIAN_POINT('Ctrl Pts',(15.8446559810636,-27.7514364859762,8.0000003469948));
#12464=CARTESIAN_POINT('Ctrl Pts',(15.7666287966075,-27.9013350446133,8.0000004406534));
#12465=CARTESIAN_POINT('Ctrl Pts',(15.7666288481857,-27.901335018962,8.00000037881919));
#12466=CARTESIAN_POINT('Ctrl Pts',(14.635748124252,-28.5419141781664,9.28993696471896));
#12467=CARTESIAN_POINT('Ctrl Pts',(13.4656473011979,-29.1129889328091,10.589510013357));
#12468=CARTESIAN_POINT('Ctrl Pts',(12.2650026312796,-29.6103356950553,11.8890874157653));
#12469=CARTESIAN_POINT('Ctrl Pts',(7.61369151282854,-30.5660220105182,8.00000011920929));
#12470=CARTESIAN_POINT('Ctrl Pts',(9.12678907107914,-30.1891244857644,6.45512769985856));
#12471=CARTESIAN_POINT('Ctrl Pts',(10.6125570941929,-29.6994892294063,4.89376201527394));
#12472=CARTESIAN_POINT('Ctrl Pts',(12.0545281206949,-29.1022052736107,3.33310277207311));
#12473=CARTESIAN_POINT('Ctrl Pts',(7.7969751189367,-30.7074409899173,8.14274990220206));
#12474=CARTESIAN_POINT('Ctrl Pts',(9.31337338418223,-30.3230748870677,6.59287663150447));
#12475=CARTESIAN_POINT('Ctrl Pts',(10.8015714221307,-29.8257741352393,5.02677235365298));
#12476=CARTESIAN_POINT('Ctrl Pts',(12.2451859987622,-29.2207970521309,3.46161098610811));
#12477=CARTESIAN_POINT('Ctrl Pts',(7.98025872504487,-30.8488599693165,8.28549968519482));
#12478=CARTESIAN_POINT('Ctrl Pts',(9.49995769728531,-30.457025288371,6.73062556315038));
#12479=CARTESIAN_POINT('Ctrl Pts',(10.9905857500686,-29.9520590410723,5.15978269203202));
#12480=CARTESIAN_POINT('Ctrl Pts',(12.4358438768295,-29.339388830651,3.59011920014311));
#12481=CARTESIAN_POINT('Ctrl Pts',(8.16354233115303,-30.9902789487156,8.42824946818759));
#12482=CARTESIAN_POINT('Ctrl Pts',(9.6865420103884,-30.5909756896743,6.86837449479629));
#12483=CARTESIAN_POINT('Ctrl Pts',(11.1796000780064,-30.0783439469054,5.29279303041105));
#12484=CARTESIAN_POINT('Ctrl Pts',(12.6265017548969,-29.4579806091712,3.7186274141781));
#12485=CARTESIAN_POINT('',(12.2650040073011,-29.6103390169867,4.11091282268328));
#12486=CARTESIAN_POINT('Ctrl Pts',(8.58053302106219,-30.8779133710693,7.99999985959939));
#12487=CARTESIAN_POINT('Ctrl Pts',(9.83314431702906,-30.5312178098228,6.71006327369961));
#12488=CARTESIAN_POINT('Ctrl Pts',(11.0643413752549,-30.1076424147416,5.41049022506162));
#12489=CARTESIAN_POINT('Ctrl Pts',(12.265002631335,-29.6103356950324,4.11091282265331));
#12490=CARTESIAN_POINT('Ctrl Pts',(12.2650027966513,-29.6103356265593,4.11091264371744));
#12491=CARTESIAN_POINT('Ctrl Pts',(12.229806965658,-29.5253654715082,3.98141103255279));
#12492=CARTESIAN_POINT('Ctrl Pts',(12.1946626754643,-29.4405197615966,3.85181817158505));
#12493=CARTESIAN_POINT('Ctrl Pts',(12.1595686666497,-29.3557954224866,3.72212827609158));
#12494=CARTESIAN_POINT('Ctrl Pts',(12.124503915819,-29.2711417183208,3.592546503466));
#12495=CARTESIAN_POINT('Ctrl Pts',(12.0894908016427,-29.1866126555107,3.46287317299215));
#12496=CARTESIAN_POINT('Ctrl Pts',(12.0545281195003,-29.1022052741055,3.33310277336597));
#12497=CARTESIAN_POINT('Ctrl Pts',(12.0545281183058,-29.1022052746003,3.33310277207311));
#12498=CARTESIAN_POINT('Ctrl Pts',(13.4964991448568,-28.5049213189232,4.89376201527395));
#12499=CARTESIAN_POINT('Ctrl Pts',(14.8933201993495,-27.8005490845882,6.45512769985856));
#12500=CARTESIAN_POINT('Ctrl Pts',(16.2297485389512,-26.9971343361182,8.00000011920929));
#12501=CARTESIAN_POINT('Ctrl Pts',(12.0035696906223,-29.3208778038529,3.46161098610812));
#12502=CARTESIAN_POINT('Ctrl Pts',(13.4521427451066,-28.7278715452255,5.02677235365299));
#12503=CARTESIAN_POINT('Ctrl Pts',(14.8561024033955,-28.0272013547506,6.59287663150448));
#12504=CARTESIAN_POINT('Ctrl Pts',(16.2001457775134,-27.2267337361992,8.14274990220206));
#12505=CARTESIAN_POINT('Ctrl Pts',(11.9526112629388,-29.5395503331055,3.59011920014312));
#12506=CARTESIAN_POINT('Ctrl Pts',(13.4077863453564,-28.9508217715278,5.15978269203203));
#12507=CARTESIAN_POINT('Ctrl Pts',(14.8188846074415,-28.2538536249131,6.73062556315039));
#12508=CARTESIAN_POINT('Ctrl Pts',(16.1705430160756,-27.4563331362802,8.28549968519483));
#12509=CARTESIAN_POINT('Ctrl Pts',(11.9016528352554,-29.7582228623582,3.71862741417812));
#12510=CARTESIAN_POINT('Ctrl Pts',(13.3634299456062,-29.1737719978301,5.29279303041107));
#12511=CARTESIAN_POINT('Ctrl Pts',(14.7816668114875,-28.4805058950755,6.86837449479631));
#12512=CARTESIAN_POINT('Ctrl Pts',(16.1409402546378,-27.6859325363612,8.42824946818761));
#12513=CARTESIAN_POINT('Ctrl Pts',(12.2650026312796,-29.6103356950553,4.11091282265329));
#12514=CARTESIAN_POINT('Ctrl Pts',(13.4656472999557,-29.1129889333237,5.41049022371699));
#12515=CARTESIAN_POINT('Ctrl Pts',(14.6357481218307,-28.5419141793482,6.71006327101038));
#12516=CARTESIAN_POINT('Ctrl Pts',(15.7666288446755,-27.9013350209504,7.99999985559545));
#12517=CARTESIAN_POINT('Origin',(8.36925276307536,-30.3678383851692,8.00000011920929));
#12518=CARTESIAN_POINT('',(-3.59304815341004,-1.48828927540204,8.00000011920929));
#12519=CARTESIAN_POINT('',(12.0545281195003,-29.1022052741055,4.11091282268328));
#12520=CARTESIAN_POINT('Origin',(12.0545281195003,-29.1022052741055,11.8890874157353));
#12521=CARTESIAN_POINT('',(12.0545281195003,-29.1022052741055,11.8890874157353));
#12522=CARTESIAN_POINT('Ctrl Pts',(18.7312439722892,-25.3256885247091,8.00000011920929));
#12523=CARTESIAN_POINT('Ctrl Pts',(19.984931398627,-24.3984432486403,6.45512769985856));
#12524=CARTESIAN_POINT('Ctrl Pts',(21.1702267647315,-23.3775004501116,4.89376201527394));
#12525=CARTESIAN_POINT('Ctrl Pts',(22.2738636082905,-22.273863606462,3.33310277207311));
#12526=CARTESIAN_POINT('Ctrl Pts',(18.9546946450554,-25.3862030258028,8.14274990220206));
#12527=CARTESIAN_POINT('Ctrl Pts',(20.2085734259281,-24.4507945574123,6.59287663150447));
#12528=CARTESIAN_POINT('Ctrl Pts',(21.3931803748847,-23.4218398380944,5.02677235365298));
#12529=CARTESIAN_POINT('Ctrl Pts',(22.4953916284033,-22.3104665121746,3.46161098610811));
#12530=CARTESIAN_POINT('Ctrl Pts',(19.1781453178216,-25.4467175268966,8.28549968519483));
#12531=CARTESIAN_POINT('Ctrl Pts',(20.4322154532291,-24.5031458661843,6.73062556315039));
#12532=CARTESIAN_POINT('Ctrl Pts',(21.6161339850379,-23.4661792260773,5.15978269203202));
#12533=CARTESIAN_POINT('Ctrl Pts',(22.7169196485161,-22.3470694178872,3.59011920014311));
#12534=CARTESIAN_POINT('Ctrl Pts',(19.4015959905878,-25.5072320279904,8.4282494681876));
#12535=CARTESIAN_POINT('Ctrl Pts',(20.6558574805301,-24.5554971749564,6.8683744947963));
#12536=CARTESIAN_POINT('Ctrl Pts',(21.8390875951911,-23.5105186140601,5.29279303041106));
#12537=CARTESIAN_POINT('Ctrl Pts',(22.9384476686289,-22.3836723235999,3.71862741417811));
#12538=CARTESIAN_POINT('',(19.7438475468145,-25.2438475525199,8.00000012324366));
#12539=CARTESIAN_POINT('Ctrl Pts',(18.7312439722892,-25.3256885247091,8.00000011920929));
#12540=CARTESIAN_POINT('Ctrl Pts',(18.9005509639601,-25.3131312004881,8.00000011920929));
#12541=CARTESIAN_POINT('Ctrl Pts',(19.0698174094202,-25.3000097443018,8.00000008575897));
#12542=CARTESIAN_POINT('Ctrl Pts',(19.2390368388574,-25.2863282671957,8.00000002917086));
#12543=CARTESIAN_POINT('Ctrl Pts',(19.4073519280514,-25.2727199064592,7.99999997288517));
#12544=CARTESIAN_POINT('Ctrl Pts',(19.5756234975024,-25.2585572496749,7.99999989135331));
#12545=CARTESIAN_POINT('Ctrl Pts',(19.7438447527461,-25.2438443043297,7.99999979776517));
#12546=CARTESIAN_POINT('',(22.6627723370288,-22.6627723370288,4.11091282268328));
#12547=CARTESIAN_POINT('Ctrl Pts',(19.7438447093093,-25.2438443421654,7.99999985959938));
#12548=CARTESIAN_POINT('Ctrl Pts',(20.768432000482,-24.4441858189574,6.71006327369961));
#12549=CARTESIAN_POINT('Ctrl Pts',(21.7438144770098,-23.5816944648069,5.41049022506161));
#12550=CARTESIAN_POINT('Ctrl Pts',(22.662769794545,-22.6627697945026,4.1109128226533));
#12551=CARTESIAN_POINT('Ctrl Pts',(22.6627699210739,-22.662769667978,4.11091264371744));
#12552=CARTESIAN_POINT('Ctrl Pts',(22.597734420391,-22.5977342200483,3.9814068065654));
#12553=CARTESIAN_POINT('Ctrl Pts',(22.5327941665262,-22.5327940268615,3.85180971369246));
#12554=CARTESIAN_POINT('Ctrl Pts',(22.4679468192286,-22.4679467298572,3.72211557986904));
#12555=CARTESIAN_POINT('Ctrl Pts',(22.4031577657841,-22.4031577266609,3.59253803324786));
#12556=CARTESIAN_POINT('Ctrl Pts',(22.3384641103103,-22.3384641103103,3.46286893466925));
#12557=CARTESIAN_POINT('Ctrl Pts',(22.2738636073763,-22.2738636073762,3.33310277336598));
#12558=CARTESIAN_POINT('Ctrl Pts',(22.2738636082905,-22.273863606462,12.6668974663455));
#12559=CARTESIAN_POINT('Ctrl Pts',(21.1702267647315,-23.3775004501116,11.1062382231446));
#12560=CARTESIAN_POINT('Ctrl Pts',(19.984931398627,-24.3984432486403,9.54487253856001));
#12561=CARTESIAN_POINT('Ctrl Pts',(18.7312439722892,-25.3256885247091,8.00000011920929));
#12562=CARTESIAN_POINT('Ctrl Pts',(22.4953916284033,-22.3104665121746,12.5383892523105));
#12563=CARTESIAN_POINT('Ctrl Pts',(21.3931803748847,-23.4218398380945,10.9732278847656));
#12564=CARTESIAN_POINT('Ctrl Pts',(20.2085734259281,-24.4507945574123,9.4071236069141));
#12565=CARTESIAN_POINT('Ctrl Pts',(18.9546946450554,-25.3862030258028,7.85725033621651));
#12566=CARTESIAN_POINT('Ctrl Pts',(22.7169196485161,-22.3470694178872,12.4098810382755));
#12567=CARTESIAN_POINT('Ctrl Pts',(21.6161339850379,-23.4661792260773,10.8402175463866));
#12568=CARTESIAN_POINT('Ctrl Pts',(20.4322154532291,-24.5031458661843,9.26937467526819));
#12569=CARTESIAN_POINT('Ctrl Pts',(19.1781453178216,-25.4467175268966,7.71450055322374));
#12570=CARTESIAN_POINT('Ctrl Pts',(22.9384476686289,-22.3836723235999,12.2813728242405));
#12571=CARTESIAN_POINT('Ctrl Pts',(21.8390875951911,-23.5105186140601,10.7072072080075));
#12572=CARTESIAN_POINT('Ctrl Pts',(20.6558574805301,-24.5554971749564,9.13162574362227));
#12573=CARTESIAN_POINT('Ctrl Pts',(19.4015959905878,-25.5072320279904,7.57175077023097));
#12574=CARTESIAN_POINT('',(22.6627723370289,-22.6627723370288,11.8890874157353));
#12575=CARTESIAN_POINT('Ctrl Pts',(22.2738636073763,-22.2738636073763,12.6668974650526));
#12576=CARTESIAN_POINT('Ctrl Pts',(22.3384265532039,-22.3384265532039,12.5372067465293));
#12577=CARTESIAN_POINT('Ctrl Pts',(22.4030825440598,-22.4030825049812,12.4076129763549));
#12578=CARTESIAN_POINT('Ctrl Pts',(22.4678338214997,-22.4678337322159,12.2781106533165));
#12579=CARTESIAN_POINT('Ctrl Pts',(22.5327187260353,-22.5327185864428,12.148341076565));
#12580=CARTESIAN_POINT('Ctrl Pts',(22.5976966446019,-22.5976964442898,12.0186686551565));
#12581=CARTESIAN_POINT('Ctrl Pts',(22.6627699210739,-22.662769667978,11.8890875947011));
#12582=CARTESIAN_POINT('Ctrl Pts',(22.662769794545,-22.6627697945026,11.8890874157653));
#12583=CARTESIAN_POINT('Ctrl Pts',(21.7438144779606,-23.5816944638561,10.5895100147016));
#12584=CARTESIAN_POINT('Ctrl Pts',(20.7684320025004,-24.4441858171727,9.28993696740819));
#12585=CARTESIAN_POINT('Ctrl Pts',(19.7438447124896,-25.2438443396833,8.00000038282312));
#12586=CARTESIAN_POINT('Ctrl Pts',(25.3256885247091,-18.7312439722892,8.00000011920929));
#12587=CARTESIAN_POINT('Ctrl Pts',(24.3984432486403,-19.984931398627,9.54487253856001));
#12588=CARTESIAN_POINT('Ctrl Pts',(23.3775004501116,-21.1702267647315,11.1062382231446));
#12589=CARTESIAN_POINT('Ctrl Pts',(22.273863606462,-22.2738636082905,12.6668974663455));
#12590=CARTESIAN_POINT('Ctrl Pts',(25.3862030258028,-18.9546946450554,7.85725033621652));
#12591=CARTESIAN_POINT('Ctrl Pts',(24.4507945574123,-20.2085734259281,9.4071236069141));
#12592=CARTESIAN_POINT('Ctrl Pts',(23.4218398380945,-21.3931803748847,10.9732278847656));
#12593=CARTESIAN_POINT('Ctrl Pts',(22.3104665121746,-22.4953916284033,12.5383892523105));
#12594=CARTESIAN_POINT('Ctrl Pts',(25.4467175268966,-19.1781453178216,7.71450055322375));
#12595=CARTESIAN_POINT('Ctrl Pts',(24.5031458661843,-20.4322154532291,9.26937467526819));
#12596=CARTESIAN_POINT('Ctrl Pts',(23.4661792260773,-21.6161339850379,10.8402175463866));
#12597=CARTESIAN_POINT('Ctrl Pts',(22.3470694178872,-22.7169196485161,12.4098810382755));
#12598=CARTESIAN_POINT('Ctrl Pts',(25.5072320279904,-19.4015959905878,7.57175077023098));
#12599=CARTESIAN_POINT('Ctrl Pts',(24.5554971749564,-20.6558574805301,9.13162574362228));
#12600=CARTESIAN_POINT('Ctrl Pts',(23.5105186140601,-21.8390875951911,10.7072072080075));
#12601=CARTESIAN_POINT('Ctrl Pts',(22.3836723235999,-22.9384476686289,12.2813728242405));
#12602=CARTESIAN_POINT('',(25.2438475525199,-19.7438475468145,8.00000011517492));
#12603=CARTESIAN_POINT('Ctrl Pts',(25.3256885247091,-18.7312439722892,8.00000011920929));
#12604=CARTESIAN_POINT('Ctrl Pts',(25.3131400187464,-18.9004320697796,8.00000011920929));
#12605=CARTESIAN_POINT('Ctrl Pts',(25.3000281729282,-19.0695796769234,8.00000015261285));
#12606=CARTESIAN_POINT('Ctrl Pts',(25.2863570896812,-19.238680337461,8.00000020912853));
#12607=CARTESIAN_POINT('Ctrl Pts',(25.2727399043435,-19.4071143228047,8.0000002654214));
#12608=CARTESIAN_POINT('Ctrl Pts',(25.2585676406635,-19.5755047306148,8.0000003407773));
#12609=CARTESIAN_POINT('Ctrl Pts',(25.2438443077185,-19.7438447530425,8.00000043444994));
#12610=CARTESIAN_POINT('Ctrl Pts',(25.2438443421654,-19.7438447093093,8.0000003788192));
#12611=CARTESIAN_POINT('Ctrl Pts',(24.4441858189574,-20.768432000482,9.28993696471897));
#12612=CARTESIAN_POINT('Ctrl Pts',(23.5816944648069,-21.7438144770098,10.589510013357));
#12613=CARTESIAN_POINT('Ctrl Pts',(22.6627697945026,-22.662769794545,11.8890874157653));
#12614=CARTESIAN_POINT('Ctrl Pts',(22.273863606462,-22.2738636082905,3.33310277207311));
#12615=CARTESIAN_POINT('Ctrl Pts',(23.3775004501116,-21.1702267647315,4.89376201527395));
#12616=CARTESIAN_POINT('Ctrl Pts',(24.3984432486403,-19.984931398627,6.45512769985856));
#12617=CARTESIAN_POINT('Ctrl Pts',(25.3256885247091,-18.7312439722892,8.00000011920929));
#12618=CARTESIAN_POINT('Ctrl Pts',(22.3104665121746,-22.4953916284033,3.46161098610811));
#12619=CARTESIAN_POINT('Ctrl Pts',(23.4218398380944,-21.3931803748847,5.02677235365298));
#12620=CARTESIAN_POINT('Ctrl Pts',(24.4507945574123,-20.2085734259281,6.59287663150448));
#12621=CARTESIAN_POINT('Ctrl Pts',(25.3862030258028,-18.9546946450554,8.14274990220206));
#12622=CARTESIAN_POINT('Ctrl Pts',(22.3470694178872,-22.7169196485161,3.59011920014311));
#12623=CARTESIAN_POINT('Ctrl Pts',(23.4661792260773,-21.6161339850379,5.15978269203203));
#12624=CARTESIAN_POINT('Ctrl Pts',(24.5031458661843,-20.4322154532291,6.73062556315039));
#12625=CARTESIAN_POINT('Ctrl Pts',(25.4467175268966,-19.1781453178216,8.28549968519483));
#12626=CARTESIAN_POINT('Ctrl Pts',(22.3836723235999,-22.9384476686289,3.71862741417811));
#12627=CARTESIAN_POINT('Ctrl Pts',(23.5105186140601,-21.8390875951911,5.29279303041106));
#12628=CARTESIAN_POINT('Ctrl Pts',(24.5554971749564,-20.6558574805301,6.8683744947963));
#12629=CARTESIAN_POINT('Ctrl Pts',(25.5072320279904,-19.4015959905878,8.4282494681876));
#12630=CARTESIAN_POINT('Ctrl Pts',(22.6627697945026,-22.662769794545,4.11091282265329));
#12631=CARTESIAN_POINT('Ctrl Pts',(23.5816944638561,-21.7438144779606,5.41049022371699));
#12632=CARTESIAN_POINT('Ctrl Pts',(24.4441858171726,-20.7684320025004,6.71006327101038));
#12633=CARTESIAN_POINT('Ctrl Pts',(25.2438443396833,-19.7438447124896,7.99999985559545));
#12634=CARTESIAN_POINT('Origin',(22.2738636073762,-22.2738636073762,4.11091282268328));
#12635=CARTESIAN_POINT('',(22.2738636073762,-22.2738636073762,4.11091282268328));
#12636=CARTESIAN_POINT('',(2.75,2.75,8.00000011920929));
#12637=CARTESIAN_POINT('Origin',(19.3534499569637,-24.8534499569637,8.00000011920929));
#12638=CARTESIAN_POINT('',(-2.75,-2.75,8.00000011920929));
#12639=CARTESIAN_POINT('Ctrl Pts',(26.9971343361182,-16.2297485389512,8.00000011920929));
#12640=CARTESIAN_POINT('Ctrl Pts',(27.8005490845882,-14.8933201993495,6.45512769985856));
#12641=CARTESIAN_POINT('Ctrl Pts',(28.5049213189232,-13.4964991448568,4.89376201527395));
#12642=CARTESIAN_POINT('Ctrl Pts',(29.1022052746003,-12.0545281183058,3.33310277207311));
#12643=CARTESIAN_POINT('Ctrl Pts',(27.2267337361992,-16.2001457775134,8.14274990220206));
#12644=CARTESIAN_POINT('Ctrl Pts',(28.0272013547506,-14.8561024033955,6.59287663150448));
#12645=CARTESIAN_POINT('Ctrl Pts',(28.7278715452255,-13.4521427451066,5.02677235365299));
#12646=CARTESIAN_POINT('Ctrl Pts',(29.3208778038529,-12.0035696906223,3.46161098610812));
#12647=CARTESIAN_POINT('Ctrl Pts',(27.4563331362802,-16.1705430160756,8.28549968519483));
#12648=CARTESIAN_POINT('Ctrl Pts',(28.2538536249131,-14.8188846074415,6.73062556315039));
#12649=CARTESIAN_POINT('Ctrl Pts',(28.9508217715278,-13.4077863453564,5.15978269203203));
#12650=CARTESIAN_POINT('Ctrl Pts',(29.5395503331055,-11.9526112629388,3.59011920014312));
#12651=CARTESIAN_POINT('Ctrl Pts',(27.6859325363612,-16.1409402546378,8.4282494681876));
#12652=CARTESIAN_POINT('Ctrl Pts',(28.4805058950755,-14.7816668114875,6.8683744947963));
#12653=CARTESIAN_POINT('Ctrl Pts',(29.1737719978301,-13.3634299456062,5.29279303041107));
#12654=CARTESIAN_POINT('Ctrl Pts',(29.7582228623582,-11.9016528352554,3.71862741417812));
#12655=CARTESIAN_POINT('',(27.9013388690245,-15.7666307283003,8.00000012324366));
#12656=CARTESIAN_POINT('Ctrl Pts',(26.9971343361182,-16.2297485389512,8.00000011920929));
#12657=CARTESIAN_POINT('Ctrl Pts',(27.1487540854188,-16.1533530979279,8.00000011920929));
#12658=CARTESIAN_POINT('Ctrl Pts',(27.3001204710668,-16.0764519434744,8.00000008575635));
#12659=CARTESIAN_POINT('Ctrl Pts',(27.4512290884444,-15.9990513503303,8.00000002916418));
#12660=CARTESIAN_POINT('Ctrl Pts',(27.6015178360142,-15.9220707094731,7.99999997287907));
#12661=CARTESIAN_POINT('Ctrl Pts',(27.7515542763944,-15.8445946710689,7.99999989757207));
#12662=CARTESIAN_POINT('Ctrl Pts',(27.901335046184,-15.7666287996249,7.99999980396864));
#12663=CARTESIAN_POINT('',(29.6103390169867,-12.2650040073011,4.11091282268328));
#12664=CARTESIAN_POINT('Ctrl Pts',(27.901335018962,-15.7666288481857,7.99999985959938));
#12665=CARTESIAN_POINT('Ctrl Pts',(28.5419141781664,-14.635748124252,6.71006327369961));
#12666=CARTESIAN_POINT('Ctrl Pts',(29.1129889328091,-13.4656473011979,5.41049022506162));
#12667=CARTESIAN_POINT('Ctrl Pts',(29.6103356950553,-12.2650026312796,4.11091282265331));
#12668=CARTESIAN_POINT('Ctrl Pts',(29.6103357635338,-12.2650024659656,4.11091264371744));
#12669=CARTESIAN_POINT('Ctrl Pts',(29.5253106052748,-12.2297839326721,3.98132724661034));
#12670=CARTESIAN_POINT('Ctrl Pts',(29.440410049532,-12.194617017505,3.85165048248365));
#12671=CARTESIAN_POINT('Ctrl Pts',(29.3556310265898,-12.1595004349029,3.72187655641732));
#12672=CARTESIAN_POINT('Ctrl Pts',(29.2710322701944,-12.1244585210675,3.59237857004346));
#12673=CARTESIAN_POINT('Ctrl Pts',(29.1865579990806,-12.0894681622081,3.46278914258329));
#12674=CARTESIAN_POINT('Ctrl Pts',(29.1022052741055,-12.0545281195003,3.33310277336598));
#12675=CARTESIAN_POINT('Ctrl Pts',(29.1022052746003,-12.0545281183058,12.6668974663455));
#12676=CARTESIAN_POINT('Ctrl Pts',(28.5049213189232,-13.4964991448568,11.1062382231446));
#12677=CARTESIAN_POINT('Ctrl Pts',(27.8005490845882,-14.8933201993495,9.54487253856002));
#12678=CARTESIAN_POINT('Ctrl Pts',(26.9971343361182,-16.2297485389512,8.00000011920929));
#12679=CARTESIAN_POINT('Ctrl Pts',(29.3208778038529,-12.0035696906223,12.5383892523105));
#12680=CARTESIAN_POINT('Ctrl Pts',(28.7278715452255,-13.4521427451066,10.9732278847656));
#12681=CARTESIAN_POINT('Ctrl Pts',(28.0272013547506,-14.8561024033955,9.4071236069141));
#12682=CARTESIAN_POINT('Ctrl Pts',(27.2267337361992,-16.2001457775134,7.85725033621652));
#12683=CARTESIAN_POINT('Ctrl Pts',(29.5395503331056,-11.9526112629388,12.4098810382755));
#12684=CARTESIAN_POINT('Ctrl Pts',(28.9508217715278,-13.4077863453564,10.8402175463866));
#12685=CARTESIAN_POINT('Ctrl Pts',(28.2538536249131,-14.8188846074415,9.26937467526819));
#12686=CARTESIAN_POINT('Ctrl Pts',(27.4563331362802,-16.1705430160756,7.71450055322375));
#12687=CARTESIAN_POINT('Ctrl Pts',(29.7582228623582,-11.9016528352554,12.2813728242405));
#12688=CARTESIAN_POINT('Ctrl Pts',(29.1737719978301,-13.3634299456062,10.7072072080075));
#12689=CARTESIAN_POINT('Ctrl Pts',(28.4805058950755,-14.7816668114875,9.13162574362228));
#12690=CARTESIAN_POINT('Ctrl Pts',(27.6859325363612,-16.1409402546378,7.57175077023098));
#12691=CARTESIAN_POINT('',(29.6103390169867,-12.2650040073011,11.8890874157353));
#12692=CARTESIAN_POINT('Ctrl Pts',(29.1022052741055,-12.0545281195003,12.6668974650526));
#12693=CARTESIAN_POINT('Ctrl Pts',(29.1866126553824,-12.0894908015896,12.5371270656237));
#12694=CARTESIAN_POINT('Ctrl Pts',(29.2711417392386,-12.1245038645923,12.4074537353467));
#12695=CARTESIAN_POINT('Ctrl Pts',(29.3557954704745,-12.1595685497155,12.2778719629122));
#12696=CARTESIAN_POINT('Ctrl Pts',(29.4405198369334,-12.1946624928741,12.1481820672176));
#12697=CARTESIAN_POINT('Ctrl Pts',(29.5253655798136,-12.2298067038456,12.018589206049));
#12698=CARTESIAN_POINT('Ctrl Pts',(29.6103357635338,-12.2650024659656,11.8890875947011));
#12699=CARTESIAN_POINT('Ctrl Pts',(29.6103356950553,-12.2650026312796,11.8890874157653));
#12700=CARTESIAN_POINT('Ctrl Pts',(29.1129889333237,-13.4656472999557,10.5895100147016));
#12701=CARTESIAN_POINT('Ctrl Pts',(28.5419141793482,-14.6357481218307,9.2899369674082));
#12702=CARTESIAN_POINT('Ctrl Pts',(27.9013350209504,-15.7666288446755,8.00000038282313));
#12703=CARTESIAN_POINT('Ctrl Pts',(30.5660220105182,-7.61369151282853,8.00000011920928));
#12704=CARTESIAN_POINT('Ctrl Pts',(30.1891244857644,-9.12678907107914,9.54487253856001));
#12705=CARTESIAN_POINT('Ctrl Pts',(29.6994892294062,-10.6125570941929,11.1062382231446));
#12706=CARTESIAN_POINT('Ctrl Pts',(29.1022052736107,-12.0545281206949,12.6668974663455));
#12707=CARTESIAN_POINT('Ctrl Pts',(30.7074409899173,-7.7969751189367,7.85725033621652));
#12708=CARTESIAN_POINT('Ctrl Pts',(30.3230748870677,-9.31337338418223,9.4071236069141));
#12709=CARTESIAN_POINT('Ctrl Pts',(29.8257741352393,-10.8015714221307,10.9732278847656));
#12710=CARTESIAN_POINT('Ctrl Pts',(29.2207970521309,-12.2451859987622,12.5383892523105));
#12711=CARTESIAN_POINT('Ctrl Pts',(30.8488599693164,-7.98025872504486,7.71450055322376));
#12712=CARTESIAN_POINT('Ctrl Pts',(30.457025288371,-9.49995769728532,9.2693746752682));
#12713=CARTESIAN_POINT('Ctrl Pts',(29.9520590410723,-10.9905857500686,10.8402175463866));
#12714=CARTESIAN_POINT('Ctrl Pts',(29.339388830651,-12.4358438768295,12.4098810382755));
#12715=CARTESIAN_POINT('Ctrl Pts',(30.9902789487156,-8.16354233115303,7.57175077023099));
#12716=CARTESIAN_POINT('Ctrl Pts',(30.5909756896743,-9.6865420103884,9.13162574362229));
#12717=CARTESIAN_POINT('Ctrl Pts',(30.0783439469053,-11.1796000780064,10.7072072080075));
#12718=CARTESIAN_POINT('Ctrl Pts',(29.4579806091712,-12.6265017548969,12.2813728242405));
#12719=CARTESIAN_POINT('',(30.8779174229163,-8.58053441402567,8.00000011517491));
#12720=CARTESIAN_POINT('Ctrl Pts',(30.5660220105182,-7.61369151282853,8.00000011920928));
#12721=CARTESIAN_POINT('Ctrl Pts',(30.619171331287,-7.77479438992005,8.00000011920928));
#12722=CARTESIAN_POINT('Ctrl Pts',(30.6717847564227,-7.93607542043289,8.00000015260928));
#12723=CARTESIAN_POINT('Ctrl Pts',(30.7238636051569,-8.09752707083555,8.00000020911943));
#12724=CARTESIAN_POINT('Ctrl Pts',(30.7757425566078,-8.25835901194945,8.00000026541268));
#12725=CARTESIAN_POINT('Ctrl Pts',(30.8270919505537,-8.4193631246378,8.00000034699358));
#12726=CARTESIAN_POINT('Ctrl Pts',(30.8779133527362,-8.58053307567168,8.0000004406534));
#12727=CARTESIAN_POINT('Ctrl Pts',(30.8779133710693,-8.58053302106219,8.00000037881919));
#12728=CARTESIAN_POINT('Ctrl Pts',(30.5312178098228,-9.83314431702906,9.28993696471897));
#12729=CARTESIAN_POINT('Ctrl Pts',(30.1076424147416,-11.0643413752549,10.589510013357));
#12730=CARTESIAN_POINT('Ctrl Pts',(29.6103356950323,-12.265002631335,11.8890874157653));
#12731=CARTESIAN_POINT('Ctrl Pts',(29.1022052736107,-12.0545281206949,3.33310277207312));
#12732=CARTESIAN_POINT('Ctrl Pts',(29.6994892294062,-10.6125570941929,4.89376201527396));
#12733=CARTESIAN_POINT('Ctrl Pts',(30.1891244857644,-9.12678907107915,6.45512769985856));
#12734=CARTESIAN_POINT('Ctrl Pts',(30.5660220105182,-7.61369151282854,8.00000011920929));
#12735=CARTESIAN_POINT('Ctrl Pts',(29.2207970521309,-12.2451859987622,3.46161098610811));
#12736=CARTESIAN_POINT('Ctrl Pts',(29.8257741352393,-10.8015714221307,5.02677235365299));
#12737=CARTESIAN_POINT('Ctrl Pts',(30.3230748870677,-9.31337338418223,6.59287663150447));
#12738=CARTESIAN_POINT('Ctrl Pts',(30.7074409899173,-7.7969751189367,8.14274990220206));
#12739=CARTESIAN_POINT('Ctrl Pts',(29.339388830651,-12.4358438768295,3.59011920014311));
#12740=CARTESIAN_POINT('Ctrl Pts',(29.9520590410723,-10.9905857500686,5.15978269203202));
#12741=CARTESIAN_POINT('Ctrl Pts',(30.457025288371,-9.49995769728532,6.73062556315038));
#12742=CARTESIAN_POINT('Ctrl Pts',(30.8488599693164,-7.98025872504486,8.28549968519482));
#12743=CARTESIAN_POINT('Ctrl Pts',(29.4579806091712,-12.6265017548969,3.71862741417811));
#12744=CARTESIAN_POINT('Ctrl Pts',(30.0783439469053,-11.1796000780064,5.29279303041105));
#12745=CARTESIAN_POINT('Ctrl Pts',(30.5909756896743,-9.6865420103884,6.86837449479629));
#12746=CARTESIAN_POINT('Ctrl Pts',(30.9902789487156,-8.16354233115303,8.42824946818759));
#12747=CARTESIAN_POINT('Ctrl Pts',(29.6103356950323,-12.265002631335,4.1109128226533));
#12748=CARTESIAN_POINT('Ctrl Pts',(30.1076424142271,-11.0643413764971,5.41049022371699));
#12749=CARTESIAN_POINT('Ctrl Pts',(30.5312178089463,-9.8331443195768,6.71006327101037));
#12750=CARTESIAN_POINT('Ctrl Pts',(30.8779133699932,-8.58053302495028,7.99999985559544));
#12751=CARTESIAN_POINT('Origin',(29.1022052741055,-12.0545281195003,4.11091282268328));
#12752=CARTESIAN_POINT('',(29.1022052741055,-12.0545281195003,4.11091282268328));
#12753=CARTESIAN_POINT('',(1.48828927540204,3.59304815341004,8.00000011920929));
#12754=CARTESIAN_POINT('Origin',(27.3912598343651,-15.5553490698954,8.00000011920929));
#12755=CARTESIAN_POINT('',(-1.48828927540204,-3.59304815341003,8.00000011920929));
#12756=CARTESIAN_POINT('Ctrl Pts',(31.5,1.29296795492451E-9,12.6668974663455));
#12757=CARTESIAN_POINT('Ctrl Pts',(31.5000000000641,-1.56077819086694,11.1062382231446));
#12758=CARTESIAN_POINT('Ctrl Pts',(31.3837851850258,-3.12082415799158,9.54487253856001));
#12759=CARTESIAN_POINT('Ctrl Pts',(31.1529557269054,-4.66297646117481,8.00000011920928));
#12760=CARTESIAN_POINT('Ctrl Pts',(31.6825261280851,0.130761803697038,12.5383892523105));
#12761=CARTESIAN_POINT('Ctrl Pts',(31.6890046916097,-1.43447886315388,10.9732278847656));
#12762=CARTESIAN_POINT('Ctrl Pts',(31.5789419445254,-2.99970332936539,9.4071236069141));
#12763=CARTESIAN_POINT('Ctrl Pts',(31.3537494269626,-4.54776318928464,7.85725033621652));
#12764=CARTESIAN_POINT('Ctrl Pts',(31.8650522561702,0.261523606101108,12.4098810382755));
#12765=CARTESIAN_POINT('Ctrl Pts',(31.8780093831554,-1.30817953544083,10.8402175463866));
#12766=CARTESIAN_POINT('Ctrl Pts',(31.7740987040249,-2.8785825007392,9.26937467526819));
#12767=CARTESIAN_POINT('Ctrl Pts',(31.5545431270199,-4.43254991739448,7.71450055322375));
#12768=CARTESIAN_POINT('Ctrl Pts',(32.0475783842554,0.392285408505179,12.2813728242405));
#12769=CARTESIAN_POINT('Ctrl Pts',(32.0670140747011,-1.18188020772777,10.7072072080075));
#12770=CARTESIAN_POINT('Ctrl Pts',(31.9692554635245,-2.75746167211301,9.13162574362229));
#12771=CARTESIAN_POINT('Ctrl Pts',(31.7553368270771,-4.31733664550432,7.57175077023098));
#12772=CARTESIAN_POINT('',(32.05,-7.01522173685021E-16,11.8890874157353));
#12773=CARTESIAN_POINT('Ctrl Pts',(31.5,-2.17964113382381E-15,12.6668974650526));
#12774=CARTESIAN_POINT('Ctrl Pts',(31.5913648537855,6.92491224794022E-16,
12.5371228574846));
#12775=CARTESIAN_POINT('Ctrl Pts',(31.682861434516,2.76678710315401E-8,
12.4074453254506));
#12776=CARTESIAN_POINT('Ctrl Pts',(31.7744929381216,6.32020766971886E-8,
12.2778593571188));
#12777=CARTESIAN_POINT('Ctrl Pts',(31.8661949541642,9.87636268664605E-8,
12.148173669563));
#12778=CARTESIAN_POINT('Ctrl Pts',(31.9580283355841,1.41666141543918E-7,
12.0185850101548));
#12779=CARTESIAN_POINT('Ctrl Pts',(32.0499964043579,1.78965839509049E-7,
11.8890875947011));
#12780=CARTESIAN_POINT('',(31.8111042746922,-3.88908730056038,8.00000012324366));
#12781=CARTESIAN_POINT('Ctrl Pts',(32.0499964043549,2.99786862001383E-11,
11.8890874157653));
#12782=CARTESIAN_POINT('Ctrl Pts',(32.0499747334901,-1.29957740103371,10.5895100147016));
#12783=CARTESIAN_POINT('Ctrl Pts',(31.9701486554865,-2.5991504483271,9.2899369674082));
#12784=CARTESIAN_POINT('Ctrl Pts',(31.8110999987033,-3.88908703291217,8.00000038282313));
#12785=CARTESIAN_POINT('Ctrl Pts',(31.1529557269054,-4.66297646117481,8.00000011920928));
#12786=CARTESIAN_POINT('Ctrl Pts',(31.2638031682017,-4.53436888957575,8.00000011920928));
#12787=CARTESIAN_POINT('Ctrl Pts',(31.3742229705008,-4.40539102880313,8.00000015266483));
#12788=CARTESIAN_POINT('Ctrl Pts',(31.4842134655138,-4.27605036240425,8.00000020926103));
#12789=CARTESIAN_POINT('Ctrl Pts',(31.5935989542061,-4.1474211385775,8.00000026554591));
#12790=CARTESIAN_POINT('Ctrl Pts',(31.7025617924789,-4.01843080095618,8.00000034085076));
#12791=CARTESIAN_POINT('Ctrl Pts',(31.811100004776,-3.88908698163436,8.00000043444995));
#12792=CARTESIAN_POINT('Ctrl Pts',(31.1529557269054,4.66297646117481,8.00000011920928));
#12793=CARTESIAN_POINT('Ctrl Pts',(31.3837851850258,3.12082415799158,9.54487253856001));
#12794=CARTESIAN_POINT('Ctrl Pts',(31.5000000000641,1.56077819086694,11.1062382231446));
#12795=CARTESIAN_POINT('Ctrl Pts',(31.5,-1.29296517936694E-9,12.6668974663455));
#12796=CARTESIAN_POINT('Ctrl Pts',(31.3537494269626,4.54776318928465,7.85725033621652));
#12797=CARTESIAN_POINT('Ctrl Pts',(31.5789419445254,2.99970332936539,9.4071236069141));
#12798=CARTESIAN_POINT('Ctrl Pts',(31.6890046916097,1.43447886315389,10.9732278847656));
#12799=CARTESIAN_POINT('Ctrl Pts',(31.6825261280851,-0.130761803697035,
12.5383892523105));
#12800=CARTESIAN_POINT('Ctrl Pts',(31.5545431270199,4.43254991739448,7.71450055322375));
#12801=CARTESIAN_POINT('Ctrl Pts',(31.7740987040249,2.8785825007392,9.2693746752682));
#12802=CARTESIAN_POINT('Ctrl Pts',(31.8780093831554,1.30817953544083,10.8402175463866));
#12803=CARTESIAN_POINT('Ctrl Pts',(31.8650522561703,-0.261523606101105,
12.4098810382755));
#12804=CARTESIAN_POINT('Ctrl Pts',(31.7553368270771,4.31733664550432,7.57175077023098));
#12805=CARTESIAN_POINT('Ctrl Pts',(31.9692554635245,2.75746167211302,9.13162574362229));
#12806=CARTESIAN_POINT('Ctrl Pts',(32.0670140747011,1.18188020772777,10.7072072080075));
#12807=CARTESIAN_POINT('Ctrl Pts',(32.0475783842554,-0.392285408505175,
12.2813728242405));
#12808=CARTESIAN_POINT('',(31.8111042746921,3.88908730056038,8.00000011517492));
#12809=CARTESIAN_POINT('Ctrl Pts',(31.1529557269054,4.66297646117481,8.00000011920928));
#12810=CARTESIAN_POINT('Ctrl Pts',(31.2637076773019,4.53447968015955,8.00000011920928));
#12811=CARTESIAN_POINT('Ctrl Pts',(31.3740327243182,4.40561324866325,8.00000015260746));
#12812=CARTESIAN_POINT('Ctrl Pts',(31.4839292039434,4.2763846310015,8.00000020911481));
#12813=CARTESIAN_POINT('Ctrl Pts',(31.5934101797428,4.14764460938227,8.0000002654085));
#12814=CARTESIAN_POINT('Ctrl Pts',(31.7024677731508,4.01854284277747,8.00000034076969));
#12815=CARTESIAN_POINT('Ctrl Pts',(31.811100004776,3.88908698163437,8.00000043444995));
#12816=CARTESIAN_POINT('Ctrl Pts',(31.8110999982096,3.88908703691611,8.00000037881919));
#12817=CARTESIAN_POINT('Ctrl Pts',(31.9701486553213,2.59915045101634,9.28993696471896));
#12818=CARTESIAN_POINT('Ctrl Pts',(32.0499747334901,1.29957740237834,10.589510013357));
#12819=CARTESIAN_POINT('Ctrl Pts',(32.0499964043549,-2.99753694088523E-11,
11.8890874157653));
#12820=CARTESIAN_POINT('Ctrl Pts',(31.1529557269054,-4.66297646117481,8.00000011920929));
#12821=CARTESIAN_POINT('Ctrl Pts',(31.3837851850258,-3.12082415799158,6.45512769985856));
#12822=CARTESIAN_POINT('Ctrl Pts',(31.5000000000641,-1.56077819086694,4.89376201527396));
#12823=CARTESIAN_POINT('Ctrl Pts',(31.5,1.29296184869787E-9,3.33310277207311));
#12824=CARTESIAN_POINT('Ctrl Pts',(31.3537494269626,-4.54776318928464,8.14274990220206));
#12825=CARTESIAN_POINT('Ctrl Pts',(31.5789419445254,-2.99970332936539,6.59287663150448));
#12826=CARTESIAN_POINT('Ctrl Pts',(31.6890046916097,-1.43447886315389,5.02677235365299));
#12827=CARTESIAN_POINT('Ctrl Pts',(31.6825261280851,0.130761803697031,3.46161098610811));
#12828=CARTESIAN_POINT('Ctrl Pts',(31.5545431270198,-4.43254991739448,8.28549968519483));
#12829=CARTESIAN_POINT('Ctrl Pts',(31.7740987040249,-2.8785825007392,6.73062556315038));
#12830=CARTESIAN_POINT('Ctrl Pts',(31.8780093831554,-1.30817953544083,5.15978269203202));
#12831=CARTESIAN_POINT('Ctrl Pts',(31.8650522561702,0.261523606101101,3.59011920014311));
#12832=CARTESIAN_POINT('Ctrl Pts',(31.7553368270771,-4.31733664550432,8.4282494681876));
#12833=CARTESIAN_POINT('Ctrl Pts',(31.9692554635245,-2.75746167211302,6.8683744947963));
#12834=CARTESIAN_POINT('Ctrl Pts',(32.0670140747011,-1.18188020772777,5.29279303041105));
#12835=CARTESIAN_POINT('Ctrl Pts',(32.0475783842554,0.392285408505171,3.71862741417811));
#12836=CARTESIAN_POINT('',(32.05,-2.22807883254461E-15,4.11091282268328));
#12837=CARTESIAN_POINT('Ctrl Pts',(31.8110999982096,-3.88908703691611,7.99999985959939));
#12838=CARTESIAN_POINT('Ctrl Pts',(31.9701486553213,-2.59915045101634,6.71006327369962));
#12839=CARTESIAN_POINT('Ctrl Pts',(32.0499747334901,-1.29957740237834,5.41049022506162));
#12840=CARTESIAN_POINT('Ctrl Pts',(32.0499964043549,2.99709562723294E-11,
4.11091282265331));
#12841=CARTESIAN_POINT('Ctrl Pts',(32.0499964043579,1.78965839786605E-7,
4.11091264371744));
#12842=CARTESIAN_POINT('Ctrl Pts',(31.957962793636,1.41639557240981E-7,
3.98132294065798));
#12843=CARTESIAN_POINT('Ctrl Pts',(31.866064063023,9.87009842879538E-8,
3.85164186454815));
#12844=CARTESIAN_POINT('Ctrl Pts',(31.7742968842171,6.31260603511929E-8,
3.7218636199481));
#12845=CARTESIAN_POINT('Ctrl Pts',(31.6827309229163,2.76291362935359E-8,
3.59236993955652));
#12846=CARTESIAN_POINT('Ctrl Pts',(31.5912996912338,-7.95607312017968E-16,
3.46278482406743));
#12847=CARTESIAN_POINT('Ctrl Pts',(31.5,-3.88578058618805E-15,3.33310277336598));
#12848=CARTESIAN_POINT('Ctrl Pts',(31.5,-1.29296628958997E-9,3.33310277207311));
#12849=CARTESIAN_POINT('Ctrl Pts',(31.5000000000641,1.56077819086694,4.89376201527395));
#12850=CARTESIAN_POINT('Ctrl Pts',(31.3837851850258,3.12082415799158,6.45512769985856));
#12851=CARTESIAN_POINT('Ctrl Pts',(31.1529557269054,4.66297646117481,8.00000011920929));
#12852=CARTESIAN_POINT('Ctrl Pts',(31.6825261280851,-0.130761803697037,
3.46161098610811));
#12853=CARTESIAN_POINT('Ctrl Pts',(31.6890046916097,1.43447886315388,5.02677235365298));
#12854=CARTESIAN_POINT('Ctrl Pts',(31.5789419445254,2.99970332936539,6.59287663150447));
#12855=CARTESIAN_POINT('Ctrl Pts',(31.3537494269626,4.54776318928464,8.14274990220206));
#12856=CARTESIAN_POINT('Ctrl Pts',(31.8650522561702,-0.261523606101107,
3.5901192001431));
#12857=CARTESIAN_POINT('Ctrl Pts',(31.8780093831554,1.30817953544083,5.15978269203202));
#12858=CARTESIAN_POINT('Ctrl Pts',(31.7740987040249,2.8785825007392,6.73062556315038));
#12859=CARTESIAN_POINT('Ctrl Pts',(31.5545431270199,4.43254991739448,8.28549968519483));
#12860=CARTESIAN_POINT('Ctrl Pts',(32.0475783842554,-0.392285408505177,
3.7186274141781));
#12861=CARTESIAN_POINT('Ctrl Pts',(32.0670140747011,1.18188020772777,5.29279303041105));
#12862=CARTESIAN_POINT('Ctrl Pts',(31.9692554635245,2.75746167211301,6.86837449479629));
#12863=CARTESIAN_POINT('Ctrl Pts',(31.7553368270771,4.31733664550432,8.42824946818759));
#12864=CARTESIAN_POINT('Ctrl Pts',(32.0499964043549,-2.99846952822591E-11,
4.11091282265329));
#12865=CARTESIAN_POINT('Ctrl Pts',(32.0499747334901,1.29957740103371,5.41049022371699));
#12866=CARTESIAN_POINT('Ctrl Pts',(31.9701486554865,2.5991504483271,6.71006327101038));
#12867=CARTESIAN_POINT('Ctrl Pts',(31.8110999987033,3.88908703291217,7.99999985559545));
#12868=CARTESIAN_POINT('Origin',(31.2589987043731,-3.88908729652601,8.00000011920929));
#12869=CARTESIAN_POINT('',(-2.77555756156289E-16,-3.88908729652601,8.00000011920929));
#12870=CARTESIAN_POINT('',(31.5,-2.22044604925031E-15,4.11091282268328));
#12871=CARTESIAN_POINT('Origin',(31.5,0.,11.8890874157353));
#12872=CARTESIAN_POINT('',(31.5,0.,11.8890874157353));
#12873=CARTESIAN_POINT('Ctrl Pts',(29.1022052736107,12.0545281206949,12.6668974663455));
#12874=CARTESIAN_POINT('Ctrl Pts',(29.6994892294063,10.6125570941929,11.1062382231446));
#12875=CARTESIAN_POINT('Ctrl Pts',(30.1891244857644,9.12678907107914,9.54487253856002));
#12876=CARTESIAN_POINT('Ctrl Pts',(30.5660220105182,7.61369151282854,8.00000011920929));
#12877=CARTESIAN_POINT('Ctrl Pts',(29.2207970521309,12.2451859987622,12.5383892523105));
#12878=CARTESIAN_POINT('Ctrl Pts',(29.8257741352393,10.8015714221307,10.9732278847656));
#12879=CARTESIAN_POINT('Ctrl Pts',(30.3230748870677,9.31337338418222,9.40712360691411));
#12880=CARTESIAN_POINT('Ctrl Pts',(30.7074409899173,7.7969751189367,7.85725033621652));
#12881=CARTESIAN_POINT('Ctrl Pts',(29.339388830651,12.4358438768295,12.4098810382755));
#12882=CARTESIAN_POINT('Ctrl Pts',(29.9520590410723,10.9905857500686,10.8402175463866));
#12883=CARTESIAN_POINT('Ctrl Pts',(30.457025288371,9.49995769728531,9.2693746752682));
#12884=CARTESIAN_POINT('Ctrl Pts',(30.8488599693165,7.98025872504486,7.71450055322376));
#12885=CARTESIAN_POINT('Ctrl Pts',(29.4579806091712,12.6265017548969,12.2813728242405));
#12886=CARTESIAN_POINT('Ctrl Pts',(30.0783439469053,11.1796000780064,10.7072072080075));
#12887=CARTESIAN_POINT('Ctrl Pts',(30.5909756896743,9.6865420103884,9.13162574362229));
#12888=CARTESIAN_POINT('Ctrl Pts',(30.9902789487156,8.16354233115302,7.57175077023099));
#12889=CARTESIAN_POINT('',(29.6103390169867,12.2650040073011,11.8890874157353));
#12890=CARTESIAN_POINT('Ctrl Pts',(29.1022052741055,12.0545281195003,12.6668974650526));
#12891=CARTESIAN_POINT('Ctrl Pts',(29.1865579989522,12.0894681621549,12.5372110960328));
#12892=CARTESIAN_POINT('Ctrl Pts',(29.2710322487893,12.1244585720163,12.4076216687697));
#12893=CARTESIAN_POINT('Ctrl Pts',(29.3556309778801,12.1595005513887,12.2781236826018));
#12894=CARTESIAN_POINT('Ctrl Pts',(29.4404099737243,12.1946171997771,12.1483497563365));
#12895=CARTESIAN_POINT('Ctrl Pts',(29.5253104967345,12.229784194335,12.0186729920112));
#12896=CARTESIAN_POINT('Ctrl Pts',(29.6103356265593,12.2650027966513,11.8890875947011));
#12897=CARTESIAN_POINT('',(30.8779174229163,8.58053441402568,8.00000012324366));
#12898=CARTESIAN_POINT('Ctrl Pts',(29.6103356950324,12.265002631335,11.8890874157653));
#12899=CARTESIAN_POINT('Ctrl Pts',(30.1076424142271,11.0643413764971,10.5895100147016));
#12900=CARTESIAN_POINT('Ctrl Pts',(30.5312178089463,9.8331443195768,9.2899369674082));
#12901=CARTESIAN_POINT('Ctrl Pts',(30.8779133699932,8.58053302495028,8.00000038282313));
#12902=CARTESIAN_POINT('Ctrl Pts',(30.5660220105182,7.61369151282854,8.00000011920929));
#12903=CARTESIAN_POINT('Ctrl Pts',(30.6192143010607,7.77492463719433,8.00000011920929));
#12904=CARTESIAN_POINT('Ctrl Pts',(30.6718698294933,7.93633620432616,8.00000015266307));
#12905=CARTESIAN_POINT('Ctrl Pts',(30.7239899182428,8.09791866249585,8.00000020925654));
#12906=CARTESIAN_POINT('Ctrl Pts',(30.7758260640816,8.25862084216673,8.0000002655417));
#12907=CARTESIAN_POINT('Ctrl Pts',(30.8271335114581,8.41949491545361,8.00000034084827));
#12908=CARTESIAN_POINT('Ctrl Pts',(30.8779133559804,8.5805330746487,8.00000043444994));
#12909=CARTESIAN_POINT('Ctrl Pts',(26.9971343361182,16.2297485389512,8.00000011920928));
#12910=CARTESIAN_POINT('Ctrl Pts',(27.8005490845882,14.8933201993495,9.54487253856001));
#12911=CARTESIAN_POINT('Ctrl Pts',(28.5049213189232,13.4964991448568,11.1062382231446));
#12912=CARTESIAN_POINT('Ctrl Pts',(29.1022052746003,12.0545281183058,12.6668974663455));
#12913=CARTESIAN_POINT('Ctrl Pts',(27.2267337361992,16.2001457775134,7.85725033621651));
#12914=CARTESIAN_POINT('Ctrl Pts',(28.0272013547506,14.8561024033955,9.40712360691409));
#12915=CARTESIAN_POINT('Ctrl Pts',(28.7278715452255,13.4521427451066,10.9732278847656));
#12916=CARTESIAN_POINT('Ctrl Pts',(29.3208778038529,12.0035696906223,12.5383892523105));
#12917=CARTESIAN_POINT('Ctrl Pts',(27.4563331362802,16.1705430160756,7.71450055322373));
#12918=CARTESIAN_POINT('Ctrl Pts',(28.2538536249131,14.8188846074415,9.26937467526818));
#12919=CARTESIAN_POINT('Ctrl Pts',(28.9508217715278,13.4077863453564,10.8402175463865));
#12920=CARTESIAN_POINT('Ctrl Pts',(29.5395503331055,11.9526112629388,12.4098810382755));
#12921=CARTESIAN_POINT('Ctrl Pts',(27.6859325363612,16.1409402546378,7.57175077023096));
#12922=CARTESIAN_POINT('Ctrl Pts',(28.4805058950755,14.7816668114875,9.13162574362227));
#12923=CARTESIAN_POINT('Ctrl Pts',(29.1737719978301,13.3634299456062,10.7072072080075));
#12924=CARTESIAN_POINT('Ctrl Pts',(29.7582228623582,11.9016528352554,12.2813728242405));
#12925=CARTESIAN_POINT('',(27.9013388690245,15.7666307283003,8.00000011517492));
#12926=CARTESIAN_POINT('Ctrl Pts',(26.9971343361182,16.2297485389512,8.00000011920929));
#12927=CARTESIAN_POINT('Ctrl Pts',(27.1486354962344,16.1534128505201,8.00000011920929));
#12928=CARTESIAN_POINT('Ctrl Pts',(27.2998836878184,16.0765722399663,8.00000015261015));
#12929=CARTESIAN_POINT('Ctrl Pts',(27.4508745165254,15.999232967383,8.00000020912165));
#12930=CARTESIAN_POINT('Ctrl Pts',(27.6012818529651,15.9221925663795,8.00000026541477));
#12931=CARTESIAN_POINT('Ctrl Pts',(27.7514364859756,15.844655981064,8.00000034699481));
#12932=CARTESIAN_POINT('Ctrl Pts',(27.9013350446133,15.7666287966075,8.0000004406534));
#12933=CARTESIAN_POINT('Ctrl Pts',(27.901335018962,15.7666288481857,8.00000037881919));
#12934=CARTESIAN_POINT('Ctrl Pts',(28.5419141781664,14.635748124252,9.28993696471897));
#12935=CARTESIAN_POINT('Ctrl Pts',(29.1129889328091,13.4656473011979,10.589510013357));
#12936=CARTESIAN_POINT('Ctrl Pts',(29.6103356950553,12.2650026312796,11.8890874157653));
#12937=CARTESIAN_POINT('Ctrl Pts',(30.5660220105182,7.61369151282854,8.00000011920929));
#12938=CARTESIAN_POINT('Ctrl Pts',(30.1891244857644,9.12678907107914,6.45512769985856));
#12939=CARTESIAN_POINT('Ctrl Pts',(29.6994892294063,10.6125570941929,4.89376201527394));
#12940=CARTESIAN_POINT('Ctrl Pts',(29.1022052736107,12.0545281206949,3.33310277207311));
#12941=CARTESIAN_POINT('Ctrl Pts',(30.7074409899173,7.7969751189367,8.14274990220206));
#12942=CARTESIAN_POINT('Ctrl Pts',(30.3230748870677,9.31337338418222,6.59287663150447));
#12943=CARTESIAN_POINT('Ctrl Pts',(29.8257741352393,10.8015714221307,5.02677235365298));
#12944=CARTESIAN_POINT('Ctrl Pts',(29.2207970521309,12.2451859987622,3.46161098610811));
#12945=CARTESIAN_POINT('Ctrl Pts',(30.8488599693165,7.98025872504486,8.28549968519483));
#12946=CARTESIAN_POINT('Ctrl Pts',(30.457025288371,9.49995769728531,6.73062556315038));
#12947=CARTESIAN_POINT('Ctrl Pts',(29.9520590410723,10.9905857500686,5.15978269203202));
#12948=CARTESIAN_POINT('Ctrl Pts',(29.339388830651,12.4358438768295,3.59011920014311));
#12949=CARTESIAN_POINT('Ctrl Pts',(30.9902789487156,8.16354233115302,8.42824946818759));
#12950=CARTESIAN_POINT('Ctrl Pts',(30.5909756896743,9.6865420103884,6.86837449479629));
#12951=CARTESIAN_POINT('Ctrl Pts',(30.0783439469054,11.1796000780064,5.29279303041105));
#12952=CARTESIAN_POINT('Ctrl Pts',(29.4579806091712,12.6265017548969,3.71862741417811));
#12953=CARTESIAN_POINT('',(29.6103390169867,12.2650040073011,4.11091282268328));
#12954=CARTESIAN_POINT('Ctrl Pts',(30.8779133710693,8.5805330210622,7.99999985959938));
#12955=CARTESIAN_POINT('Ctrl Pts',(30.5312178098228,9.83314431702907,6.71006327369961));
#12956=CARTESIAN_POINT('Ctrl Pts',(30.1076424147416,11.0643413752549,5.41049022506161));
#12957=CARTESIAN_POINT('Ctrl Pts',(29.6103356950324,12.265002631335,4.11091282265329));
#12958=CARTESIAN_POINT('Ctrl Pts',(29.6103356265593,12.2650027966513,4.11091264371744));
#12959=CARTESIAN_POINT('Ctrl Pts',(29.5253654715088,12.2298069656582,3.98141103255372));
#12960=CARTESIAN_POINT('Ctrl Pts',(29.440519761597,12.1946626754645,3.85181817158558));
#12961=CARTESIAN_POINT('Ctrl Pts',(29.3557954224867,12.1595686666497,3.72212827609158));
#12962=CARTESIAN_POINT('Ctrl Pts',(29.2711417183218,12.1245039158193,3.59254650346741));
#12963=CARTESIAN_POINT('Ctrl Pts',(29.1866126555111,12.0894908016429,3.46287317299281));
#12964=CARTESIAN_POINT('Ctrl Pts',(29.1022052741055,12.0545281195003,3.33310277336598));
#12965=CARTESIAN_POINT('Ctrl Pts',(29.1022052746003,12.0545281183058,3.33310277207311));
#12966=CARTESIAN_POINT('Ctrl Pts',(28.5049213189232,13.4964991448568,4.89376201527395));
#12967=CARTESIAN_POINT('Ctrl Pts',(27.8005490845882,14.8933201993495,6.45512769985857));
#12968=CARTESIAN_POINT('Ctrl Pts',(26.9971343361182,16.2297485389512,8.00000011920929));
#12969=CARTESIAN_POINT('Ctrl Pts',(29.3208778038529,12.0035696906223,3.46161098610811));
#12970=CARTESIAN_POINT('Ctrl Pts',(28.7278715452255,13.4521427451066,5.02677235365299));
#12971=CARTESIAN_POINT('Ctrl Pts',(28.0272013547506,14.8561024033955,6.59287663150448));
#12972=CARTESIAN_POINT('Ctrl Pts',(27.2267337361992,16.2001457775134,8.14274990220207));
#12973=CARTESIAN_POINT('Ctrl Pts',(29.5395503331055,11.9526112629388,3.59011920014312));
#12974=CARTESIAN_POINT('Ctrl Pts',(28.9508217715278,13.4077863453564,5.15978269203203));
#12975=CARTESIAN_POINT('Ctrl Pts',(28.2538536249131,14.8188846074415,6.73062556315039));
#12976=CARTESIAN_POINT('Ctrl Pts',(27.4563331362802,16.1705430160756,8.28549968519484));
#12977=CARTESIAN_POINT('Ctrl Pts',(29.7582228623582,11.9016528352554,3.71862741417812));
#12978=CARTESIAN_POINT('Ctrl Pts',(29.1737719978301,13.3634299456062,5.29279303041107));
#12979=CARTESIAN_POINT('Ctrl Pts',(28.4805058950755,14.7816668114875,6.86837449479631));
#12980=CARTESIAN_POINT('Ctrl Pts',(27.6859325363612,16.1409402546378,8.42824946818761));
#12981=CARTESIAN_POINT('Ctrl Pts',(29.6103356950553,12.2650026312796,4.1109128226533));
#12982=CARTESIAN_POINT('Ctrl Pts',(29.1129889333237,13.4656472999557,5.410490223717));
#12983=CARTESIAN_POINT('Ctrl Pts',(28.5419141793481,14.6357481218307,6.71006327101039));
#12984=CARTESIAN_POINT('Ctrl Pts',(27.9013350209504,15.7666288446755,7.99999985559546));
#12985=CARTESIAN_POINT('Origin',(30.3678383851692,8.36925276307536,8.00000011920929));
#12986=CARTESIAN_POINT('',(1.48828927540204,-3.59304815341003,8.00000011920929));
#12987=CARTESIAN_POINT('',(29.1022052741055,12.0545281195003,4.11091282268328));
#12988=CARTESIAN_POINT('Origin',(29.1022052741055,12.0545281195003,11.8890874157353));
#12989=CARTESIAN_POINT('',(29.1022052741055,12.0545281195003,11.8890874157353));
#12990=CARTESIAN_POINT('Ctrl Pts',(22.273863606462,22.2738636082905,12.6668974663455));
#12991=CARTESIAN_POINT('Ctrl Pts',(23.3775004501116,21.1702267647315,11.1062382231446));
#12992=CARTESIAN_POINT('Ctrl Pts',(24.3984432486403,19.984931398627,9.54487253856001));
#12993=CARTESIAN_POINT('Ctrl Pts',(25.3256885247091,18.7312439722892,8.00000011920929));
#12994=CARTESIAN_POINT('Ctrl Pts',(22.3104665121746,22.4953916284033,12.5383892523105));
#12995=CARTESIAN_POINT('Ctrl Pts',(23.4218398380945,21.3931803748847,10.9732278847656));
#12996=CARTESIAN_POINT('Ctrl Pts',(24.4507945574123,20.2085734259281,9.40712360691409));
#12997=CARTESIAN_POINT('Ctrl Pts',(25.3862030258028,18.9546946450554,7.85725033621651));
#12998=CARTESIAN_POINT('Ctrl Pts',(22.3470694178872,22.7169196485161,12.4098810382755));
#12999=CARTESIAN_POINT('Ctrl Pts',(23.4661792260773,21.6161339850379,10.8402175463865));
#13000=CARTESIAN_POINT('Ctrl Pts',(24.5031458661844,20.4322154532291,9.26937467526818));
#13001=CARTESIAN_POINT('Ctrl Pts',(25.4467175268966,19.1781453178216,7.71450055322374));
#13002=CARTESIAN_POINT('Ctrl Pts',(22.3836723235999,22.9384476686289,12.2813728242404));
#13003=CARTESIAN_POINT('Ctrl Pts',(23.5105186140601,21.8390875951911,10.7072072080075));
#13004=CARTESIAN_POINT('Ctrl Pts',(24.5554971749564,20.6558574805301,9.13162574362227));
#13005=CARTESIAN_POINT('Ctrl Pts',(25.5072320279904,19.4015959905878,7.57175077023097));
#13006=CARTESIAN_POINT('',(22.6627723370288,22.6627723370288,11.8890874157353));
#13007=CARTESIAN_POINT('Ctrl Pts',(22.2738636073763,22.2738636073762,12.6668974650526));
#13008=CARTESIAN_POINT('Ctrl Pts',(22.3384265532014,22.3384265532014,12.5372067465343));
#13009=CARTESIAN_POINT('Ctrl Pts',(22.4030825049762,22.4030825440549,12.4076129763648));
#13010=CARTESIAN_POINT('Ctrl Pts',(22.4678337322159,22.4678338214997,12.2781106533164));
#13011=CARTESIAN_POINT('Ctrl Pts',(22.5327185864431,22.5327187260357,12.1483410765642));
#13012=CARTESIAN_POINT('Ctrl Pts',(22.5976964442907,22.5976966446028,12.0186686551548));
#13013=CARTESIAN_POINT('Ctrl Pts',(22.662769667978,22.6627699210739,11.8890875947011));
#13014=CARTESIAN_POINT('',(25.2438475525199,19.7438475468145,8.00000012324366));
#13015=CARTESIAN_POINT('Ctrl Pts',(22.6627697945026,22.662769794545,11.8890874157653));
#13016=CARTESIAN_POINT('Ctrl Pts',(23.5816944638561,21.7438144779606,10.5895100147016));
#13017=CARTESIAN_POINT('Ctrl Pts',(24.4441858171726,20.7684320025004,9.28993696740819));
#13018=CARTESIAN_POINT('Ctrl Pts',(25.2438443396833,19.7438447124896,8.00000038282312));
#13019=CARTESIAN_POINT('Ctrl Pts',(25.3256885247091,18.7312439722892,8.00000011920929));
#13020=CARTESIAN_POINT('Ctrl Pts',(25.3131312004881,18.9005509639603,8.00000011920928));
#13021=CARTESIAN_POINT('Ctrl Pts',(25.3000097443018,19.0698174094206,8.0000001526596));
#13022=CARTESIAN_POINT('Ctrl Pts',(25.2863282671957,19.2390368388574,8.00000020924771));
#13023=CARTESIAN_POINT('Ctrl Pts',(25.2727199064592,19.4073519280514,8.0000002655334));
#13024=CARTESIAN_POINT('Ctrl Pts',(25.2585572530636,19.5756234977987,8.00000034084338));
#13025=CARTESIAN_POINT('Ctrl Pts',(25.2438443077185,19.7438447530425,8.00000043444994));
#13026=CARTESIAN_POINT('Ctrl Pts',(18.7312439722892,25.3256885247091,8.00000011920929));
#13027=CARTESIAN_POINT('Ctrl Pts',(19.984931398627,24.3984432486403,9.54487253856002));
#13028=CARTESIAN_POINT('Ctrl Pts',(21.1702267647315,23.3775004501116,11.1062382231446));
#13029=CARTESIAN_POINT('Ctrl Pts',(22.2738636082905,22.273863606462,12.6668974663455));
#13030=CARTESIAN_POINT('Ctrl Pts',(18.9546946450554,25.3862030258028,7.85725033621652));
#13031=CARTESIAN_POINT('Ctrl Pts',(20.2085734259281,24.4507945574123,9.4071236069141));
#13032=CARTESIAN_POINT('Ctrl Pts',(21.3931803748847,23.4218398380945,10.9732278847656));
#13033=CARTESIAN_POINT('Ctrl Pts',(22.4953916284033,22.3104665121746,12.5383892523105));
#13034=CARTESIAN_POINT('Ctrl Pts',(19.1781453178216,25.4467175268966,7.71450055322375));
#13035=CARTESIAN_POINT('Ctrl Pts',(20.4322154532291,24.5031458661843,9.26937467526819));
#13036=CARTESIAN_POINT('Ctrl Pts',(21.6161339850379,23.4661792260773,10.8402175463865));
#13037=CARTESIAN_POINT('Ctrl Pts',(22.7169196485161,22.3470694178872,12.4098810382755));
#13038=CARTESIAN_POINT('Ctrl Pts',(19.4015959905878,25.5072320279904,7.57175077023098));
#13039=CARTESIAN_POINT('Ctrl Pts',(20.6558574805301,24.5554971749564,9.13162574362228));
#13040=CARTESIAN_POINT('Ctrl Pts',(21.8390875951911,23.5105186140601,10.7072072080075));
#13041=CARTESIAN_POINT('Ctrl Pts',(22.9384476686289,22.3836723235999,12.2813728242405));
#13042=CARTESIAN_POINT('',(19.7438475468145,25.2438475525199,8.00000011517492));
#13043=CARTESIAN_POINT('Ctrl Pts',(18.7312439722892,25.3256885247091,8.00000011920929));
#13044=CARTESIAN_POINT('Ctrl Pts',(18.9004320697795,25.3131400187464,8.00000011920929));
#13045=CARTESIAN_POINT('Ctrl Pts',(19.0695796769232,25.3000281729282,8.00000015261286));
#13046=CARTESIAN_POINT('Ctrl Pts',(19.238680337461,25.2863570896812,8.00000020912854));
#13047=CARTESIAN_POINT('Ctrl Pts',(19.4071138088388,25.2727399458955,8.00000026542124));
#13048=CARTESIAN_POINT('Ctrl Pts',(19.5755036975653,25.2585677276012,8.00000034699862));
#13049=CARTESIAN_POINT('Ctrl Pts',(19.7438447527461,25.2438443043297,8.0000004406534));
#13050=CARTESIAN_POINT('Ctrl Pts',(19.7438447093093,25.2438443421655,8.00000037881919));
#13051=CARTESIAN_POINT('Ctrl Pts',(20.768432000482,24.4441858189574,9.28993696471897));
#13052=CARTESIAN_POINT('Ctrl Pts',(21.7438144770098,23.5816944648069,10.589510013357));
#13053=CARTESIAN_POINT('Ctrl Pts',(22.662769794545,22.6627697945026,11.8890874157653));
#13054=CARTESIAN_POINT('Ctrl Pts',(25.3256885247091,18.7312439722892,8.00000011920928));
#13055=CARTESIAN_POINT('Ctrl Pts',(24.3984432486403,19.984931398627,6.45512769985856));
#13056=CARTESIAN_POINT('Ctrl Pts',(23.3775004501116,21.1702267647315,4.89376201527394));
#13057=CARTESIAN_POINT('Ctrl Pts',(22.273863606462,22.2738636082905,3.33310277207311));
#13058=CARTESIAN_POINT('Ctrl Pts',(25.3862030258028,18.9546946450554,8.14274990220205));
#13059=CARTESIAN_POINT('Ctrl Pts',(24.4507945574123,20.2085734259281,6.59287663150447));
#13060=CARTESIAN_POINT('Ctrl Pts',(23.4218398380944,21.3931803748847,5.02677235365298));
#13061=CARTESIAN_POINT('Ctrl Pts',(22.3104665121746,22.4953916284033,3.46161098610811));
#13062=CARTESIAN_POINT('Ctrl Pts',(25.4467175268966,19.1781453178216,8.28549968519483));
#13063=CARTESIAN_POINT('Ctrl Pts',(24.5031458661843,20.4322154532291,6.73062556315038));
#13064=CARTESIAN_POINT('Ctrl Pts',(23.4661792260773,21.6161339850379,5.15978269203202));
#13065=CARTESIAN_POINT('Ctrl Pts',(22.3470694178872,22.7169196485161,3.59011920014312));
#13066=CARTESIAN_POINT('Ctrl Pts',(25.5072320279904,19.4015959905878,8.42824946818759));
#13067=CARTESIAN_POINT('Ctrl Pts',(24.5554971749564,20.6558574805301,6.8683744947963));
#13068=CARTESIAN_POINT('Ctrl Pts',(23.5105186140601,21.8390875951911,5.29279303041106));
#13069=CARTESIAN_POINT('Ctrl Pts',(22.3836723235999,22.9384476686289,3.71862741417812));
#13070=CARTESIAN_POINT('',(22.6627723370288,22.6627723370288,4.11091282268328));
#13071=CARTESIAN_POINT('Ctrl Pts',(25.2438443421655,19.7438447093093,7.99999985959939));
#13072=CARTESIAN_POINT('Ctrl Pts',(24.4441858189574,20.768432000482,6.71006327369961));
#13073=CARTESIAN_POINT('Ctrl Pts',(23.5816944648069,21.7438144770098,5.41049022506161));
#13074=CARTESIAN_POINT('Ctrl Pts',(22.6627697945026,22.662769794545,4.11091282265329));
#13075=CARTESIAN_POINT('Ctrl Pts',(22.662769667978,22.6627699210739,4.11091264371744));
#13076=CARTESIAN_POINT('Ctrl Pts',(22.5977342200463,22.597734420389,3.98140680656138));
#13077=CARTESIAN_POINT('Ctrl Pts',(22.5327940268604,22.5327941665252,3.8518097136904));
#13078=CARTESIAN_POINT('Ctrl Pts',(22.4679467298572,22.4679468192286,3.72211557986904));
#13079=CARTESIAN_POINT('Ctrl Pts',(22.4031577266605,22.4031577657838,3.59253803324715));
#13080=CARTESIAN_POINT('Ctrl Pts',(22.3384641103101,22.3384641103101,3.46286893466888));
#13081=CARTESIAN_POINT('Ctrl Pts',(22.2738636073762,22.2738636073763,3.33310277336598));
#13082=CARTESIAN_POINT('Ctrl Pts',(22.2738636082905,22.273863606462,3.33310277207312));
#13083=CARTESIAN_POINT('Ctrl Pts',(21.1702267647315,23.3775004501116,4.89376201527395));
#13084=CARTESIAN_POINT('Ctrl Pts',(19.984931398627,24.3984432486403,6.45512769985857));
#13085=CARTESIAN_POINT('Ctrl Pts',(18.7312439722892,25.3256885247091,8.00000011920929));
#13086=CARTESIAN_POINT('Ctrl Pts',(22.4953916284033,22.3104665121746,3.46161098610812));
#13087=CARTESIAN_POINT('Ctrl Pts',(21.3931803748847,23.4218398380945,5.02677235365299));
#13088=CARTESIAN_POINT('Ctrl Pts',(20.2085734259281,24.4507945574123,6.59287663150448));
#13089=CARTESIAN_POINT('Ctrl Pts',(18.9546946450554,25.3862030258028,8.14274990220206));
#13090=CARTESIAN_POINT('Ctrl Pts',(22.7169196485161,22.3470694178872,3.59011920014312));
#13091=CARTESIAN_POINT('Ctrl Pts',(21.6161339850379,23.4661792260773,5.15978269203203));
#13092=CARTESIAN_POINT('Ctrl Pts',(20.4322154532291,24.5031458661843,6.73062556315039));
#13093=CARTESIAN_POINT('Ctrl Pts',(19.1781453178216,25.4467175268966,8.28549968519483));
#13094=CARTESIAN_POINT('Ctrl Pts',(22.9384476686289,22.3836723235999,3.71862741417812));
#13095=CARTESIAN_POINT('Ctrl Pts',(21.8390875951911,23.5105186140601,5.29279303041107));
#13096=CARTESIAN_POINT('Ctrl Pts',(20.6558574805301,24.5554971749564,6.86837449479631));
#13097=CARTESIAN_POINT('Ctrl Pts',(19.4015959905878,25.5072320279904,8.4282494681876));
#13098=CARTESIAN_POINT('Ctrl Pts',(22.662769794545,22.6627697945026,4.11091282265329));
#13099=CARTESIAN_POINT('Ctrl Pts',(21.7438144779606,23.5816944638561,5.41049022371699));
#13100=CARTESIAN_POINT('Ctrl Pts',(20.7684320025003,24.4441858171727,6.71006327101038));
#13101=CARTESIAN_POINT('Ctrl Pts',(19.7438447124896,25.2438443396833,7.99999985559546));
#13102=CARTESIAN_POINT('Origin',(24.8534499569637,19.3534499569637,8.00000011920929));
#13103=CARTESIAN_POINT('',(2.75,-2.75,8.00000011920929));
#13104=CARTESIAN_POINT('',(22.2738636073762,22.2738636073762,4.11091282268328));
#13105=CARTESIAN_POINT('Origin',(22.2738636073762,22.2738636073762,11.8890874157353));
#13106=CARTESIAN_POINT('',(22.2738636073762,22.2738636073762,11.8890874157353));
#13107=CARTESIAN_POINT('Ctrl Pts',(12.0545281183058,29.1022052746003,12.6668974663455));
#13108=CARTESIAN_POINT('Ctrl Pts',(13.4964991448568,28.5049213189232,11.1062382231446));
#13109=CARTESIAN_POINT('Ctrl Pts',(14.8933201993495,27.8005490845882,9.54487253856001));
#13110=CARTESIAN_POINT('Ctrl Pts',(16.2297485389512,26.9971343361182,8.00000011920929));
#13111=CARTESIAN_POINT('Ctrl Pts',(12.0035696906223,29.3208778038529,12.5383892523105));
#13112=CARTESIAN_POINT('Ctrl Pts',(13.4521427451066,28.7278715452255,10.9732278847656));
#13113=CARTESIAN_POINT('Ctrl Pts',(14.8561024033955,28.0272013547506,9.4071236069141));
#13114=CARTESIAN_POINT('Ctrl Pts',(16.2001457775134,27.2267337361992,7.85725033621652));
#13115=CARTESIAN_POINT('Ctrl Pts',(11.9526112629388,29.5395503331055,12.4098810382755));
#13116=CARTESIAN_POINT('Ctrl Pts',(13.4077863453564,28.9508217715278,10.8402175463865));
#13117=CARTESIAN_POINT('Ctrl Pts',(14.8188846074415,28.2538536249131,9.26937467526819));
#13118=CARTESIAN_POINT('Ctrl Pts',(16.1705430160756,27.4563331362802,7.71450055322375));
#13119=CARTESIAN_POINT('Ctrl Pts',(11.9016528352554,29.7582228623582,12.2813728242405));
#13120=CARTESIAN_POINT('Ctrl Pts',(13.3634299456062,29.1737719978301,10.7072072080075));
#13121=CARTESIAN_POINT('Ctrl Pts',(14.7816668114875,28.4805058950755,9.13162574362227));
#13122=CARTESIAN_POINT('Ctrl Pts',(16.1409402546378,27.6859325363612,7.57175077023098));
#13123=CARTESIAN_POINT('',(12.2650040073011,29.6103390169867,11.8890874157353));
#13124=CARTESIAN_POINT('Ctrl Pts',(12.0545281195003,29.1022052741055,12.6668974650526));
#13125=CARTESIAN_POINT('Ctrl Pts',(12.0894908015901,29.1866126553836,12.5371270656218));
#13126=CARTESIAN_POINT('Ctrl Pts',(12.1245038645933,29.2711417392411,12.4074537353429));
#13127=CARTESIAN_POINT('Ctrl Pts',(12.1595685497155,29.3557954704745,12.2778719629122));
#13128=CARTESIAN_POINT('Ctrl Pts',(12.1946624928735,29.4405198369319,12.1481820672198));
#13129=CARTESIAN_POINT('Ctrl Pts',(12.2298067038443,29.5253655798106,12.0185892060536));
#13130=CARTESIAN_POINT('Ctrl Pts',(12.2650024659656,29.6103357635338,11.8890875947011));
#13131=CARTESIAN_POINT('',(15.7666307283003,27.9013388690245,8.00000012324366));
#13132=CARTESIAN_POINT('Ctrl Pts',(12.2650026312796,29.6103356950553,11.8890874157653));
#13133=CARTESIAN_POINT('Ctrl Pts',(13.4656472999557,29.1129889333237,10.5895100147016));
#13134=CARTESIAN_POINT('Ctrl Pts',(14.6357481218307,28.5419141793481,9.2899369674082));
#13135=CARTESIAN_POINT('Ctrl Pts',(15.7666288446755,27.9013350209504,8.00000038282313));
#13136=CARTESIAN_POINT('Ctrl Pts',(16.2297485389512,26.9971343361182,8.00000011920929));
#13137=CARTESIAN_POINT('Ctrl Pts',(16.1533530987175,27.1487540838517,8.00000011920929));
#13138=CARTESIAN_POINT('Ctrl Pts',(16.0764519450641,27.3001204679378,8.00000015266223));
#13139=CARTESIAN_POINT('Ctrl Pts',(15.9990513527294,27.4512290837607,8.0000002092544));
#13140=CARTESIAN_POINT('Ctrl Pts',(15.9220704758282,27.6015182921828,8.00000026553968));
#13141=CARTESIAN_POINT('Ctrl Pts',(15.8445941928519,27.7515551951004,8.00000034084708));
#13142=CARTESIAN_POINT('Ctrl Pts',(15.7666287996249,27.901335046184,8.00000043444994));
#13143=CARTESIAN_POINT('Ctrl Pts',(7.61369151282854,30.5660220105182,8.00000011920929));
#13144=CARTESIAN_POINT('Ctrl Pts',(9.12678907107914,30.1891244857644,9.54487253856001));
#13145=CARTESIAN_POINT('Ctrl Pts',(10.6125570941929,29.6994892294063,11.1062382231446));
#13146=CARTESIAN_POINT('Ctrl Pts',(12.0545281206949,29.1022052736107,12.6668974663455));
#13147=CARTESIAN_POINT('Ctrl Pts',(7.7969751189367,30.7074409899173,7.85725033621652));
#13148=CARTESIAN_POINT('Ctrl Pts',(9.31337338418223,30.3230748870677,9.4071236069141));
#13149=CARTESIAN_POINT('Ctrl Pts',(10.8015714221307,29.8257741352393,10.9732278847656));
#13150=CARTESIAN_POINT('Ctrl Pts',(12.2451859987622,29.2207970521309,12.5383892523105));
#13151=CARTESIAN_POINT('Ctrl Pts',(7.98025872504486,30.8488599693165,7.71450055322376));
#13152=CARTESIAN_POINT('Ctrl Pts',(9.49995769728531,30.457025288371,9.2693746752682));
#13153=CARTESIAN_POINT('Ctrl Pts',(10.9905857500686,29.9520590410723,10.8402175463866));
#13154=CARTESIAN_POINT('Ctrl Pts',(12.4358438768295,29.339388830651,12.4098810382755));
#13155=CARTESIAN_POINT('Ctrl Pts',(8.16354233115302,30.9902789487156,7.57175077023099));
#13156=CARTESIAN_POINT('Ctrl Pts',(9.6865420103884,30.5909756896743,9.13162574362229));
#13157=CARTESIAN_POINT('Ctrl Pts',(11.1796000780064,30.0783439469053,10.7072072080075));
#13158=CARTESIAN_POINT('Ctrl Pts',(12.6265017548969,29.4579806091712,12.2813728242405));
#13159=CARTESIAN_POINT('',(8.58053441402567,30.8779174229163,8.00000011517491));
#13160=CARTESIAN_POINT('Ctrl Pts',(7.61369151282854,30.5660220105182,8.00000011920929));
#13161=CARTESIAN_POINT('Ctrl Pts',(7.77479438991904,30.6191713312867,8.00000011920929));
#13162=CARTESIAN_POINT('Ctrl Pts',(7.93607542043086,30.671784756422,8.00000015260928));
#13163=CARTESIAN_POINT('Ctrl Pts',(8.09752707083555,30.7238636051569,8.00000020911943));
#13164=CARTESIAN_POINT('Ctrl Pts',(8.25835950266817,30.7757427148971,8.00000026541286));
#13165=CARTESIAN_POINT('Ctrl Pts',(8.41936411227052,30.8270922655488,8.00000034077224));
#13166=CARTESIAN_POINT('Ctrl Pts',(8.5805330746487,30.8779133559804,8.00000043444993));
#13167=CARTESIAN_POINT('Ctrl Pts',(8.58053302106219,30.8779133710693,8.00000037881919));
#13168=CARTESIAN_POINT('Ctrl Pts',(9.83314431702906,30.5312178098228,9.28993696471897));
#13169=CARTESIAN_POINT('Ctrl Pts',(11.0643413752549,30.1076424147416,10.589510013357));
#13170=CARTESIAN_POINT('Ctrl Pts',(12.265002631335,29.6103356950324,11.8890874157653));
#13171=CARTESIAN_POINT('Ctrl Pts',(16.2297485389512,26.9971343361182,8.0000001192093));
#13172=CARTESIAN_POINT('Ctrl Pts',(14.8933201993495,27.8005490845882,6.45512769985857));
#13173=CARTESIAN_POINT('Ctrl Pts',(13.4964991448568,28.5049213189232,4.89376201527396));
#13174=CARTESIAN_POINT('Ctrl Pts',(12.0545281183058,29.1022052746003,3.33310277207312));
#13175=CARTESIAN_POINT('Ctrl Pts',(16.2001457775134,27.2267337361992,8.14274990220207));
#13176=CARTESIAN_POINT('Ctrl Pts',(14.8561024033955,28.0272013547506,6.59287663150449));
#13177=CARTESIAN_POINT('Ctrl Pts',(13.4521427451066,28.7278715452255,5.02677235365299));
#13178=CARTESIAN_POINT('Ctrl Pts',(12.0035696906223,29.3208778038529,3.46161098610812));
#13179=CARTESIAN_POINT('Ctrl Pts',(16.1705430160756,27.4563331362802,8.28549968519484));
#13180=CARTESIAN_POINT('Ctrl Pts',(14.8188846074415,28.2538536249131,6.7306255631504));
#13181=CARTESIAN_POINT('Ctrl Pts',(13.4077863453564,28.9508217715278,5.15978269203204));
#13182=CARTESIAN_POINT('Ctrl Pts',(11.9526112629388,29.5395503331055,3.59011920014312));
#13183=CARTESIAN_POINT('Ctrl Pts',(16.1409402546378,27.6859325363612,8.42824946818761));
#13184=CARTESIAN_POINT('Ctrl Pts',(14.7816668114875,28.4805058950755,6.86837449479631));
#13185=CARTESIAN_POINT('Ctrl Pts',(13.3634299456062,29.1737719978301,5.29279303041107));
#13186=CARTESIAN_POINT('Ctrl Pts',(11.9016528352554,29.7582228623582,3.71862741417812));
#13187=CARTESIAN_POINT('',(12.2650040073011,29.6103390169867,4.11091282268328));
#13188=CARTESIAN_POINT('Ctrl Pts',(15.7666288481857,27.9013350189621,7.99999985959937));
#13189=CARTESIAN_POINT('Ctrl Pts',(14.635748124252,28.5419141781664,6.7100632736996));
#13190=CARTESIAN_POINT('Ctrl Pts',(13.4656473011979,29.1129889328091,5.41049022506161));
#13191=CARTESIAN_POINT('Ctrl Pts',(12.2650026312796,29.6103356950553,4.1109128226533));
#13192=CARTESIAN_POINT('Ctrl Pts',(12.2650024659656,29.6103357635338,4.11091264371745));
#13193=CARTESIAN_POINT('Ctrl Pts',(12.2297839326728,29.5253106052764,3.9813272466127));
#13194=CARTESIAN_POINT('Ctrl Pts',(12.1946170175053,29.4404100495327,3.85165048248482));
#13195=CARTESIAN_POINT('Ctrl Pts',(12.1595004349029,29.3556310265897,3.72187655641732));
#13196=CARTESIAN_POINT('Ctrl Pts',(12.1244585210687,29.2710322701971,3.59237857004767));
#13197=CARTESIAN_POINT('Ctrl Pts',(12.0894681622087,29.186557999082,3.46278914258537));
#13198=CARTESIAN_POINT('Ctrl Pts',(12.0545281195003,29.1022052741055,3.33310277336598));
#13199=CARTESIAN_POINT('Ctrl Pts',(12.0545281206949,29.1022052736107,3.33310277207312));
#13200=CARTESIAN_POINT('Ctrl Pts',(10.6125570941929,29.6994892294062,4.89376201527395));
#13201=CARTESIAN_POINT('Ctrl Pts',(9.12678907107914,30.1891244857644,6.45512769985857));
#13202=CARTESIAN_POINT('Ctrl Pts',(7.61369151282854,30.5660220105182,8.00000011920929));
#13203=CARTESIAN_POINT('Ctrl Pts',(12.2451859987622,29.2207970521309,3.46161098610812));
#13204=CARTESIAN_POINT('Ctrl Pts',(10.8015714221307,29.8257741352393,5.02677235365299));
#13205=CARTESIAN_POINT('Ctrl Pts',(9.31337338418222,30.3230748870677,6.59287663150447));
#13206=CARTESIAN_POINT('Ctrl Pts',(7.7969751189367,30.7074409899173,8.14274990220206));
#13207=CARTESIAN_POINT('Ctrl Pts',(12.4358438768295,29.339388830651,3.59011920014312));
#13208=CARTESIAN_POINT('Ctrl Pts',(10.9905857500686,29.9520590410723,5.15978269203202));
#13209=CARTESIAN_POINT('Ctrl Pts',(9.49995769728531,30.457025288371,6.73062556315038));
#13210=CARTESIAN_POINT('Ctrl Pts',(7.98025872504486,30.8488599693164,8.28549968519482));
#13211=CARTESIAN_POINT('Ctrl Pts',(12.6265017548969,29.4579806091712,3.71862741417812));
#13212=CARTESIAN_POINT('Ctrl Pts',(11.1796000780064,30.0783439469053,5.29279303041106));
#13213=CARTESIAN_POINT('Ctrl Pts',(9.6865420103884,30.5909756896743,6.86837449479629));
#13214=CARTESIAN_POINT('Ctrl Pts',(8.16354233115303,30.9902789487156,8.42824946818759));
#13215=CARTESIAN_POINT('Ctrl Pts',(12.265002631335,29.6103356950323,4.1109128226533));
#13216=CARTESIAN_POINT('Ctrl Pts',(11.0643413764971,30.1076424142271,5.41049022371699));
#13217=CARTESIAN_POINT('Ctrl Pts',(9.8331443195768,30.5312178089463,6.71006327101038));
#13218=CARTESIAN_POINT('Ctrl Pts',(8.58053302495027,30.8779133699932,7.99999985559545));
#13219=CARTESIAN_POINT('Origin',(15.5553490698954,27.3912598343651,8.00000011920929));
#13220=CARTESIAN_POINT('',(3.59304815341003,-1.48828927540204,8.00000011920929));
#13221=CARTESIAN_POINT('',(12.0545281195003,29.1022052741055,4.11091282268328));
#13222=CARTESIAN_POINT('Origin',(12.0545281195003,29.1022052741055,11.8890874157353));
#13223=CARTESIAN_POINT('',(12.0545281195003,29.1022052741055,11.8890874157353));
#13224=CARTESIAN_POINT('Ctrl Pts',(-1.29296240380938E-9,31.5,12.6668974663455));
#13225=CARTESIAN_POINT('Ctrl Pts',(1.56077819086694,31.5000000000641,11.1062382231446));
#13226=CARTESIAN_POINT('Ctrl Pts',(3.12082415799159,31.3837851850258,9.54487253856001));
#13227=CARTESIAN_POINT('Ctrl Pts',(4.66297646117481,31.1529557269054,8.00000011920928));
#13228=CARTESIAN_POINT('Ctrl Pts',(-0.130761803697032,31.6825261280851,
12.5383892523105));
#13229=CARTESIAN_POINT('Ctrl Pts',(1.43447886315389,31.6890046916097,10.9732278847656));
#13230=CARTESIAN_POINT('Ctrl Pts',(2.9997033293654,31.5789419445254,9.4071236069141));
#13231=CARTESIAN_POINT('Ctrl Pts',(4.54776318928465,31.3537494269626,7.85725033621651));
#13232=CARTESIAN_POINT('Ctrl Pts',(-0.261523606101102,31.8650522561702,
12.4098810382755));
#13233=CARTESIAN_POINT('Ctrl Pts',(1.30817953544083,31.8780093831554,10.8402175463866));
#13234=CARTESIAN_POINT('Ctrl Pts',(2.87858250073921,31.7740987040249,9.26937467526819));
#13235=CARTESIAN_POINT('Ctrl Pts',(4.43254991739449,31.5545431270198,7.71450055322375));
#13236=CARTESIAN_POINT('Ctrl Pts',(-0.392285408505172,32.0475783842554,
12.2813728242405));
#13237=CARTESIAN_POINT('Ctrl Pts',(1.18188020772778,32.0670140747011,10.7072072080075));
#13238=CARTESIAN_POINT('Ctrl Pts',(2.75746167211302,31.9692554635245,9.13162574362228));
#13239=CARTESIAN_POINT('Ctrl Pts',(4.31733664550432,31.7553368270771,7.57175077023098));
#13240=CARTESIAN_POINT('',(1.95052307638832E-15,32.05,11.8890874157353));
#13241=CARTESIAN_POINT('Ctrl Pts',(9.95083585527378E-15,31.5,12.6668974650526));
#13242=CARTESIAN_POINT('Ctrl Pts',(1.19771869058325E-14,31.5913648537866,
12.5371228574832));
#13243=CARTESIAN_POINT('Ctrl Pts',(-2.76678750876544E-8,31.682861434518,
12.4074453254479));
#13244=CARTESIAN_POINT('Ctrl Pts',(-6.32020775992448E-8,31.7744929381216,
12.2778593571188));
#13245=CARTESIAN_POINT('Ctrl Pts',(-9.8763625220908E-8,31.8661949541636,
12.1481736695639));
#13246=CARTESIAN_POINT('Ctrl Pts',(-1.41666140788208E-7,31.9580283355827,
12.0185850101566));
#13247=CARTESIAN_POINT('Ctrl Pts',(-1.78965839855993E-7,32.0499964043579,
11.8890875947011));
#13248=CARTESIAN_POINT('',(3.88908730056038,31.8111042746922,8.00000012324366));
#13249=CARTESIAN_POINT('Ctrl Pts',(-2.99718583285369E-11,32.0499964043549,
11.8890874157653));
#13250=CARTESIAN_POINT('Ctrl Pts',(1.29957740103372,32.0499747334901,10.5895100147016));
#13251=CARTESIAN_POINT('Ctrl Pts',(2.5991504483271,31.9701486554865,9.2899369674082));
#13252=CARTESIAN_POINT('Ctrl Pts',(3.88908703291217,31.8110999987033,8.00000038282313));
#13253=CARTESIAN_POINT('Ctrl Pts',(4.66297646117481,31.1529557269054,8.00000011920928));
#13254=CARTESIAN_POINT('Ctrl Pts',(4.534368889575,31.2638031682023,8.00000011920928));
#13255=CARTESIAN_POINT('Ctrl Pts',(4.40539102880158,31.3742229705021,8.00000015266483));
#13256=CARTESIAN_POINT('Ctrl Pts',(4.27605036240425,31.4842134655138,8.00000020926102));
#13257=CARTESIAN_POINT('Ctrl Pts',(4.1474211385782,31.5935989542056,8.00000026554591));
#13258=CARTESIAN_POINT('Ctrl Pts',(4.01843080095761,31.7025617924777,8.00000034085076));
#13259=CARTESIAN_POINT('Ctrl Pts',(3.88908698163437,31.811100004776,8.00000043444995));
#13260=CARTESIAN_POINT('Ctrl Pts',(-4.66297646117481,31.1529557269054,8.00000011920928));
#13261=CARTESIAN_POINT('Ctrl Pts',(-3.12082415799159,31.3837851850258,9.54487253856001));
#13262=CARTESIAN_POINT('Ctrl Pts',(-1.56077819086695,31.5000000000641,11.1062382231446));
#13263=CARTESIAN_POINT('Ctrl Pts',(1.29295518735972E-9,31.5,12.6668974663455));
#13264=CARTESIAN_POINT('Ctrl Pts',(-4.54776318928465,31.3537494269626,7.85725033621651));
#13265=CARTESIAN_POINT('Ctrl Pts',(-2.9997033293654,31.5789419445254,9.4071236069141));
#13266=CARTESIAN_POINT('Ctrl Pts',(-1.43447886315389,31.6890046916097,10.9732278847656));
#13267=CARTESIAN_POINT('Ctrl Pts',(0.130761803697026,31.6825261280851,12.5383892523105));
#13268=CARTESIAN_POINT('Ctrl Pts',(-4.43254991739448,31.5545431270199,7.71450055322375));
#13269=CARTESIAN_POINT('Ctrl Pts',(-2.87858250073921,31.7740987040249,9.26937467526819));
#13270=CARTESIAN_POINT('Ctrl Pts',(-1.30817953544084,31.8780093831554,10.8402175463865));
#13271=CARTESIAN_POINT('Ctrl Pts',(0.261523606101096,31.8650522561703,12.4098810382755));
#13272=CARTESIAN_POINT('Ctrl Pts',(-4.31733664550432,31.7553368270771,7.57175077023098));
#13273=CARTESIAN_POINT('Ctrl Pts',(-2.75746167211302,31.9692554635245,9.13162574362228));
#13274=CARTESIAN_POINT('Ctrl Pts',(-1.18188020772778,32.0670140747011,10.7072072080075));
#13275=CARTESIAN_POINT('Ctrl Pts',(0.392285408505167,32.0475783842554,12.2813728242405));
#13276=CARTESIAN_POINT('',(-3.88908730056038,31.8111042746922,8.00000011517492));
#13277=CARTESIAN_POINT('Ctrl Pts',(-4.66297646117481,31.1529557269054,8.00000011920928));
#13278=CARTESIAN_POINT('Ctrl Pts',(-4.53447968015977,31.2637076773017,8.00000011920928));
#13279=CARTESIAN_POINT('Ctrl Pts',(-4.40561324866374,31.3740327243178,8.00000015260746));
#13280=CARTESIAN_POINT('Ctrl Pts',(-4.27638463100151,31.4839292039434,8.00000020911481));
#13281=CARTESIAN_POINT('Ctrl Pts',(-4.14764500216069,31.5934098457226,8.00000026540834));
#13282=CARTESIAN_POINT('Ctrl Pts',(-4.018543634664,31.7024671042025,8.00000034699101));
#13283=CARTESIAN_POINT('Ctrl Pts',(-3.88908697944773,31.8111000021702,8.00000044065341));
#13284=CARTESIAN_POINT('Ctrl Pts',(-3.8890870369161,31.8110999982096,8.00000037881919));
#13285=CARTESIAN_POINT('Ctrl Pts',(-2.59915045101633,31.9701486553213,9.28993696471897));
#13286=CARTESIAN_POINT('Ctrl Pts',(-1.29957740237833,32.0499747334901,10.589510013357));
#13287=CARTESIAN_POINT('Ctrl Pts',(2.99811842019437E-11,32.0499964043549,
11.8890874157653));
#13288=CARTESIAN_POINT('Ctrl Pts',(4.66297646117481,31.1529557269054,8.0000001192093));
#13289=CARTESIAN_POINT('Ctrl Pts',(3.12082415799158,31.3837851850258,6.45512769985856));
#13290=CARTESIAN_POINT('Ctrl Pts',(1.56077819086694,31.5000000000641,4.89376201527395));
#13291=CARTESIAN_POINT('Ctrl Pts',(-1.29296628958997E-9,31.5,3.33310277207311));
#13292=CARTESIAN_POINT('Ctrl Pts',(4.54776318928465,31.3537494269626,8.14274990220206));
#13293=CARTESIAN_POINT('Ctrl Pts',(2.9997033293654,31.5789419445254,6.59287663150448));
#13294=CARTESIAN_POINT('Ctrl Pts',(1.43447886315388,31.6890046916097,5.02677235365298));
#13295=CARTESIAN_POINT('Ctrl Pts',(-0.130761803697036,31.6825261280851,
3.4616109861081));
#13296=CARTESIAN_POINT('Ctrl Pts',(4.43254991739448,31.5545431270199,8.28549968519483));
#13297=CARTESIAN_POINT('Ctrl Pts',(2.87858250073921,31.7740987040249,6.73062556315038));
#13298=CARTESIAN_POINT('Ctrl Pts',(1.30817953544083,31.8780093831554,5.15978269203202));
#13299=CARTESIAN_POINT('Ctrl Pts',(-0.261523606101106,31.8650522561702,
3.5901192001431));
#13300=CARTESIAN_POINT('Ctrl Pts',(4.31733664550432,31.7553368270771,8.4282494681876));
#13301=CARTESIAN_POINT('Ctrl Pts',(2.75746167211302,31.9692554635245,6.86837449479629));
#13302=CARTESIAN_POINT('Ctrl Pts',(1.18188020772777,32.0670140747011,5.29279303041105));
#13303=CARTESIAN_POINT('Ctrl Pts',(-0.392285408505176,32.0475783842554,
3.7186274141781));
#13304=CARTESIAN_POINT('',(8.40300051763166E-16,32.05,4.11091282268328));
#13305=CARTESIAN_POINT('Ctrl Pts',(3.88908703691611,31.8110999982096,7.99999985959938));
#13306=CARTESIAN_POINT('Ctrl Pts',(2.59915045101633,31.9701486553213,6.71006327369961));
#13307=CARTESIAN_POINT('Ctrl Pts',(1.29957740237833,32.0499747334901,5.41049022506161));
#13308=CARTESIAN_POINT('Ctrl Pts',(-2.99759522759402E-11,32.0499964043549,
4.1109128226533));
#13309=CARTESIAN_POINT('Ctrl Pts',(-1.78965843602996E-7,32.0499964043579,
4.11091264371743));
#13310=CARTESIAN_POINT('Ctrl Pts',(-1.41639562576094E-7,31.9579627936346,
3.98132294065602));
#13311=CARTESIAN_POINT('Ctrl Pts',(-9.87009911824621E-8,31.8660640630223,
3.8516418645471));
#13312=CARTESIAN_POINT('Ctrl Pts',(-6.31260626410279E-8,31.7742968842171,
3.7218636199481));
#13313=CARTESIAN_POINT('Ctrl Pts',(-2.76291421140053E-8,31.682730922915,
3.59236993955466));
#13314=CARTESIAN_POINT('Ctrl Pts',(-1.35305119075751E-15,31.5912996912332,
3.46278482406647));
#13315=CARTESIAN_POINT('Ctrl Pts',(2.38861160557429E-15,31.5,3.33310277336599));
#13316=CARTESIAN_POINT('Ctrl Pts',(1.29296462425543E-9,31.5,3.33310277207311));
#13317=CARTESIAN_POINT('Ctrl Pts',(-1.56077819086694,31.5000000000641,4.89376201527395));
#13318=CARTESIAN_POINT('Ctrl Pts',(-3.12082415799158,31.3837851850258,6.45512769985856));
#13319=CARTESIAN_POINT('Ctrl Pts',(-4.66297646117481,31.1529557269054,8.00000011920929));
#13320=CARTESIAN_POINT('Ctrl Pts',(0.130761803697034,31.6825261280851,3.46161098610811));
#13321=CARTESIAN_POINT('Ctrl Pts',(-1.43447886315388,31.6890046916097,5.02677235365298));
#13322=CARTESIAN_POINT('Ctrl Pts',(-2.9997033293654,31.5789419445254,6.59287663150448));
#13323=CARTESIAN_POINT('Ctrl Pts',(-4.54776318928464,31.3537494269626,8.14274990220206));
#13324=CARTESIAN_POINT('Ctrl Pts',(0.261523606101104,31.8650522561702,3.59011920014311));
#13325=CARTESIAN_POINT('Ctrl Pts',(-1.30817953544083,31.8780093831554,5.15978269203202));
#13326=CARTESIAN_POINT('Ctrl Pts',(-2.8785825007392,31.7740987040249,6.73062556315038));
#13327=CARTESIAN_POINT('Ctrl Pts',(-4.43254991739448,31.5545431270199,8.28549968519483));
#13328=CARTESIAN_POINT('Ctrl Pts',(0.392285408505174,32.0475783842554,3.7186274141781));
#13329=CARTESIAN_POINT('Ctrl Pts',(-1.18188020772777,32.0670140747011,5.29279303041105));
#13330=CARTESIAN_POINT('Ctrl Pts',(-2.75746167211302,31.9692554635245,6.8683744947963));
#13331=CARTESIAN_POINT('Ctrl Pts',(-4.31733664550432,31.7553368270771,8.42824946818759));
#13332=CARTESIAN_POINT('Ctrl Pts',(2.99812952242462E-11,32.0499964043549,
4.1109128226533));
#13333=CARTESIAN_POINT('Ctrl Pts',(-1.29957740103371,32.0499747334901,5.41049022371699));
#13334=CARTESIAN_POINT('Ctrl Pts',(-2.5991504483271,31.9701486554865,6.71006327101038));
#13335=CARTESIAN_POINT('Ctrl Pts',(-3.88908703291217,31.8110999987033,7.99999985559545));
#13336=CARTESIAN_POINT('Origin',(3.88908729652601,31.2589987043731,8.00000011920929));
#13337=CARTESIAN_POINT('',(3.88908729652601,-2.77555756156289E-16,8.00000011920929));
#13338=CARTESIAN_POINT('',(2.22044604925031E-15,31.5,4.11091282268328));
#13339=CARTESIAN_POINT('Origin',(2.22044604925031E-15,31.5,11.8890874157353));
#13340=CARTESIAN_POINT('',(2.22044604925031E-15,31.5,11.8890874157353));
#13341=CARTESIAN_POINT('Origin',(-8.36925276307538,-30.3678383851692,8.00000011920929));
#13342=CARTESIAN_POINT('',(3.59304815341004,-1.48828927540204,8.00000011920929));
#13343=CARTESIAN_POINT('Origin',(-12.0545281195004,-29.1022052741055,4.11091282268328));
#13344=CARTESIAN_POINT('Origin',(-19.3534499569637,-24.8534499569637,8.00000011920929));
#13345=CARTESIAN_POINT('',(2.75,-2.75,8.00000011920929));
#13346=CARTESIAN_POINT('Origin',(-22.2738636073763,-22.2738636073762,4.11091282268328));
#13347=CARTESIAN_POINT('Origin',(-27.3912598343651,-15.5553490698954,8.00000011920929));
#13348=CARTESIAN_POINT('',(1.48828927540204,-3.59304815341004,8.00000011920929));
#13349=CARTESIAN_POINT('Origin',(-29.1022052741055,-12.0545281195003,4.11091282268328));
#13350=CARTESIAN_POINT('Origin',(-31.2589987043731,-3.889087296526,8.00000011920929));
#13351=CARTESIAN_POINT('',(-8.32667268468867E-16,-3.88908729652601,8.00000011920929));
#13352=CARTESIAN_POINT('Origin',(-31.5,2.22044604925031E-15,4.11091282268328));
#13353=CARTESIAN_POINT('Origin',(-29.1022052741055,12.0545281195003,11.8890874157353));
#13354=CARTESIAN_POINT('',(-29.1022052741055,12.0545281195003,11.8890874157353));
#13355=CARTESIAN_POINT('Origin',(-30.3678383851692,8.36925276307538,8.00000011920929));
#13356=CARTESIAN_POINT('Origin',(-24.8534499569637,19.3534499569637,8.00000011920929));
#13357=CARTESIAN_POINT('',(-2.75,-2.75,8.00000011920929));
#13358=CARTESIAN_POINT('Origin',(-22.2738636073762,22.2738636073762,4.11091282268328));
#13359=CARTESIAN_POINT('Origin',(-12.0545281195003,29.1022052741055,11.8890874157353));
#13360=CARTESIAN_POINT('',(-12.0545281195003,29.1022052741055,11.8890874157353));
#13361=CARTESIAN_POINT('Origin',(-15.5553490698954,27.3912598343651,8.00000011920929));
#13362=CARTESIAN_POINT('Origin',(-3.88908729652601,31.2589987043731,8.00000011920929));
#13363=CARTESIAN_POINT('',(-3.88908729652601,5.55111512312578E-16,8.00000011920929));
#13364=CARTESIAN_POINT('Origin',(0.,31.5,4.11091282268328));
#13365=CARTESIAN_POINT('Origin',(8.36925276307537,30.3678383851692,8.00000011920929));
#13366=CARTESIAN_POINT('',(-3.59304815341004,1.48828927540204,8.00000011920929));
#13367=CARTESIAN_POINT('Origin',(12.0545281195003,29.1022052741055,4.11091282268328));
#13368=CARTESIAN_POINT('Origin',(19.3534499569637,24.8534499569637,8.00000011920929));
#13369=CARTESIAN_POINT('',(-2.75,2.75,8.00000011920929));
#13370=CARTESIAN_POINT('Origin',(22.2738636073762,22.2738636073762,4.11091282268328));
#13371=CARTESIAN_POINT('Origin',(27.3912598343651,15.5553490698954,8.00000011920929));
#13372=CARTESIAN_POINT('',(-1.48828927540204,3.59304815341004,8.00000011920929));
#13373=CARTESIAN_POINT('Origin',(29.1022052741055,12.0545281195003,4.11091282268328));
#13374=CARTESIAN_POINT('Origin',(31.2589987043731,3.88908729652601,8.00000011920929));
#13375=CARTESIAN_POINT('',(2.77555756156289E-16,3.88908729652601,8.00000011920929));
#13376=CARTESIAN_POINT('Origin',(31.5,0.,4.11091282268328));
#13377=CARTESIAN_POINT('Origin',(29.1022052741055,-12.0545281195003,11.8890874157353));
#13378=CARTESIAN_POINT('',(29.1022052741055,-12.0545281195003,11.8890874157353));
#13379=CARTESIAN_POINT('Origin',(30.3678383851692,-8.36925276307537,8.00000011920929));
#13380=CARTESIAN_POINT('Origin',(22.2738636073762,-22.2738636073762,11.8890874157353));
#13381=CARTESIAN_POINT('',(22.2738636073762,-22.2738636073762,11.8890874157353));
#13382=CARTESIAN_POINT('Origin',(24.8534499569637,-19.3534499569637,8.00000011920929));
#13383=CARTESIAN_POINT('Origin',(15.5553490698954,-27.3912598343651,8.00000011920929));
#13384=CARTESIAN_POINT('',(3.59304815341004,1.48828927540204,8.00000011920929));
#13385=CARTESIAN_POINT('Origin',(12.0545281195003,-29.1022052741055,4.11091282268328));
#13386=CARTESIAN_POINT('Origin',(3.88908729652601,-31.2589987043731,8.00000011920929));
#13387=CARTESIAN_POINT('',(3.88908729652601,0.,8.00000011920929));
#13388=CARTESIAN_POINT('Origin',(1.92881870865708E-15,-31.5,4.11091282268328));
#13389=CARTESIAN_POINT('Origin',(0.,0.,0.));
#13390=CARTESIAN_POINT('',(0.,0.,0.));
#13391=CARTESIAN_POINT('Origin',(0.,0.,0.));
#13392=UNCERTAINTY_MEASURE_WITH_UNIT(LENGTH_MEASURE(0.01),#13398,
'DISTANCE_ACCURACY_VALUE',
'Maximum model space distance between geometric entities at asserted c
onnectivities');
#13393=UNCERTAINTY_MEASURE_WITH_UNIT(LENGTH_MEASURE(0.01),#13398,
'DISTANCE_ACCURACY_VALUE',
'Maximum model space distance between geometric entities at asserted c
onnectivities');
#13394=UNCERTAINTY_MEASURE_WITH_UNIT(LENGTH_MEASURE(0.01),#13398,
'DISTANCE_ACCURACY_VALUE',
'Maximum model space distance between geometric entities at asserted c
onnectivities');
#13395=(
GEOMETRIC_REPRESENTATION_CONTEXT(3)
GLOBAL_UNCERTAINTY_ASSIGNED_CONTEXT((#13392))
GLOBAL_UNIT_ASSIGNED_CONTEXT((#13398,#13400,#13401))
REPRESENTATION_CONTEXT('','3D')
);
#13396=(
GEOMETRIC_REPRESENTATION_CONTEXT(3)
GLOBAL_UNCERTAINTY_ASSIGNED_CONTEXT((#13393))
GLOBAL_UNIT_ASSIGNED_CONTEXT((#13398,#13400,#13401))
REPRESENTATION_CONTEXT('','3D')
);
#13397=(
GEOMETRIC_REPRESENTATION_CONTEXT(3)
GLOBAL_UNCERTAINTY_ASSIGNED_CONTEXT((#13394))
GLOBAL_UNIT_ASSIGNED_CONTEXT((#13398,#13400,#13401))
REPRESENTATION_CONTEXT('','3D')
);
#13398=(
LENGTH_UNIT()
NAMED_UNIT(*)
SI_UNIT(.MILLI.,.METRE.)
);
#13399=(
LENGTH_UNIT()
NAMED_UNIT(*)
SI_UNIT($,.METRE.)
);
#13400=(
NAMED_UNIT(*)
PLANE_ANGLE_UNIT()
SI_UNIT($,.RADIAN.)
);
#13401=(
NAMED_UNIT(*)
SI_UNIT($,.STERADIAN.)
SOLID_ANGLE_UNIT()
);
#13402=SHAPE_DEFINITION_REPRESENTATION(#13404,#13407);
#13403=SHAPE_DEFINITION_REPRESENTATION(#13405,#13408);
#13404=PRODUCT_DEFINITION_SHAPE('',$,#13410);
#13405=PRODUCT_DEFINITION_SHAPE('',$,#13411);
#13406=PRODUCT_DEFINITION_SHAPE($,$,#17);
#13407=SHAPE_REPRESENTATION('',(#7398,#7837),#13395);
#13408=SHAPE_REPRESENTATION('',(#7399),#13396);
#13409=PRODUCT_DEFINITION_CONTEXT('part definition',#13417,'design');
#13410=PRODUCT_DEFINITION('track-flex','track-flex v6',#13412,#13409);
#13411=PRODUCT_DEFINITION('track flex ts','track flex ts',#13413,#13409);
#13412=PRODUCT_DEFINITION_FORMATION('',$,#13419);
#13413=PRODUCT_DEFINITION_FORMATION('',$,#13420);
#13414=PRODUCT_RELATED_PRODUCT_CATEGORY('track-flex v6','track-flex v6',
(#13419));
#13415=PRODUCT_RELATED_PRODUCT_CATEGORY('track flex ts','track flex ts',
(#13420));
#13416=APPLICATION_PROTOCOL_DEFINITION('international standard',
'automotive_design',2009,#13417);
#13417=APPLICATION_CONTEXT(
'Core Data for Automotive Mechanical Design Process');
#13418=PRODUCT_CONTEXT('part definition',#13417,'mechanical');
#13419=PRODUCT('track-flex','track-flex v6',$,(#13418));
#13420=PRODUCT('track flex ts','track flex ts',$,(#13418));
#13421=PRESENTATION_STYLE_ASSIGNMENT((#13425));
#13422=PRESENTATION_STYLE_ASSIGNMENT((#13426));
#13423=PRESENTATION_STYLE_ASSIGNMENT((#13427));
#13424=PRESENTATION_STYLE_ASSIGNMENT((NULL_STYLE(.NULL.)));
#13425=SURFACE_STYLE_USAGE(.BOTH.,#13428);
#13426=SURFACE_STYLE_USAGE(.BOTH.,#13429);
#13427=SURFACE_STYLE_USAGE(.BOTH.,#13430);
#13428=SURFACE_SIDE_STYLE('',(#13431));
#13429=SURFACE_SIDE_STYLE('',(#13432));
#13430=SURFACE_SIDE_STYLE('',(#13433));
#13431=SURFACE_STYLE_FILL_AREA(#13434);
#13432=SURFACE_STYLE_FILL_AREA(#13435);
#13433=SURFACE_STYLE_FILL_AREA(#13436);
#13434=FILL_AREA_STYLE('ABS (White)',(#13437));
#13435=FILL_AREA_STYLE('Plastic - Matte (Black)',(#13438));
#13436=FILL_AREA_STYLE('Rubber - Hard',(#13439));
#13437=FILL_AREA_STYLE_COLOUR('ABS (White)',#13440);
#13438=FILL_AREA_STYLE_COLOUR('Plastic - Matte (Black)',#13441);
#13439=FILL_AREA_STYLE_COLOUR('Rubber - Hard',#13442);
#13440=COLOUR_RGB('ABS (White)',0.964705882352941,0.964705882352941,0.952941176470588);
#13441=COLOUR_RGB('Plastic - Matte (Black)',0.0980392156862745,0.0980392156862745,
0.0980392156862745);
#13442=COLOUR_RGB('Rubber - Hard',0.152941176470588,0.152941176470588,0.152941176470588);
ENDSEC;
END-ISO-10303-21;
